idUd;anno;dd_numero;importo_oggetto;classe;ha_tabella_hdr
2571531;2023;DD 732/2023;;senza_impegno;0
2570634;2023;DD 618/2023;;senza_impegno;0
2571449;2023;DD 728/2023;178000.0;impegno_perso;0
2571455;2023;DD 727/2023;;senza_impegno;0
2571464;2023;DD 725/2023;53800.0;impegno_perso;0
2571033;2023;DD 714/2023;10500.0;senza_impegno;0
2571332;2023;DD 713/2023;29434.53;senza_impegno;0
2568603;2023;DD 712/2023;13813.68;senza_impegno;0
2571350;2023;DD 710/2023;29434.53;senza_impegno;0
2571141;2023;DD 703/2023;19488.0;senza_impegno;0
2571143;2023;DD 696/2023;;senza_impegno;0
2571282;2023;DD 694/2023;;senza_impegno;0
2570107;2023;DD 692/2023;29434.53;senza_impegno;0
2567461;2023;DD 688/2023;1295016.8;impegno_perso;1
2570760;2023;DD 687/2023;;senza_impegno;0
2566299;2023;DD 686/2023;;senza_impegno;0
2569168;2023;DD 684/2023;27107.22;impegno_perso;0
2570804;2023;DD 683/2023;18000.0;senza_impegno;0
2571153;2023;DD 681/2023;4700.0;impegno_perso;0
2565824;2023;DD 666/2023;6151.02;impegno_perso;0
2570925;2023;DD 655/2023;19488.0;senza_impegno;0
2570756;2023;DD 656/2023;61800.0;senza_impegno;0
2567352;2023;DD 650/2023;;impegno_perso;0
2570670;2023;DD 644/2023;;senza_impegno;0
2569180;2023;DD 639/2023;36751.16;senza_impegno;0
2567563;2023;DD 628/2023;16008726.67;impegno_perso;1
2570664;2023;DD 620/2023;;impegno_perso;0
2570379;2023;DD 608/2023;15750.0;senza_impegno;0
2568686;2023;DD 605/2023;20241.02;impegno_perso;0
2570239;2023;DD 599/2023;;senza_impegno;0
2570202;2023;DD 586/2023;140000.0;senza_impegno;0
2569826;2023;DD 577/2023;30000.0;senza_impegno;0
2568691;2023;DD 572/2023;3288748.94;impegno_perso;0
2569924;2023;DD 567/2023;300.3;impegno_perso;0
2566976;2023;DD 286/2023;303.71;senza_impegno;0
2569958;2023;DD 553/2023;2500.0;senza_impegno;0
2567783;2023;DD 545/2023;84764.04;impegno_perso;0
2567151;2023;DD 541/2023;46299.0;impegno_perso;0
2569942;2023;DD 540/2023;13888.0;impegno_perso;0
2569871;2023;DD 539/2023;;senza_impegno;0
2569492;2023;DD 538/2023;249400.0;senza_impegno;0
2569966;2023;DD 530/2023;10500.0;senza_impegno;0
2569892;2023;DD 527/2023;15000.0;senza_impegno;0
2566586;2023;DD 525/2023;181783.83;impegno_perso;0
2569705;2023;DD 488/2023;10850.0;senza_impegno;0
2569551;2023;DD 487/2023;;senza_impegno;0
2569375;2023;DD 479/2023;;senza_impegno;0
2568414;2023;DD 478/2023;;senza_impegno;0
2569198;2023;DD 475/2023;;senza_impegno;0
2569222;2023;DD 474/2023;64700.0;senza_impegno;0
2569525;2023;DD 472/2023;6144946.12;impegno_perso;0
2567870;2023;DD 470/2023;19491.79;impegno_perso;1
2565298;2023;DD 469/2023;41392.39;senza_impegno;0
2564651;2023;DD 468/2023;;impegno_perso;0
2566001;2023;DD 466/2023;;senza_impegno;0
2568927;2023;DD 465/2023;;senza_impegno;0
2566289;2023;DD 461/2023;394283.58;impegno_perso;0
2565558;2023;DD 456/2023;19751.28;senza_impegno;0
2566664;2023;DD 455/2023;19270.82;senza_impegno;0
2566308;2023;DD 453/2023;434407.36;impegno_perso;0
2568595;2023;DD 442/2023;830.83;senza_impegno;0
2568610;2023;DD 440/2023;586.95;senza_impegno;0
2569024;2023;DD 413/2023;;senza_impegno;0
2568926;2023;DD 410/2023;;senza_impegno;0
2567372;2023;DD 392/2023;420.9;impegno_perso;0
2565917;2023;DD 391/2023;;senza_impegno;0
2566506;2023;DD 387/2023;88572.0;impegno_perso;0
2567265;2023;DD 367/2023;;impegno_perso;0
2565293;2023;DD 379/2023;150000.0;impegno_perso;1
2566936;2023;DD 366/2023;;impegno_perso;0
2568126;2023;DD 334/2023;;senza_impegno;0
2566466;2023;DD 333/2023;;impegno_perso;0
2567861;2023;DD 320/2023;;senza_impegno;0
2567918;2023;DD 307/2023;1000.0;senza_impegno;0
2567948;2023;DD 301/2023;;senza_impegno;0
2567844;2023;DD 294/2023;300000.0;senza_impegno;0
2564920;2023;DD 289/2023;75000.0;impegno_perso;0
2567573;2023;DD 288/2023;15000.0;senza_impegno;0
2567302;2023;DD 259/2023;;senza_impegno;0
2567077;2023;DD 257/2023;;senza_impegno;0
2567005;2023;DD 248/2023;18000.0;senza_impegno;0
2567516;2023;DD 250/2023;3200.0;impegno_perso;0
2567538;2023;DD 249/2023;7000.0;impegno_perso;0
2567462;2023;DD 246/2023;257549.01;senza_impegno;0
2567300;2023;DD 242/2023;;impegno_perso;0
2567286;2023;DD 238/2023;;senza_impegno;0
2567100;2023;DD 236/2023;;impegno_perso;0
2567128;2023;DD 235/2023;;impegno_perso;0
2565581;2023;DD 229/2023;1858.06;impegno_perso;1
2567113;2023;DD 218/2023;;impegno_perso;0
2565097;2023;DD 207/2023;20000.0;senza_impegno;0
2565080;2023;DD 206/2023;30500.0;senza_impegno;0
2565511;2023;DD 192/2023;;impegno_perso;0
2566797;2023;DD 187/2023;;senza_impegno;0
2566826;2023;DD 185/2023;;senza_impegno;0
2565489;2023;DD 184/2023;10000.0;senza_impegno;0
2566825;2023;DD 183/2023;;senza_impegno;0
2565217;2023;DD 68/2023;;senza_impegno;0
2566486;2023;DD 156/2023;;senza_impegno;0
2566389;2023;DD 151/2023;10000.0;senza_impegno;0
2566342;2023;DD 150/2023;7600.0;senza_impegno;0
2566408;2023;DD 134/2023;;senza_impegno;0
2565354;2023;DD 123/2023;405700.0;senza_impegno;0
2564716;2023;DD 125/2023;;impegno_perso;1
2565970;2023;DD 113/2023;190000.0;senza_impegno;0
2566037;2023;DD 111/2023;;impegno_perso;0
2564584;2023;DD 81/2023;39000.0;senza_impegno;0
2565588;2023;DD 78/2023;50000.0;senza_impegno;0
2565188;2023;DD 72/2023;14640.0;impegno_perso;0
2565543;2023;DD 65/2023;5000.0;senza_impegno;0
2565541;2023;DD 64/2023;20500.0;senza_impegno;0
2564954;2023;DD 35/2023;;senza_impegno;0
2564886;2023;DD 31/2023;;impegno_perso;0
2564789;2023;DD 25/2023;15000.0;senza_impegno;0
2564666;2023;DD 16/2023;;senza_impegno;0
2564619;2023;DD 15/2023;;senza_impegno;0
2577230;2023;DD 1578/2023;29700.0;impegno_perso;1
2577938;2023;DD 1577/2023;94550.0;impegno_perso;0
2579844;2023;DD 1576/2023;;senza_impegno;0
2579843;2023;DD 1575/2023;;senza_impegno;0
2579620;2023;DD 1569/2023;;senza_impegno;0
2578872;2023;DD 1562/2023;16251500.0;impegno_perso;1
2579494;2023;DD 1560/2023;;senza_impegno;0
2577421;2023;DD 1559/2023;17573.51;impegno_perso;1
2577190;2023;DD 1557/2023;;senza_impegno;0
2579552;2023;DD 1551/2023;5000.0;senza_impegno;0
2578630;2023;DD 1550/2023;;senza_impegno;0
2575276;2023;DD 1547/2023;31160.98;impegno_perso;1
2578105;2023;DD 1544/2023;;impegno_perso;0
2578517;2023;DD 1534/2023;1100000.0;impegno_perso;0
2577585;2023;DD 1525/2023;600.0;impegno_perso;1
2579206;2023;DD 1515/2023;;senza_impegno;0
2576449;2023;DD 1514/2023;;impegno_perso;0
2577996;2023;DD 1512/2023;;senza_impegno;0
2578162;2023;DD 1509/2023;3413.0;impegno_perso;0
2579116;2023;DD 1493/2023;175804.0;impegno_perso;0
2578092;2023;DD 1490/2023;2260.66;senza_impegno;0
2579021;2023;DD 1480/2023;;impegno_perso;0
2576222;2023;DD 1474/2023;;senza_impegno;0
2575144;2023;DD 1473/2023;637263.33;impegno_perso;0
2565454;2023;DD 1471/2023;2786466.95;senza_impegno;0
2578518;2023;DD 1470/2023;2400.0;senza_impegno;0
2578776;2023;DD 1465/2023;40000.0;senza_impegno;0
2578736;2023;DD 1454/2023;30000.0;senza_impegno;0
2578686;2023;DD 1445/2023;;impegno_perso;0
2578556;2023;DD 1437/2023;;impegno_perso;0
2578116;2023;DD 1432/2023;;senza_impegno;0
2578552;2023;DD 1431/2023;60000.0;impegno_perso;0
2578446;2023;DD 1428/2023;;senza_impegno;0
2575001;2023;DD 1426/2023;9668.06;impegno_perso;1
2578425;2023;DD 1422/2023;;impegno_perso;0
2574864;2023;DD 1411/2023;262244.0;impegno_perso;1
2578099;2023;DD 1406/2023;;senza_impegno;0
2578203;2023;DD 1401/2023;;senza_impegno;0
2578262;2023;DD 1400/2023;10000.0;senza_impegno;0
2578237;2023;DD 1391/2023;;impegno_perso;0
2577763;2023;DD 1387/2023;;senza_impegno;0
2575129;2023;DD 1386/2023;300.52;senza_impegno;0
2578027;2023;DD 1385/2023;;impegno_perso;0
2578038;2023;DD 1384/2023;;impegno_perso;0
2578100;2023;DD 1383/2023;20000.0;senza_impegno;0
2577992;2023;DD 1382/2023;;senza_impegno;0
2578053;2023;DD 1380/2023;;senza_impegno;0
2577875;2023;DD 1378/2023;;senza_impegno;0
2577379;2023;DD 1374/2023;1080.0;senza_impegno;0
2571341;2023;DD 1172/2023;11889.72;impegno_perso;1
2577786;2023;DD 1357/2023;;senza_impegno;0
2577789;2023;DD 1355/2023;;senza_impegno;0
2577629;2023;DD 1354/2023;8000.0;senza_impegno;0
2576932;2023;DD 1351/2023;18000.0;senza_impegno;0
2576854;2023;DD 1346/2023;46000.0;senza_impegno;0
2576842;2023;DD 1345/2023;46000.0;senza_impegno;0
2577494;2023;DD 1343/2023;;senza_impegno;0
2577172;2023;DD 1300/2023;40000.0;impegno_perso;0
2574543;2023;DD 1322/2023;851873.54;impegno_perso;0
2576843;2023;DD 1326/2023;105551.57;impegno_perso;0
2575316;2023;DD 1315/2023;4880.0;impegno_perso;1
2574005;2023;DD 1297/2023;33516.62;senza_impegno;0
2577035;2023;DD 1302/2023;100836.6;senza_impegno;0
2575350;2023;DD 1301/2023;463.58;impegno_perso;0
2577075;2023;DD 1298/2023;2000.0;senza_impegno;0
2577306;2023;DD 1285/2023;;senza_impegno;0
2574179;2023;DD 1281/2023;784.46;impegno_perso;1
2575485;2023;DD 1276/2023;7100.0;senza_impegno;0
2576960;2023;DD 1268/2023;;senza_impegno;0
2577026;2023;DD 1267/2023;;senza_impegno;0
2573764;2023;DD 1266/2023;;impegno_perso;0
2577098;2023;DD 1265/2023;;senza_impegno;0
2577090;2023;DD 1261/2023;;senza_impegno;0
2576973;2023;DD 1260/2023;;senza_impegno;0
2576943;2023;DD 1253/2023;12000.0;impegno_perso;0
2573715;2023;DD 1237/2023;;impegno_perso;0
2574431;2023;DD 1236/2023;;senza_impegno;0
2576774;2023;DD 1235/2023;;senza_impegno;0
2576919;2023;DD 1232/2023;;senza_impegno;0
2576888;2023;DD 1231/2023;;senza_impegno;0
2575166;2023;DD 1230/2023;;impegno_perso;0
2574511;2023;DD 1217/2023;;impegno_perso;0
2576113;2023;DD 1211/2023;;senza_impegno;0
2576422;2023;DD 1205/2023;;impegno_perso;0
2573377;2023;DD 1203/2023;;impegno_perso;0
2573983;2023;DD 1202/2023;12000.0;impegno_perso;1
2575440;2023;DD 1201/2023;46000.0;senza_impegno;0
2571857;2023;DD 1199/2023;114082.2;senza_impegno;0
2572892;2023;DD 1194/2023;9298.8;impegno_perso;0
2575176;2023;DD 1192/2023;;impegno_perso;0
2575353;2023;DD 1185/2023;;impegno_perso;0
2575363;2023;DD 1184/2023;;senza_impegno;0
2575365;2023;DD 1183/2023;;impegno_perso;0
2575370;2023;DD 1182/2023;;impegno_perso;0
2576237;2023;DD 1181/2023;289000.0;impegno_perso;0
2576138;2023;DD 1170/2023;154559.41;senza_impegno;0
2575468;2023;DD 1169/2023;;impegno_perso;0
2575414;2023;DD 1168/2023;;senza_impegno;0
2572001;2023;DD 1166/2023;40000.0;senza_impegno;0
2573577;2023;DD 1161/2023;303.0;impegno_perso;1
2575427;2023;DD 1157/2023;;senza_impegno;0
2575525;2023;DD 1153/2023;;senza_impegno;0
2573258;2023;DD 1133/2023;;impegno_perso;0
2570261;2023;DD 1130/2023;5496.26;impegno_perso;0
2573866;2023;DD 1131/2023;;impegno_perso;0
2575180;2023;DD 1129/2023;13500.0;senza_impegno;0
2571910;2023;DD 1120/2023;250000.0;senza_impegno;0
2571379;2023;DD 1117/2023;;senza_impegno;0
2571192;2023;DD 1115/2023;132.08;impegno_perso;1
2575120;2023;DD 1110/2023;20000.0;impegno_perso;0
2575070;2023;DD 1102/2023;1976.4;senza_impegno;0
2574922;2023;DD 1101/2023;;senza_impegno;0
2574890;2023;DD 1100/2023;;senza_impegno;0
2571782;2023;DD 1091/2023;;senza_impegno;0
2570698;2023;DD 1083/2023;15012.5;impegno_perso;1
2574758;2023;DD 1082/2023;;senza_impegno;0
2574596;2023;DD 1074/2023;2500.0;senza_impegno;0
2574637;2023;DD 1072/2023;;senza_impegno;0
2569469;2023;DD 1069/2023;;impegno_perso;0
2574610;2023;DD 1068/2023;25000.0;senza_impegno;0
2568978;2023;DD 1067/2023;;senza_impegno;0
2570281;2023;DD 1062/2023;153649.2;impegno_perso;0
2571866;2023;DD 1054/2023;75.0;impegno_perso;1
2573269;2023;DD 1048/2023;45000.0;impegno_perso;1
2574217;2023;DD 1041/2023;7500.0;senza_impegno;0
2574468;2023;DD 1040/2023;5200.0;senza_impegno;0
2571852;2023;DD 1039/2023;154327.8;senza_impegno;0
2574471;2023;DD 1038/2023;7000.0;senza_impegno;0
2573855;2023;DD 1032/2023;;impegno_perso;0
2573923;2023;DD 1023/2023;;impegno_perso;0
2574010;2023;DD 1022/2023;;impegno_perso;0
2574116;2023;DD 1018/2023;18000.0;senza_impegno;0
2574153;2023;DD 1016/2023;20000.0;impegno_perso;0
2574079;2023;DD 1015/2023;;senza_impegno;0
2573990;2023;DD 1013/2023;347000.0;senza_impegno;0
2573976;2023;DD 1008/2023;;impegno_perso;0
2573878;2023;DD 997/2023;;senza_impegno;0
2570819;2023;DD 970/2023;;impegno_perso;0
2573847;2023;DD 969/2023;124936.0;senza_impegno;0
2572833;2023;DD 966/2023;;impegno_perso;1
2572986;2023;DD 965/2023;15998166.67;impegno_perso;1
2573718;2023;DD 959/2023;;senza_impegno;0
2573659;2023;DD 958/2023;;senza_impegno;0
2571669;2023;DD 954/2023;;senza_impegno;0
2573369;2023;DD 950/2023;;impegno_perso;0
2571647;2023;DD 943/2023;;senza_impegno;0
2571387;2023;DD 942/2023;;impegno_perso;0
2573548;2023;DD 936/2023;712.43;impegno_perso;0
2571822;2023;DD 919/2023;;impegno_perso;0
2573046;2023;DD 899/2023;;senza_impegno;0
2572530;2023;DD 898/2023;;senza_impegno;0
1783668;2023;DD 890/2023;24844.93;senza_impegno;0
2573001;2023;DD 888/2023;29434.53;senza_impegno;0
2572979;2023;DD 886/2023;;senza_impegno;0
2568855;2023;DD 884/2023;;senza_impegno;0
2570225;2023;DD 882/2023;;impegno_perso;1
2572967;2023;DD 880/2023;;senza_impegno;0
2572900;2023;DD 875/2023;;senza_impegno;0
2571847;2023;DD 867/2023;67000.0;senza_impegno;0
2571846;2023;DD 866/2023;;senza_impegno;0
2572513;2023;DD 859/2023;;senza_impegno;0
2572514;2023;DD 855/2023;20000.0;senza_impegno;0
2571871;2023;DD 842/2023;14000.0;senza_impegno;0
2569435;2023;DD 818/2023;2745.0;impegno_perso;1
2570167;2023;DD 817/2023;19730.41;impegno_perso;0
2572150;2023;DD 807/2023;;impegno_perso;0
2571766;2023;DD 790/2023;;senza_impegno;0
2571697;2023;DD 782/2023;10000.0;impegno_perso;0
2571685;2023;DD 762/2023;21700.0;senza_impegno;0
2570791;2023;DD 761/2023;;impegno_perso;0
2585876;2023;DD 2525/2023;2526720.0;impegno_perso;1
2588055;2023;DD 2521/2023;;senza_impegno;0
2588080;2023;DD 2520/2023;;senza_impegno;0
2587954;2023;DD 2515/2023;;senza_impegno;0
2585624;2023;DD 2513/2023;221560.7;impegno_perso;0
2587479;2023;DD 2507/2023;;senza_impegno;0
2584862;2023;DD 2492/2023;;senza_impegno;0
2584620;2023;DD 2491/2023;;senza_impegno;0
2584605;2023;DD 2489/2023;;senza_impegno;0
2587687;2023;DD 2486/2023;;senza_impegno;0
2587797;2023;DD 2484/2023;;senza_impegno;0
2578609;2023;DD 2482/2023;;impegno_perso;1
2587609;2023;DD 2481/2023;40000.0;impegno_perso;0
2585423;2023;DD 2466/2023;;impegno_perso;0
2583006;2023;DD 2446/2023;297.0;senza_impegno;0
2587584;2023;DD 2445/2023;;senza_impegno;0
2587426;2023;DD 2443/2023;;impegno_perso;0
2583633;2023;DD 2428/2023;11172.28;impegno_perso;1
2587175;2023;DD 2420/2023;;senza_impegno;0
2587376;2023;DD 2419/2023;;senza_impegno;0
2587399;2023;DD 2415/2023;;impegno_perso;0
2585969;2023;DD 2393/2023;;impegno_perso;0
2586675;2023;DD 2370/2023;;impegno_perso;0
2570000;2023;DD 2347/2023;;senza_impegno;0
2586578;2023;DD 2336/2023;7500.0;senza_impegno;0
2586781;2023;DD 2335/2023;149000.0;senza_impegno;0
2584292;2023;DD 2334/2023;262244.0;impegno_perso;1
2585392;2023;DD 2333/2023;;senza_impegno;0
2584613;2023;DD 2314/2023;;impegno_perso;0
2586563;2023;DD 2302/2023;35000.0;impegno_perso;0
2582375;2023;DD 2291/2023;455287.35;impegno_perso;0
2582453;2023;DD 2287/2023;33364.0;impegno_perso;1
2586370;2023;DD 2286/2023;;impegno_perso;0
2586402;2023;DD 2285/2023;;senza_impegno;0
2586367;2023;DD 2284/2023;;senza_impegno;0
2586137;2023;DD 2278/2023;;senza_impegno;0
2585156;2023;DD 2277/2023;200000.0;impegno_perso;0
2585459;2023;DD 2273/2023;;senza_impegno;0
2586223;2023;DD 2257/2023;1000.0;senza_impegno;0
2586108;2023;DD 2258/2023;46000.0;senza_impegno;0
2585141;2023;DD 2254/2023;2983.4;senza_impegno;0
2585607;2023;DD 2224/2023;;impegno_perso;0
2585768;2023;DD 2214/2023;300.0;senza_impegno;0
2585764;2023;DD 2213/2023;320.0;senza_impegno;0
2585537;2023;DD 2212/2023;;senza_impegno;0
2585269;2023;DD 2211/2023;;senza_impegno;0
2585031;2023;DD 2206/2023;;impegno_perso;0
2584756;2023;DD 2193/2023;300.0;impegno_perso;1
2585312;2023;DD 2187/2023;;senza_impegno;0
2585282;2023;DD 2178/2023;12000.0;senza_impegno;0
2585345;2023;DD 2177/2023;3000.0;senza_impegno;0
2585308;2023;DD 2172/2023;351.5;senza_impegno;0
2585516;2023;DD 2171/2023;87255.37;senza_impegno;0
2584976;2023;DD 2160/2023;4500.0;impegno_perso;0
2584791;2023;DD 2151/2023;250.0;impegno_perso;1
2580719;2023;DD 2146/2023;2250.0;impegno_perso;1
2585158;2023;DD 2140/2023;;senza_impegno;0
2585139;2023;DD 2139/2023;;senza_impegno;0
2585090;2023;DD 2130/2023;;senza_impegno;0
2583200;2023;DD 2125/2023;;impegno_perso;0
2582124;2023;DD 2123/2023;26000.0;impegno_perso;1
2585017;2023;DD 2122/2023;;senza_impegno;0
2577870;2023;DD 2118/2023;;impegno_perso;0
2584139;2023;DD 2113/2023;15000.0;senza_impegno;0
2583952;2023;DD 2111/2023;10000.0;senza_impegno;0
2584836;2023;DD 2101/2023;;senza_impegno;0
2584739;2023;DD 2099/2023;;senza_impegno;0
2583694;2023;DD 2098/2023;;senza_impegno;0
2583846;2023;DD 2090/2023;54900.0;impegno_perso;1
2578153;2023;DD 2087/2023;29280.0;impegno_perso;1
2583668;2023;DD 2072/2023;551.57;impegno_perso;1
2578599;2023;DD 2071/2023;;senza_impegno;0
2583841;2023;DD 2069/2023;;impegno_perso;0
2584216;2023;DD 2068/2023;31783000.0;impegno_perso;0
2584384;2023;DD 2065/2023;18000.0;impegno_perso;0
2582288;2023;DD 2048/2023;572.05;impegno_perso;1
2583965;2023;DD 2046/2023;60000.0;senza_impegno;0
2581392;2023;DD 2039/2023;2427.8;impegno_perso;1
2583428;2023;DD 2038/2023;825.03;impegno_perso;0
2584276;2023;DD 2035/2023;2700.0;senza_impegno;0
2581626;2023;DD 2026/2023;21297.17;impegno_perso;1
2578051;2023;DD 2022/2023;1200.0;impegno_perso;1
2584043;2023;DD 2016/2023;;senza_impegno;0
2582306;2023;DD 1856/2023;33000.0;senza_impegno;0
2582671;2023;DD 1988/2023;;senza_impegno;0
2583649;2023;DD 1986/2023;;senza_impegno;0
2583531;2023;DD 1982/2023;33000.0;senza_impegno;0
2583562;2023;DD 1981/2023;;senza_impegno;0
2583885;2023;DD 1977/2023;3500.0;senza_impegno;0
2583880;2023;DD 1976/2023;1500.0;senza_impegno;0
2582987;2023;DD 1971/2023;;senza_impegno;0
2581019;2023;DD 1967/2023;;senza_impegno;0
2581855;2023;DD 1966/2023;500.0;impegno_perso;1
2583240;2023;DD 1963/2023;;senza_impegno;0
2580172;2023;DD 1962/2023;59780.0;impegno_perso;0
2580359;2023;DD 1949/2023;59780.0;impegno_perso;1
2580235;2023;DD 1768/2023;230637.0;impegno_perso;1
2582290;2023;DD 1934/2023;8754.72;senza_impegno;0
2582233;2023;DD 1933/2023;402558.3;impegno_perso;0
2582178;2023;DD 1932/2023;18000.0;senza_impegno;0
2581305;2023;DD 1929/2023;130.0;impegno_perso;1
2579892;2023;DD 1923/2023;;impegno_perso;0
2583217;2023;DD 1921/2023;;impegno_perso;0
2583227;2023;DD 1916/2023;;senza_impegno;0
2580027;2023;DD 1912/2023;12731.21;impegno_perso;1
2583374;2023;DD 1911/2023;15000.0;senza_impegno;0
2581959;2023;DD 1908/2023;;senza_impegno;0
2582660;2023;DD 1907/2023;;senza_impegno;0
2583101;2023;DD 1895/2023;;senza_impegno;0
2583212;2023;DD 1894/2023;1500.0;senza_impegno;0
2580819;2023;DD 1893/2023;10980.0;impegno_perso;1
2580664;2023;DD 1886/2023;46927.74;impegno_perso;0
2581507;2023;DD 1885/2023;;senza_impegno;0
2577794;2023;DD 1881/2023;30400.0;impegno_perso;1
2582444;2023;DD 1878/2023;3000.0;senza_impegno;0
2583021;2023;DD 1872/2023;;senza_impegno;0
2582479;2023;DD 1863/2023;;impegno_perso;0
2580348;2023;DD 1845/2023;59780.0;impegno_perso;1
2581819;2023;DD 1842/2023;;senza_impegno;0
2582084;2023;DD 1837/2023;10000.0;senza_impegno;0
2581417;2023;DD 1828/2023;2500.0;senza_impegno;0
2581427;2023;DD 1827/2023;1300.0;senza_impegno;0
2579787;2023;DD 1826/2023;59780.0;impegno_perso;1
2581765;2023;DD 1825/2023;40000.0;senza_impegno;0
2581351;2023;DD 1823/2023;15000.0;senza_impegno;0
2581738;2023;DD 1814/2023;;senza_impegno;0
2581596;2023;DD 1807/2023;8000.0;senza_impegno;0
2581965;2023;DD 1804/2023;;senza_impegno;0
2579155;2023;DD 1802/2023;30000.0;senza_impegno;0
2581826;2023;DD 1790/2023;;impegno_perso;0
2581349;2023;DD 1783/2023;194000.0;senza_impegno;0
2581338;2023;DD 1776/2023;60000.0;senza_impegno;0
2578789;2023;DD 1758/2023;;impegno_perso;0
2580565;2023;DD 1756/2023;400000.0;senza_impegno;0
2572281;2023;DD 1753/2023;28694.4;impegno_perso;1
2580588;2023;DD 1752/2023;;senza_impegno;0
2580242;2023;DD 1750/2023;130637.0;impegno_perso;0
2580606;2023;DD 1746/2023;209131.0;impegno_perso;1
2578531;2023;DD 1743/2023;;senza_impegno;0
2580774;2023;DD 1726/2023;10000.0;senza_impegno;0
2580832;2023;DD 1725/2023;;senza_impegno;0
2580956;2023;DD 1724/2023;185.11;senza_impegno;0
2580965;2023;DD 1723/2023;185.17;senza_impegno;0
2581045;2023;DD 1722/2023;10000.0;senza_impegno;0
2577723;2023;DD 1719/2023;;impegno_perso;1
2579645;2023;DD 1700/2023;125812.0;impegno_perso;1
2580559;2023;DD 1696/2023;113937.0;impegno_perso;1
2580472;2023;DD 1670/2023;;senza_impegno;0
2580258;2023;DD 1668/2023;234177.0;impegno_perso;0
2577204;2023;DD 1662/2023;551000.0;impegno_perso;1
2577099;2023;DD 1661/2023;1264000.0;impegno_perso;1
2579390;2023;DD 1655/2023;;senza_impegno;0
2580124;2023;DD 1644/2023;;senza_impegno;0
2580356;2023;DD 1642/2023;;senza_impegno;0
2580365;2023;DD 1641/2023;;senza_impegno;0
2579881;2023;DD 1628/2023;;impegno_perso;0
2580048;2023;DD 1627/2023;15000.0;senza_impegno;0
2580101;2023;DD 1625/2023;15000.0;senza_impegno;0
2579582;2023;DD 1624/2023;;impegno_perso;0
2580012;2023;DD 1599/2023;;senza_impegno;0
2562597;2023;DD 1598/2023;;senza_impegno;0
2580106;2023;DD 1588/2023;;senza_impegno;0
2580013;2023;DD 1587/2023;;impegno_perso;0
2588824;2023;DD 2865/2023;4286.82;impegno_perso;1
2587932;2023;DD 3104/2023;316117.39;impegno_perso;0
2589413;2023;DD 3103/2023;5405.44;impegno_perso;1
2591721;2023;DD 3102/2023;;impegno_perso;0
2590689;2023;DD 3090/2023;3422.1;impegno_perso;1
2589643;2023;DD 3077/2023;40992.0;impegno_perso;1
2589696;2023;DD 3075/2023;;senza_impegno;0
2588086;2023;DD 3073/2023;;impegno_perso;0
2591681;2023;DD 3071/2023;;senza_impegno;0
2590193;2023;DD 3070/2023;35213.51;impegno_perso;1
2591672;2023;DD 3067/2023;;senza_impegno;0
2589106;2023;DD 3065/2023;1500.0;impegno_perso;0
2591504;2023;DD 3056/2023;97429.98;impegno_perso;0
2591625;2023;DD 3053/2023;;senza_impegno;0
2591204;2023;DD 3052/2023;;senza_impegno;0
2591233;2023;DD 3049/2023;16000.0;impegno_perso;0
2591291;2023;DD 3030/2023;;senza_impegno;0
2591422;2023;DD 3028/2023;;senza_impegno;0
2590505;2023;DD 3019/2023;51948.04;impegno_perso;1
2591196;2023;DD 3018/2023;;senza_impegno;0
2590115;2023;DD 3008/2023;8800.0;impegno_perso;1
2591309;2023;DD 3006/2023;;impegno_perso;0
2588782;2023;DD 2996/2023;30000.0;senza_impegno;0
2591057;2023;DD 2992/2023;;impegno_perso;0
2591166;2023;DD 2985/2023;;senza_impegno;0
2591022;2023;DD 2975/2023;;senza_impegno;0
2591061;2023;DD 2974/2023;;senza_impegno;0
2590722;2023;DD 2968/2023;;impegno_perso;0
2590361;2023;DD 2967/2023;;senza_impegno;0
2590967;2023;DD 2965/2023;;senza_impegno;0
2590716;2023;DD 2938/2023;2500.0;senza_impegno;0
2590725;2023;DD 2937/2023;11500.0;senza_impegno;0
2587234;2023;DD 2935/2023;6088.0;impegno_perso;1
2590721;2023;DD 2930/2023;;senza_impegno;0
2586053;2023;DD 2925/2023;475.4;impegno_perso;1
2587768;2023;DD 2924/2023;;impegno_perso;0
2590108;2023;DD 2906/2023;12053.6;impegno_perso;0
2590082;2023;DD 2905/2023;;senza_impegno;0
2590242;2023;DD 2898/2023;;senza_impegno;0
2590619;2023;DD 2890/2023;;senza_impegno;0
2590493;2023;DD 2885/2023;2500.0;senza_impegno;0
2588657;2023;DD 2883/2023;;senza_impegno;0
2588666;2023;DD 2881/2023;;impegno_perso;0
2589565;2023;DD 2880/2023;;senza_impegno;0
2589601;2023;DD 2879/2023;;impegno_perso;0
2589683;2023;DD 2877/2023;;impegno_perso;0
2590163;2023;DD 2876/2023;17000.0;impegno_perso;0
2589316;2023;DD 2864/2023;;senza_impegno;0
2588794;2023;DD 2862/2023;17000.0;impegno_perso;0
2588658;2023;DD 2854/2023;;impegno_perso;1
2590239;2023;DD 2843/2023;;senza_impegno;0
2590215;2023;DD 2830/2023;;senza_impegno;0
2588722;2023;DD 2826/2023;13497.4;impegno_perso;1
2588845;2023;DD 2812/2023;48556.0;impegno_perso;1
2589747;2023;DD 2810/2023;;senza_impegno;0
2589402;2023;DD 2798/2023;;senza_impegno;0
2589539;2023;DD 2787/2023;19000.0;senza_impegno;0
2589633;2023;DD 2786/2023;19000.0;senza_impegno;0
2589641;2023;DD 2785/2023;19000.0;senza_impegno;0
2589970;2023;DD 2784/2023;;impegno_perso;0
2588859;2023;DD 2783/2023;;senza_impegno;0
2586102;2023;DD 2782/2023;;impegno_perso;0
2584899;2023;DD 2773/2023;100000.0;impegno_perso;1
2587321;2023;DD 2765/2023;;impegno_perso;0
2587392;2023;DD 2752/2023;312.0;impegno_perso;1
2588743;2023;DD 2749/2023;;impegno_perso;0
2584679;2023;DD 2746/2023;3184.5;impegno_perso;0
2588911;2023;DD 2745/2023;;senza_impegno;0
2589508;2023;DD 2744/2023;;senza_impegno;0
2588686;2023;DD 2743/2023;;senza_impegno;0
2589133;2023;DD 2738/2023;;senza_impegno;0
2586360;2023;DD 2732/2023;335256.65;impegno_perso;1
2589171;2023;DD 2731/2023;7900.0;senza_impegno;0
2589360;2023;DD 2730/2023;34217.6;senza_impegno;0
2589243;2023;DD 2729/2023;7500.0;senza_impegno;0
2589249;2023;DD 2713/2023;;impegno_perso;0
2588866;2023;DD 2712/2023;10000.0;senza_impegno;0
2588519;2023;DD 2710/2023;;senza_impegno;0
2588795;2023;DD 2709/2023;640000.0;senza_impegno;0
2586538;2023;DD 2702/2023;;senza_impegno;0
2589174;2023;DD 2707/2023;;senza_impegno;0
2589119;2023;DD 2692/2023;;impegno_perso;0
2589042;2023;DD 2682/2023;;senza_impegno;0
2589118;2023;DD 2687/2023;;senza_impegno;0
2588821;2023;DD 2679/2023;;impegno_perso;0
2588211;2023;DD 2661/2023;;senza_impegno;0
2588793;2023;DD 2651/2023;;impegno_perso;0
2588613;2023;DD 2640/2023;;impegno_perso;0
2586127;2023;DD 2637/2023;373669.3;impegno_perso;0
2585985;2023;DD 2634/2023;1102113.0;impegno_perso;1
2588583;2023;DD 2626/2023;10000.0;senza_impegno;0
2585816;2023;DD 2624/2023;1333231.44;impegno_perso;0
2585544;2023;DD 2618/2023;;impegno_perso;1
2585484;2023;DD 2612/2023;121.0;impegno_perso;0
2588152;2023;DD 2594/2023;;senza_impegno;0
2586582;2023;DD 2585/2023;;impegno_perso;0
2587549;2023;DD 2583/2023;;impegno_perso;1
2588241;2023;DD 2567/2023;;senza_impegno;0
2588156;2023;DD 2562/2023;;senza_impegno;0
2587811;2023;DD 2561/2023;;impegno_perso;0
2585008;2023;DD 2560/2023;187000.0;impegno_perso;0
2588228;2023;DD 2552/2023;;senza_impegno;0
2586793;2023;DD 2545/2023;;impegno_perso;0
2587786;2023;DD 2536/2023;201.55;senza_impegno;0
2588185;2023;DD 2535/2023;7500.0;senza_impegno;0
2587862;2023;DD 2532/2023;25000.0;senza_impegno;0
2593743;2023;DD 3692/2023;3753.12;impegno_perso;1
2593697;2023;DD 3690/2023;;impegno_perso;1
2593899;2023;DD 3687/2023;6000.0;impegno_perso;0
2592278;2023;DD 3686/2023;845465.09;impegno_perso;0
2594862;2023;DD 3682/2023;3933.28;impegno_perso;1
2594497;2023;DD 3678/2023;22000.0;impegno_perso;1
2593923;2023;DD 3671/2023;3114.66;impegno_perso;1
2593695;2023;DD 3670/2023;;senza_impegno;0
2594779;2023;DD 3666/2023;50000.0;senza_impegno;0
2594249;2023;DD 3665/2023;60146.0;impegno_perso;0
2594472;2023;DD 3663/2023;9087.25;impegno_perso;1
2594009;2023;DD 3662/2023;439.2;impegno_perso;1
2595138;2023;DD 3658/2023;;senza_impegno;0
2594162;2023;DD 3651/2023;31783000.0;impegno_perso;0
2592845;2023;DD 3629/2023;;impegno_perso;0
2591766;2023;DD 3623/2023;150368.27;impegno_perso;1
2594359;2023;DD 3616/2023;;impegno_perso;0
2594899;2023;DD 3614/2023;;senza_impegno;0
2594714;2023;DD 3613/2023;4796.0;impegno_perso;0
2591342;2023;DD 3612/2023;51668.44;impegno_perso;0
2594887;2023;DD 3608/2023;5000.0;senza_impegno;0
2593860;2023;DD 3607/2023;7000.0;impegno_perso;0
2594757;2023;DD 3600/2023;;senza_impegno;0
2594476;2023;DD 3584/2023;46950.6;impegno_perso;0
2588852;2023;DD 3578/2023;2000000.0;impegno_perso;0
2593945;2023;DD 3577/2023;;senza_impegno;0
2593620;2023;DD 3575/2023;1417.61;impegno_perso;1
2593533;2023;DD 3569/2023;;senza_impegno;0
2587893;2023;DD 3566/2023;18910.0;impegno_perso;0
2593461;2023;DD 3565/2023;30000.0;senza_impegno;0
2594021;2023;DD 3563/2023;;senza_impegno;0
2592181;2023;DD 3562/2023;;impegno_perso;0
2594228;2023;DD 3544/2023;;impegno_perso;0
2594262;2023;DD 3528/2023;1680.0;impegno_perso;1
2591824;2023;DD 3522/2023;3964314.35;impegno_perso;1
2591772;2023;DD 3452/2023;3985563.9;impegno_perso;1
2594185;2023;DD 3504/2023;4482.7;impegno_perso;1
2594411;2023;DD 3500/2023;;senza_impegno;0
2594413;2023;DD 3498/2023;;senza_impegno;0
2592301;2023;DD 3493/2023;20000.0;impegno_perso;0
2594274;2023;DD 3491/2023;46000.0;senza_impegno;0
2594285;2023;DD 3488/2023;;senza_impegno;0
2593940;2023;DD 3487/2023;5978.0;impegno_perso;1
2593311;2023;DD 3468/2023;;impegno_perso;0
2589289;2023;DD 3459/2023;3133105.14;impegno_perso;0
2592848;2023;DD 3465/2023;13696.94;impegno_perso;1
2591543;2023;DD 3463/2023;793.0;impegno_perso;0
2594190;2023;DD 3460/2023;42261.25;senza_impegno;0
2591574;2023;DD 3449/2023;350000.0;impegno_perso;1
2593323;2023;DD 3450/2023;;senza_impegno;0
2591000;2023;DD 3437/2023;200000.0;impegno_perso;1
2593961;2023;DD 3431/2023;5809.0;impegno_perso;0
2594068;2023;DD 3429/2023;;senza_impegno;0
2588819;2023;DD 3427/2023;519.0;impegno_perso;1
2593742;2023;DD 3423/2023;1200.0;impegno_perso;0
2593905;2023;DD 3415/2023;1000.0;senza_impegno;0
2592097;2023;DD 3412/2023;4792.65;impegno_perso;0
2589568;2023;DD 3408/2023;1866.6;impegno_perso;1
2591947;2023;DD 3402/2023;;impegno_perso;0
2591400;2023;DD 3378/2023;7875.0;senza_impegno;1
2592710;2023;DD 3377/2023;43273.38;senza_impegno;0
2593480;2023;DD 3369/2023;7320.0;impegno_perso;1
2592100;2023;DD 3362/2023;50628.4;senza_impegno;0
2592427;2023;DD 3355/2023;;senza_impegno;0
2592212;2023;DD 3352/2023;5978.0;impegno_perso;0
2592602;2023;DD 3349/2023;67623.11;impegno_perso;1
2592858;2023;DD 3334/2023;;impegno_perso;0
2593293;2023;DD 3330/2023;2440.0;impegno_perso;1
2593095;2023;DD 3326/2023;250000.0;senza_impegno;0
2591663;2023;DD 3324/2023;;senza_impegno;0
2586734;2023;DD 3322/2023;;senza_impegno;0
2589186;2023;DD 3316/2023;132711.6;impegno_perso;1
2593384;2023;DD 3304/2023;40000.0;impegno_perso;0
2592251;2023;DD 3303/2023;;impegno_perso;0
2593155;2023;DD 3302/2023;42456.0;impegno_perso;1
2593182;2023;DD 3301/2023;20130.0;impegno_perso;1
2593322;2023;DD 3300/2023;;senza_impegno;0
2593297;2023;DD 3292/2023;;senza_impegno;0
2590583;2023;DD 3291/2023;3030.36;impegno_perso;0
2592801;2023;DD 3258/2023;550.22;impegno_perso;1
2592405;2023;DD 3274/2023;249081.45;impegno_perso;1
2592946;2023;DD 3271/2023;3300.0;senza_impegno;0
2592837;2023;DD 3269/2023;;impegno_perso;0
2591839;2023;DD 3268/2023;;senza_impegno;0
2592454;2023;DD 3264/2023;2995.07;senza_impegno;0
2592147;2023;DD 3251/2023;;senza_impegno;0
2592256;2023;DD 3243/2023;8000.0;senza_impegno;0
2591816;2023;DD 3237/2023;;impegno_perso;0
2591587;2023;DD 3236/2023;;impegno_perso;0
2592706;2023;DD 3235/2023;;senza_impegno;0
2592552;2023;DD 3210/2023;;senza_impegno;0
2592606;2023;DD 3206/2023;23700.0;senza_impegno;0
2592582;2023;DD 3204/2023;11750.0;senza_impegno;0
2592646;2023;DD 3197/2023;;senza_impegno;0
2591962;2023;DD 3199/2023;2000.0;senza_impegno;0
2591161;2023;DD 3195/2023;422.41;impegno_perso;1
2592011;2023;DD 3184/2023;;senza_impegno;0
2592202;2023;DD 3183/2023;;senza_impegno;0
2592279;2023;DD 3175/2023;19400.0;senza_impegno;0
2592284;2023;DD 3173/2023;19400.0;senza_impegno;0
2592290;2023;DD 3172/2023;19400.0;senza_impegno;0
2592295;2023;DD 3170/2023;19400.0;senza_impegno;0
2590810;2023;DD 3161/2023;9125.38;impegno_perso;1
2590067;2023;DD 3153/2023;16702.11;impegno_perso;0
2591538;2023;DD 3129/2023;4393.69;senza_impegno;0
2590470;2023;DD 3123/2023;7000.0;impegno_perso;0
2600261;2023;DD 4528/2023;15936.24;impegno_perso;1
2602275;2023;DD 4527/2023;21550.0;senza_impegno;0
2599170;2023;DD 4521/2023;69264.76;impegno_perso;0
2599836;2023;DD 4520/2023;41507.55;impegno_perso;1
2598392;2023;DD 4508/2023;1840.0;impegno_perso;1
2600318;2023;DD 4500/2023;;impegno_perso;0
2600199;2023;DD 4492/2023;4000.0;impegno_perso;0
2599793;2023;DD 4491/2023;;impegno_perso;1
2600100;2023;DD 4483/2023;80000.0;impegno_perso;1
2598040;2023;DD 4475/2023;;impegno_perso;0
2598079;2023;DD 4470/2023;;senza_impegno;0
2601951;2023;DD 4464/2023;3000.0;senza_impegno;0
2601929;2023;DD 4460/2023;67500.0;senza_impegno;0
2601956;2023;DD 4459/2023;;senza_impegno;0
2601890;2023;DD 4458/2023;;senza_impegno;0
2601910;2023;DD 4451/2023;23900.0;senza_impegno;0
2601613;2023;DD 4433/2023;9000.0;senza_impegno;0
2601639;2023;DD 4432/2023;75000.0;senza_impegno;0
2599473;2023;DD 4431/2023;3970967.7;impegno_perso;0
2599477;2023;DD 4428/2023;4191775.6;impegno_perso;0
2601437;2023;DD 4426/2023;;impegno_perso;0
2601615;2023;DD 4421/2023;70000.0;senza_impegno;0
2591098;2023;DD 4413/2023;292.5;impegno_perso;1
2601325;2023;DD 4405/2023;3500.0;senza_impegno;0
2599601;2023;DD 4404/2023;30000.0;impegno_perso;1
2601358;2023;DD 4394/2023;23975.35;senza_impegno;0
2601372;2023;DD 4392/2023;4230.0;senza_impegno;0
2601285;2023;DD 4383/2023;;senza_impegno;0
2600642;2023;DD 4375/2023;;senza_impegno;0
2600552;2023;DD 4368/2023;;senza_impegno;0
2601121;2023;DD 4367/2023;6000.0;senza_impegno;0
2600986;2023;DD 4361/2023;;senza_impegno;0
2600920;2023;DD 4360/2023;;senza_impegno;0
2601075;2023;DD 4357/2023;;senza_impegno;0
2600535;2023;DD 4352/2023;;impegno_perso;1
2601003;2023;DD 4350/2023;;senza_impegno;0
2600541;2023;DD 4337/2023;1600.0;senza_impegno;0
2600544;2023;DD 4336/2023;1600.0;senza_impegno;0
2600987;2023;DD 4333/2023;7000.0;senza_impegno;0
2600155;2023;DD 4332/2023;6000.0;senza_impegno;0
2600812;2023;DD 4331/2023;;senza_impegno;0
2600276;2023;DD 4329/2023;21000.0;impegno_perso;0
2600862;2023;DD 4328/2023;;senza_impegno;0
2600283;2023;DD 4327/2023;3000.0;impegno_perso;0
2600289;2023;DD 4326/2023;6000.0;impegno_perso;0
2600414;2023;DD 4325/2023;;senza_impegno;0
2600530;2023;DD 4323/2023;50000.0;impegno_perso;0
2600491;2023;DD 4320/2023;80000.0;impegno_perso;0
2600478;2023;DD 4321/2023;;senza_impegno;0
2600497;2023;DD 4319/2023;;senza_impegno;0
2600456;2023;DD 4312/2023;;senza_impegno;0
2600459;2023;DD 4311/2023;;senza_impegno;0
2600596;2023;DD 4299/2023;;senza_impegno;0
2599379;2023;DD 4296/2023;18500.0;senza_impegno;0
2600648;2023;DD 4294/2023;2500.0;senza_impegno;0
2596879;2023;DD 4291/2023;;senza_impegno;0
2596135;2023;DD 4290/2023;;senza_impegno;0
2596132;2023;DD 4289/2023;;senza_impegno;0
2600545;2023;DD 4277/2023;1500.0;senza_impegno;0
2600054;2023;DD 4276/2023;15891500.0;impegno_perso;0
2600562;2023;DD 4268/2023;30000.0;senza_impegno;0
2598168;2023;DD 4263/2023;728039.55;impegno_perso;1
2598604;2023;DD 4241/2023;;impegno_perso;0
2600314;2023;DD 4235/2023;23500.0;senza_impegno;0
2600308;2023;DD 4234/2023;45000.0;senza_impegno;0
2598104;2023;DD 4226/2023;87176.32;impegno_perso;1
2598638;2023;DD 4203/2023;;senza_impegno;0
2575041;2023;DD 4194/2023;927137.0;impegno_perso;1
2600020;2023;DD 4195/2023;3500.0;senza_impegno;0
2599341;2023;DD 4192/2023;149523.63;senza_impegno;0
2593713;2023;DD 4187/2023;290000.0;impegno_perso;0
2599906;2023;DD 4182/2023;;senza_impegno;0
2596904;2023;DD 4180/2023;58959.45;impegno_perso;0
2599697;2023;DD 4174/2023;;impegno_perso;0
2599738;2023;DD 4169/2023;517980.91;senza_impegno;0
2599808;2023;DD 4168/2023;;senza_impegno;0
2599685;2023;DD 4167/2023;;senza_impegno;0
2599741;2023;DD 4162/2023;140013.78;senza_impegno;0
2593203;2023;DD 4156/2023;252000.0;impegno_perso;0
2599659;2023;DD 4147/2023;;senza_impegno;0
2598070;2023;DD 4146/2023;;senza_impegno;0
2599575;2023;DD 4145/2023;20000.0;senza_impegno;0
2599178;2023;DD 4132/2023;3147407.99;impegno_perso;0
2597796;2023;DD 4122/2023;;senza_impegno;0
2599209;2023;DD 4110/2023;;senza_impegno;0
2599213;2023;DD 4109/2023;;senza_impegno;0
2599308;2023;DD 4106/2023;6000.0;senza_impegno;0
2597367;2023;DD 4103/2023;;senza_impegno;0
2598804;2023;DD 4101/2023;18500.0;senza_impegno;0
2598572;2023;DD 4097/2023;;impegno_perso;0
2598175;2023;DD 4096/2023;;impegno_perso;0
2597809;2023;DD 4095/2023;;impegno_perso;0
2599088;2023;DD 4086/2023;;senza_impegno;0
2599113;2023;DD 4084/2023;;senza_impegno;0
2598840;2023;DD 4082/2023;;senza_impegno;0
2598007;2023;DD 4081/2023;;impegno_perso;0
2598293;2023;DD 4075/2023;;senza_impegno;0
2598817;2023;DD 4074/2023;;senza_impegno;0
2598933;2023;DD 4073/2023;80000.0;impegno_perso;0
2598861;2023;DD 4070/2023;2993965.54;senza_impegno;0
2598818;2023;DD 4069/2023;;senza_impegno;0
2598888;2023;DD 4068/2023;;senza_impegno;0
2598548;2023;DD 4061/2023;;senza_impegno;0
2598437;2023;DD 4060/2023;;senza_impegno;0
2596874;2023;DD 4056/2023;1437.02;senza_impegno;1
2596172;2023;DD 4048/2023;166875.72;impegno_perso;0
2598508;2023;DD 4044/2023;1200.0;senza_impegno;0
2596864;2023;DD 3992/2023;;senza_impegno;0
2598268;2023;DD 4035/2023;;senza_impegno;0
2592231;2023;DD 4030/2023;;impegno_perso;0
2598332;2023;DD 4029/2023;29434.53;senza_impegno;0
2596830;2023;DD 4022/2023;;impegno_perso;0
2597811;2023;DD 4014/2023;;senza_impegno;0
2598096;2023;DD 4008/2023;;senza_impegno;0
2594255;2023;DD 4007/2023;39835.0;impegno_perso;1
2597862;2023;DD 4004/2023;5000.0;senza_impegno;0
2597031;2023;DD 4003/2023;17500.0;senza_impegno;0
2598001;2023;DD 3991/2023;10500.0;senza_impegno;0
2596133;2023;DD 3986/2023;60000.0;impegno_perso;0
2597942;2023;DD 3985/2023;40000.0;impegno_perso;0
2597907;2023;DD 3984/2023;40000.0;impegno_perso;0
2597551;2023;DD 3980/2023;;senza_impegno;0
2595243;2023;DD 3974/2023;4876.0;impegno_perso;1
2595526;2023;DD 3970/2023;24156.0;impegno_perso;0
2597431;2023;DD 3971/2023;1600.0;impegno_perso;1
2594448;2023;DD 3968/2023;;impegno_perso;0
2589580;2023;DD 3960/2023;484.97;impegno_perso;0
2596962;2023;DD 3959/2023;950.0;impegno_perso;0
2596223;2023;DD 3957/2023;3653.9;impegno_perso;1
2597671;2023;DD 3947/2023;;senza_impegno;0
2597540;2023;DD 3946/2023;;senza_impegno;0
2597573;2023;DD 3939/2023;;impegno_perso;0
2594584;2023;DD 3937/2023;13159.39;impegno_perso;1
2597498;2023;DD 3936/2023;290000.0;senza_impegno;0
2596682;2023;DD 3935/2023;59950.07;impegno_perso;0
2597529;2023;DD 3931/2023;;senza_impegno;0
2597595;2023;DD 3928/2023;;senza_impegno;0
2595992;2023;DD 3922/2023;8382.17;impegno_perso;1
2597090;2023;DD 3920/2023;12500.0;impegno_perso;0
2597112;2023;DD 3910/2023;12500.0;impegno_perso;0
2596307;2023;DD 3909/2023;900.0;impegno_perso;0
2597303;2023;DD 3907/2023;;senza_impegno;0
2595672;2023;DD 3905/2023;;impegno_perso;0
2596964;2023;DD 3900/2023;2000.0;senza_impegno;0
2596221;2023;DD 3898/2023;;senza_impegno;0
2596968;2023;DD 3899/2023;2200.0;senza_impegno;0
2595963;2023;DD 3896/2023;;senza_impegno;0
2595173;2023;DD 3885/2023;;impegno_perso;0
2596896;2023;DD 3884/2023;15000.0;senza_impegno;0
2596858;2023;DD 3882/2023;;senza_impegno;0
2596927;2023;DD 3881/2023;;senza_impegno;0
2596816;2023;DD 3875/2023;;senza_impegno;0
2596321;2023;DD 3874/2023;990.0;impegno_perso;1
2596128;2023;DD 3871/2023;;senza_impegno;0
2596087;2023;DD 3868/2023;;impegno_perso;0
2593746;2023;DD 3864/2023;;impegno_perso;0
2593768;2023;DD 3863/2023;;impegno_perso;0
2593821;2023;DD 3855/2023;23114.49;impegno_perso;1
2593911;2023;DD 3853/2023;106838.44;impegno_perso;0
2595835;2023;DD 3845/2023;;senza_impegno;0
2596238;2023;DD 3844/2023;;senza_impegno;0
2595428;2023;DD 3843/2023;;impegno_perso;0
2596293;2023;DD 3819/2023;;senza_impegno;0
2595991;2023;DD 3814/2023;;senza_impegno;0
2595624;2023;DD 3777/2023;;senza_impegno;0
2583696;2023;DD 3805/2023;534009.6;impegno_perso;0
2595463;2023;DD 3802/2023;;senza_impegno;0
2595715;2023;DD 3789/2023;10250.0;impegno_perso;0
2595719;2023;DD 3786/2023;;senza_impegno;0
2595754;2023;DD 3781/2023;10000.0;senza_impegno;0
2594845;2023;DD 3763/2023;15000.0;senza_impegno;0
2595677;2023;DD 3760/2023;15390.0;impegno_perso;0
2595613;2023;DD 3756/2023;;senza_impegno;0
2595417;2023;DD 3728/2023;;senza_impegno;0
2595391;2023;DD 3718/2023;;senza_impegno;0
2590709;2023;DD 3704/2023;900.68;impegno_perso;1
2594979;2023;DD 3700/2023;;senza_impegno;0
2606121;2023;DD 5449/2023;259891.66;senza_impegno;0
2608158;2023;DD 5447/2023;;impegno_perso;0
2606851;2023;DD 5425/2023;1498.16;impegno_perso;1
2608098;2023;DD 5423/2023;3500.0;senza_impegno;0
2605779;2023;DD 5418/2023;433962.26;impegno_perso;0
2607355;2023;DD 5414/2023;;senza_impegno;0
2606581;2023;DD 5404/2023;3403.8;impegno_perso;1
2606461;2023;DD 5388/2023;50000.0;impegno_perso;1
2607751;2023;DD 5383/2023;18500.0;senza_impegno;0
2605647;2023;DD 5382/2023;2899982.46;impegno_perso;0
2605165;2023;DD 5381/2023;5657691.73;impegno_perso;0
2599354;2023;DD 5346/2023;91400.0;impegno_perso;1
2607597;2023;DD 5339/2023;18500.0;senza_impegno;0
2607505;2023;DD 5334/2023;;senza_impegno;0
2599595;2023;DD 5331/2023;;impegno_perso;0
2605292;2023;DD 5323/2023;230969.2;impegno_perso;1
2607403;2023;DD 5316/2023;;senza_impegno;0
2606966;2023;DD 5304/2023;16000.0;senza_impegno;0
2606875;2023;DD 5303/2023;10000.0;senza_impegno;0
2606873;2023;DD 5302/2023;15000.0;senza_impegno;0
2606829;2023;DD 5300/2023;40000.0;senza_impegno;0
2606871;2023;DD 5301/2023;19000.0;senza_impegno;0
2601685;2023;DD 5281/2023;41370.0;impegno_perso;1
2601378;2023;DD 5276/2023;40000.0;impegno_perso;1
2606550;2023;DD 5259/2023;;impegno_perso;0
2606148;2023;DD 5253/2023;61437.31;impegno_perso;0
2605226;2023;DD 5252/2023;91823.78;impegno_perso;1
2606856;2023;DD 5238/2023;121000.0;senza_impegno;0
2607038;2023;DD 5234/2023;130000.0;senza_impegno;0
2604913;2023;DD 5230/2023;2091053.05;impegno_perso;0
2606689;2023;DD 5213/2023;1000.0;senza_impegno;0
2606388;2023;DD 5210/2023;148982.27;senza_impegno;0
2606818;2023;DD 5201/2023;29000.0;senza_impegno;0
2599168;2023;DD 5197/2023;;impegno_perso;1
2606460;2023;DD 5195/2023;32000.0;senza_impegno;0
2601879;2023;DD 5174/2023;36516.47;impegno_perso;1
2605593;2023;DD 5170/2023;365912.4;senza_impegno;0
2604928;2023;DD 5171/2023;;senza_impegno;0
2606663;2023;DD 5166/2023;8608.45;senza_impegno;0
2604743;2023;DD 5164/2023;;senza_impegno;0
2606241;2023;DD 5163/2023;;senza_impegno;0
2606674;2023;DD 5162/2023;;senza_impegno;0
2602615;2023;DD 5159/2023;;impegno_perso;0
2604193;2023;DD 5158/2023;12444.0;senza_impegno;0
2606633;2023;DD 5152/2023;;senza_impegno;0
2606490;2023;DD 5148/2023;;senza_impegno;0
2606644;2023;DD 5149/2023;;senza_impegno;0
2605243;2023;DD 5136/2023;;impegno_perso;0
2606531;2023;DD 5132/2023;;senza_impegno;0
2605907;2023;DD 5129/2023;450.0;impegno_perso;0
2606302;2023;DD 5112/2023;;impegno_perso;0
2606191;2023;DD 5088/2023;;senza_impegno;0
2604604;2023;DD 5076/2023;;impegno_perso;1
2604985;2023;DD 5067/2023;139568.0;impegno_perso;0
2605093;2023;DD 5066/2023;21450.0;impegno_perso;1
2606070;2023;DD 5064/2023;214000.0;senza_impegno;0
2603938;2023;DD 5050/2023;;senza_impegno;0
2605930;2023;DD 5051/2023;;impegno_perso;0
2603806;2023;DD 5048/2023;87176.32;impegno_perso;0
2604239;2023;DD 5047/2023;;senza_impegno;0
2606060;2023;DD 5046/2023;29434.53;senza_impegno;0
2605108;2023;DD 5032/2023;1420.08;impegno_perso;0
2605151;2023;DD 5031/2023;;impegno_perso;1
2604185;2023;DD 5018/2023;14307161.77;impegno_perso;0
2605813;2023;DD 5016/2023;50000.0;senza_impegno;0
2605868;2023;DD 5015/2023;56570.0;senza_impegno;0
2604290;2023;DD 5003/2023;;senza_impegno;0
2605753;2023;DD 5000/2023;;senza_impegno;0
2605631;2023;DD 4999/2023;;senza_impegno;0
2603733;2023;DD 4987/2023;50000.0;impegno_perso;1
2605648;2023;DD 4997/2023;3500.0;senza_impegno;0
2605708;2023;DD 4995/2023;19000.0;senza_impegno;0
2605582;2023;DD 4977/2023;;senza_impegno;0
2605630;2023;DD 4971/2023;;senza_impegno;0
2605390;2023;DD 4968/2023;;impegno_perso;0
2605439;2023;DD 4967/2023;;impegno_perso;0
2605259;2023;DD 4947/2023;;impegno_perso;0
2605254;2023;DD 4946/2023;55000.0;senza_impegno;0
2605329;2023;DD 4945/2023;;senza_impegno;0
2596921;2023;DD 4941/2023;;impegno_perso;1
2603945;2023;DD 4937/2023;;impegno_perso;0
2604619;2023;DD 4932/2023;298.0;impegno_perso;1
2600901;2023;DD 4928/2023;42569.0;impegno_perso;1
2599385;2023;DD 4925/2023;8800.0;senza_impegno;1
2604447;2023;DD 4923/2023;67310.33;impegno_perso;1
2603840;2023;DD 4907/2023;;senza_impegno;0
2603845;2023;DD 4906/2023;;senza_impegno;0
2603957;2023;DD 4905/2023;;senza_impegno;0
2603819;2023;DD 4902/2023;1227.2;impegno_perso;1
2602877;2023;DD 4900/2023;9628.12;impegno_perso;0
2603805;2023;DD 4894/2023;;impegno_perso;0
2604596;2023;DD 4870/2023;;impegno_perso;0
2602793;2023;DD 4892/2023;154190.2;senza_impegno;0
2604817;2023;DD 4890/2023;238429.27;senza_impegno;0
2604258;2023;DD 4882/2023;70000.0;impegno_perso;0
2604111;2023;DD 4868/2023;21628.88;impegno_perso;0
2603352;2023;DD 4864/2023;107535.61;senza_impegno;0
2604649;2023;DD 4850/2023;148000.0;senza_impegno;0
2601068;2023;DD 4855/2023;15000.0;impegno_perso;1
2603972;2023;DD 4846/2023;;senza_impegno;0
2604477;2023;DD 4841/2023;;senza_impegno;0
2604457;2023;DD 4840/2023;;senza_impegno;0
2604442;2023;DD 4834/2023;10000.0;senza_impegno;0
2604357;2023;DD 4823/2023;;senza_impegno;0
2604055;2023;DD 4817/2023;49823.59;senza_impegno;0
2604241;2023;DD 4816/2023;3000.0;senza_impegno;0
2603294;2023;DD 4813/2023;219636.82;impegno_perso;0
2600961;2023;DD 4796/2023;;impegno_perso;0
2603617;2023;DD 4792/2023;;senza_impegno;0
2602637;2023;DD 4789/2023;10248.0;impegno_perso;0
2603951;2023;DD 4774/2023;3180.0;senza_impegno;0
2602444;2023;DD 4772/2023;16473.77;senza_impegno;0
2603797;2023;DD 4771/2023;5800.0;impegno_perso;0
2601470;2023;DD 4770/2023;851442.33;impegno_perso;0
2603573;2023;DD 4763/2023;33990.0;senza_impegno;0
2603506;2023;DD 4749/2023;728039.55;impegno_perso;0
2602908;2023;DD 4741/2023;21342.5;impegno_perso;1
2603437;2023;DD 4712/2023;3800.0;senza_impegno;0
2602841;2023;DD 4703/2023;4400.8;impegno_perso;0
2601073;2023;DD 4701/2023;887.0;impegno_perso;1
2603346;2023;DD 4695/2023;;senza_impegno;0
2602393;2023;DD 4680/2023;11531.28;impegno_perso;1
2602555;2023;DD 4676/2023;25197.31;impegno_perso;1
2602199;2023;DD 4664/2023;9700.0;senza_impegno;0
2602219;2023;DD 4662/2023;55000.0;senza_impegno;0
2602387;2023;DD 4660/2023;339.82;impegno_perso;0
2602734;2023;DD 4659/2023;;senza_impegno;0
2603212;2023;DD 4658/2023;249.6;senza_impegno;0
2598465;2023;DD 4651/2023;98800.0;impegno_perso;0
2601517;2023;DD 4647/2023;;impegno_perso;0
2601624;2023;DD 4646/2023;164654.02;senza_impegno;0
2601566;2023;DD 4643/2023;22594.99;impegno_perso;0
2602440;2023;DD 4642/2023;11208.57;impegno_perso;1
2601720;2023;DD 4636/2023;;impegno_perso;1
2599660;2023;DD 4635/2023;;senza_impegno;0
2600776;2023;DD 4632/2023;22082.0;impegno_perso;0
2603068;2023;DD 4631/2023;;senza_impegno;0
2602977;2023;DD 4622/2023;;senza_impegno;0
2600203;2023;DD 4619/2023;5670.0;impegno_perso;1
2602962;2023;DD 4618/2023;3150.0;senza_impegno;0
2600184;2023;DD 4610/2023;20272.16;impegno_perso;1
2599142;2023;DD 4606/2023;70144.27;impegno_perso;0
2601571;2023;DD 4603/2023;688841.57;impegno_perso;0
2601980;2023;DD 4602/2023;20726.35;impegno_perso;0
2601226;2023;DD 4593/2023;10000.0;senza_impegno;0
2602815;2023;DD 4588/2023;;senza_impegno;0
2602648;2023;DD 4586/2023;;impegno_perso;0
2601723;2023;DD 4579/2023;4632.46;impegno_perso;1
2602452;2023;DD 4578/2023;;senza_impegno;0
2602507;2023;DD 4577/2023;;senza_impegno;0
2602620;2023;DD 4576/2023;;impegno_perso;0
2602160;2023;DD 4573/2023;;senza_impegno;0
2601877;2023;DD 4571/2023;140300.0;impegno_perso;1
2601721;2023;DD 4568/2023;489688.94;impegno_perso;1
2602432;2023;DD 4555/2023;20000.0;senza_impegno;0
2602370;2023;DD 4542/2023;29434.53;senza_impegno;0
2600244;2023;DD 4534/2023;;senza_impegno;1
2601015;2023;DD 4533/2023;;impegno_perso;0
2602340;2023;DD 4535/2023;;senza_impegno;0
2609499;2023;DD 6031/2023;9882.0;impegno_perso;0
2612293;2023;DD 6039/2023;;senza_impegno;0
2612296;2023;DD 6038/2023;;senza_impegno;0
2611116;2023;DD 6037/2023;;impegno_perso;0
2605756;2023;DD 6029/2023;12827.63;impegno_perso;1
2611007;2023;DD 6008/2023;2854.8;impegno_perso;0
2609474;2023;DD 6009/2023;;impegno_perso;0
2612073;2023;DD 6004/2023;96500.0;senza_impegno;0
2611497;2023;DD 5998/2023;2600000.0;senza_impegno;0
2609220;2023;DD 5997/2023;3575.36;impegno_perso;0
2611857;2023;DD 5996/2023;;impegno_perso;0
2609854;2023;DD 5992/2023;2359.0;impegno_perso;1
2610392;2023;DD 5990/2023;624.64;impegno_perso;1
2609173;2023;DD 5977/2023;43989.61;impegno_perso;1
2609727;2023;DD 5972/2023;;impegno_perso;0
2610367;2023;DD 5958/2023;12200.0;impegno_perso;0
2609180;2023;DD 5941/2023;12807.67;impegno_perso;1
2609836;2023;DD 5927/2023;;senza_impegno;0
2611581;2023;DD 5923/2023;;impegno_perso;0
2611045;2023;DD 5914/2023;6000.0;senza_impegno;0
2607986;2023;DD 5912/2023;725.9;impegno_perso;1
2610856;2023;DD 5889/2023;17000.0;senza_impegno;0
2610968;2023;DD 5888/2023;825.08;senza_impegno;0
2607401;2023;DD 5861/2023;290000.0;impegno_perso;0
2609519;2023;DD 5844/2023;;senza_impegno;0
2610201;2023;DD 5837/2023;;impegno_perso;0
2608572;2023;DD 5659/2023;3000.0;impegno_perso;1
2609521;2023;DD 5826/2023;;impegno_perso;0
2610369;2023;DD 5824/2023;;senza_impegno;0
2609942;2023;DD 5792/2023;9650.0;impegno_perso;0
2610215;2023;DD 5789/2023;;senza_impegno;0
2608106;2023;DD 5788/2023;;senza_impegno;0
2610248;2023;DD 5786/2023;;senza_impegno;0
2609952;2023;DD 5784/2023;36600.0;impegno_perso;0
2608212;2023;DD 5778/2023;715.87;impegno_perso;1
2605816;2023;DD 5755/2023;427.0;impegno_perso;1
2607052;2023;DD 5749/2023;5263269.7;impegno_perso;0
2609602;2023;DD 5740/2023;;senza_impegno;0
2609551;2023;DD 5733/2023;30000.0;senza_impegno;0
2608560;2023;DD 5486/2023;;pdf_illeggibile;
2609732;2023;DD 5722/2023;90441.75;senza_impegno;0
2608554;2023;DD 5485/2023;;pdf_illeggibile;
2608313;2023;DD 5472/2023;;pdf_illeggibile;
2608310;2023;DD 5480/2023;;pdf_illeggibile;
2606619;2023;DD 5708/2023;22955.51;impegno_perso;0
2609186;2023;DD 5707/2023;;impegno_perso;0
2608700;2023;DD 5700/2023;153925.22;senza_impegno;0
2609569;2023;DD 5690/2023;;senza_impegno;0
2609700;2023;DD 5689/2023;84000.0;senza_impegno;0
2607333;2023;DD 5663/2023;;senza_impegno;0
2606529;2023;DD 5658/2023;1653113.0;impegno_perso;1
2606448;2023;DD 5656/2023;1440.0;impegno_perso;1
2609403;2023;DD 5650/2023;;senza_impegno;0
2609396;2023;DD 5643/2023;85000.0;senza_impegno;0
2607176;2023;DD 5639/2023;64934.5;impegno_perso;1
2607167;2023;DD 5638/2023;86000.0;impegno_perso;1
2607589;2023;DD 5634/2023;7028.76;impegno_perso;1
2608901;2023;DD 5632/2023;;senza_impegno;0
2609118;2023;DD 5617/2023;;senza_impegno;0
2607163;2023;DD 5611/2023;;impegno_perso;1
2608688;2023;DD 5600/2023;15000.0;senza_impegno;0
2607893;2023;DD 5599/2023;38716.41;impegno_perso;1
2606585;2023;DD 5592/2023;13578.6;impegno_perso;1
2609115;2023;DD 5590/2023;67000.0;senza_impegno;0
2608596;2023;DD 5588/2023;200.0;impegno_perso;1
2606954;2023;DD 5581/2023;;impegno_perso;0
2608153;2023;DD 5580/2023;;senza_impegno;0
2609020;2023;DD 5579/2023;18000.0;senza_impegno;0
2609025;2023;DD 5576/2023;;impegno_perso;0
2606555;2023;DD 5575/2023;30000.0;impegno_perso;0
2608903;2023;DD 5561/2023;76000.0;senza_impegno;0
2608986;2023;DD 5558/2023;125853.45;senza_impegno;0
2606295;2023;DD 5541/2023;70000.0;impegno_perso;0
2608849;2023;DD 5536/2023;84000.0;senza_impegno;0
2608772;2023;DD 5510/2023;;impegno_perso;0
2606746;2023;DD 5503/2023;1900.0;senza_impegno;0
2606691;2023;DD 5502/2023;47773696.39;impegno_perso;0
2607930;2023;DD 5493/2023;;impegno_perso;0
2607879;2023;DD 5489/2023;;senza_impegno;0
2601965;2023;DD 5482/2023;97098.62;impegno_perso;1
2608308;2023;DD 5478/2023;;impegno_perso;0
2608029;2023;DD 5477/2023;2400.0;senza_impegno;0
2608251;2023;DD 5476/2023;;senza_impegno;0
2607290;2023;DD 5475/2023;3000.0;impegno_perso;0
2606216;2023;DD 5474/2023;4440.43;impegno_perso;1
2608488;2023;DD 5471/2023;;senza_impegno;0
2608515;2023;DD 5470/2023;;impegno_perso;0
2607812;2023;DD 5468/2023;7500.0;senza_impegno;0
2608085;2023;DD 5462/2023;980.0;senza_impegno;0
2613390;2023;DD 6605/2023;28060.0;pdf_illeggibile;
2613611;2023;DD 6656/2023;;impegno_perso;0
2614029;2023;DD 6622/2023;51923.2;impegno_perso;1
2606322;2023;DD 6620/2023;868523.3;impegno_perso;0
2616151;2023;DD 6615/2023;27000.0;senza_impegno;0
2615738;2023;DD 6603/2023;;impegno_perso;0
2615477;2023;DD 6596/2023;;senza_impegno;0
2613413;2023;DD 6573/2023;3941.82;impegno_perso;0
2612350;2023;DD 6586/2023;190063.13;impegno_perso;1
2615798;2023;DD 6587/2023;;impegno_perso;0
2613644;2023;DD 6585/2023;23352.63;impegno_perso;1
2615904;2023;DD 6584/2023;177000.0;senza_impegno;0
2613550;2023;DD 6568/2023;2260.5;impegno_perso;0
2614776;2023;DD 6582/2023;;impegno_perso;1
2609867;2023;DD 6578/2023;;impegno_perso;0
2615586;2023;DD 6574/2023;30000.0;senza_impegno;0
2615781;2023;DD 6572/2023;;senza_impegno;0
2615336;2023;DD 6557/2023;29250.0;senza_impegno;0
2613891;2023;DD 6556/2023;12100.0;impegno_perso;0
2613243;2023;DD 6553/2023;;impegno_perso;0
2615117;2023;DD 6550/2023;;impegno_perso;0
2613217;2023;DD 6540/2023;;senza_impegno;0
2609905;2023;DD 6535/2023;2342.0;impegno_perso;1
2612050;2023;DD 6532/2023;4950.0;impegno_perso;1
2614329;2023;DD 6528/2023;46848.0;impegno_perso;0
2615158;2023;DD 6524/2023;2761.2;impegno_perso;1
2615464;2023;DD 6517/2023;;senza_impegno;0
2613912;2023;DD 6513/2023;;impegno_perso;0
2613723;2023;DD 6501/2023;4430124.12;impegno_perso;0
2615344;2023;DD 6500/2023;;senza_impegno;0
2601178;2023;DD 6480/2023;178280.4;impegno_perso;1
2613457;2023;DD 6461/2023;;impegno_perso;0
2615062;2023;DD 6464/2023;;senza_impegno;0
2615070;2023;DD 6463/2023;;senza_impegno;0
2615012;2023;DD 6460/2023;;senza_impegno;0
2615084;2023;DD 6459/2023;;senza_impegno;0
2614556;2023;DD 6458/2023;;senza_impegno;0
2615005;2023;DD 6447/2023;;senza_impegno;0
2614989;2023;DD 6445/2023;;impegno_perso;0
2611673;2023;DD 6437/2023;1560.0;impegno_perso;1
2612742;2023;DD 6433/2023;12480.6;impegno_perso;0
2614147;2023;DD 6430/2023;;senza_impegno;0
2614865;2023;DD 6427/2023;;senza_impegno;0
2612545;2023;DD 6422/2023;;senza_impegno;0
2614770;2023;DD 6419/2023;;impegno_perso;0
2614696;2023;DD 6417/2023;;senza_impegno;0
2611655;2023;DD 6414/2023;1430.0;impegno_perso;1
2609918;2023;DD 6409/2023;4392.0;impegno_perso;1
2609914;2023;DD 6407/2023;4880.0;impegno_perso;1
2614080;2023;DD 6403/2023;;impegno_perso;0
2611932;2023;DD 6397/2023;40000.0;impegno_perso;0
2612026;2023;DD 6396/2023;2742.0;impegno_perso;1
2610037;2023;DD 6395/2023;88960.65;impegno_perso;0
2614331;2023;DD 6380/2023;;senza_impegno;0
2612922;2023;DD 6375/2023;2208.2;impegno_perso;1
2611987;2023;DD 6374/2023;;impegno_perso;1
2614193;2023;DD 6367/2023;3200.0;senza_impegno;0
2611399;2023;DD 6365/2023;1250.0;impegno_perso;1
2610685;2023;DD 6352/2023;563.62;impegno_perso;1
2612658;2023;DD 6351/2023;176693.24;impegno_perso;0
2614124;2023;DD 6340/2023;;impegno_perso;0
2614063;2023;DD 6338/2023;;senza_impegno;0
2612796;2023;DD 6335/2023;28446.31;senza_impegno;0
2613693;2023;DD 6334/2023;;senza_impegno;0
2613153;2023;DD 6332/2023;;impegno_perso;0
2613370;2023;DD 6330/2023;2500.0;senza_impegno;0
2613379;2023;DD 6329/2023;609.52;senza_impegno;0
2613718;2023;DD 6328/2023;;impegno_perso;0
2612020;2023;DD 6274/2023;;senza_impegno;0
2611636;2023;DD 6270/2023;15201.2;impegno_perso;0
2612357;2023;DD 6264/2023;2115.48;impegno_perso;1
2613705;2023;DD 6261/2023;60000.0;senza_impegno;0
2611549;2023;DD 6259/2023;283.16;senza_impegno;0
2610458;2023;DD 6258/2023;8138.16;impegno_perso;0
2611332;2023;DD 6218/2023;36600.0;impegno_perso;1
2613375;2023;DD 6215/2023;;senza_impegno;0
2608469;2023;DD 6210/2023;;senza_impegno;0
2613143;2023;DD 6198/2023;167355.9;senza_impegno;0
2612016;2023;DD 6187/2023;;senza_impegno;0
2609787;2023;DD 6177/2023;23707.82;impegno_perso;0
2613095;2023;DD 6175/2023;;impegno_perso;0
2610674;2023;DD 6173/2023;;impegno_perso;0
2612517;2023;DD 6168/2023;;senza_impegno;0
2613000;2023;DD 6163/2023;;impegno_perso;0
2608737;2023;DD 6155/2023;1198.08;impegno_perso;0
2611341;2023;DD 6139/2023;174000.0;impegno_perso;1
2611324;2023;DD 6136/2023;;impegno_perso;0
2612855;2023;DD 6131/2023;;senza_impegno;0
2612837;2023;DD 6129/2023;;impegno_perso;0
2612867;2023;DD 6126/2023;;impegno_perso;0
2612354;2023;DD 6123/2023;;senza_impegno;0
2612302;2023;DD 6122/2023;;senza_impegno;0
2612556;2023;DD 6115/2023;24000.0;impegno_perso;0
2612626;2023;DD 6114/2023;;senza_impegno;0
2608792;2023;DD 6106/2023;18727.0;impegno_perso;1
2612372;2023;DD 6096/2023;;senza_impegno;0
2612403;2023;DD 6093/2023;;senza_impegno;0
2612531;2023;DD 6092/2023;;senza_impegno;0
2612524;2023;DD 6091/2023;;senza_impegno;0
2612537;2023;DD 6088/2023;;senza_impegno;0
2612512;2023;DD 6087/2023;;senza_impegno;0
2612472;2023;DD 6086/2023;;senza_impegno;0
2612467;2023;DD 6080/2023;;senza_impegno;0
2612565;2023;DD 6070/2023;;senza_impegno;0
2611167;2023;DD 6043/2023;327535.54;impegno_perso;1
2615727;2023;DD 7396/2023;2419.5;impegno_perso;1
2618252;2023;DD 7444/2023;9999.56;impegno_perso;1
2620907;2023;DD 7430/2023;;senza_impegno;0
2617058;2023;DD 7418/2023;7250.0;impegno_perso;0
2620600;2023;DD 7416/2023;;senza_impegno;0
2615679;2023;DD 7411/2023;12000.0;impegno_perso;1
2616054;2023;DD 7400/2023;105.44;impegno_perso;1
2620725;2023;DD 7389/2023;;impegno_perso;0
2620847;2023;DD 7381/2023;;senza_impegno;0
2616649;2023;DD 7377/2023;4551609.05;impegno_perso;1
2616089;2023;DD 7370/2023;954.65;impegno_perso;0
2616499;2023;DD 7318/2023;5133022.65;impegno_perso;0
2616631;2023;DD 7272/2023;1885087.91;impegno_perso;0
2617707;2023;DD 7339/2023;106558.75;impegno_perso;1
2616889;2023;DD 7337/2023;30709.41;impegno_perso;1
2620332;2023;DD 7328/2023;;senza_impegno;0
2620550;2023;DD 7324/2023;28000.0;senza_impegno;0
2609213;2023;DD 7275/2023;5640.18;impegno_perso;1
2613158;2023;DD 7296/2023;3790719.0;impegno_perso;0
2620274;2023;DD 7280/2023;5200.0;senza_impegno;0
2616002;2023;DD 7081/2023;200.0;impegno_perso;1
2619249;2023;DD 7273/2023;11500.0;senza_impegno;0
2620345;2023;DD 7266/2023;4843.62;impegno_perso;1
2616653;2023;DD 7260/2023;2838544.72;impegno_perso;0
2614624;2023;DD 7257/2023;1448.0;impegno_perso;1
2620144;2023;DD 7253/2023;;senza_impegno;0
2616762;2023;DD 7227/2023;4758.0;impegno_perso;1
2615978;2023;DD 7224/2023;;impegno_perso;1
2617652;2023;DD 7205/2023;;impegno_perso;0
2618071;2023;DD 7195/2023;64736.5;impegno_perso;1
2618669;2023;DD 7190/2023;21350.0;impegno_perso;0
2615747;2023;DD 7184/2023;30000.0;impegno_perso;1
2619798;2023;DD 7183/2023;100000.0;senza_impegno;0
2619803;2023;DD 7182/2023;100000.0;senza_impegno;0
2619745;2023;DD 7177/2023;15000.0;senza_impegno;0
2616316;2023;DD 7156/2023;9462.12;impegno_perso;1
2619492;2023;DD 7149/2023;15000.0;senza_impegno;0
2619729;2023;DD 7147/2023;;senza_impegno;0
2616569;2023;DD 7111/2023;19654.72;impegno_perso;1
2618431;2023;DD 7146/2023;45000.0;impegno_perso;0
2617420;2023;DD 7139/2023;4090.0;impegno_perso;1
2619008;2023;DD 7129/2023;;senza_impegno;0
2619512;2023;DD 7119/2023;;senza_impegno;0
2619480;2023;DD 7117/2023;7000.0;senza_impegno;0
2619516;2023;DD 7116/2023;;senza_impegno;0
2608583;2023;DD 7103/2023;1011.0;impegno_perso;1
2619398;2023;DD 7100/2023;;senza_impegno;0
2619296;2023;DD 7094/2023;21000.0;senza_impegno;0
2619309;2023;DD 7093/2023;75000.0;senza_impegno;0
2619286;2023;DD 7086/2023;1000.0;senza_impegno;0
2616669;2023;DD 7071/2023;176083.25;impegno_perso;1
2618709;2023;DD 7060/2023;35800.0;senza_impegno;0
2618921;2023;DD 7042/2023;;senza_impegno;0
2618705;2023;DD 7041/2023;;impegno_perso;1
2618612;2023;DD 7035/2023;;senza_impegno;0
2615173;2023;DD 7013/2023;21109.29;impegno_perso;0
2618428;2023;DD 6983/2023;;impegno_perso;0
2618520;2023;DD 6982/2023;;impegno_perso;0
2614898;2023;DD 6976/2023;37679.03;impegno_perso;1
2618548;2023;DD 6968/2023;;impegno_perso;0
2612699;2023;DD 6946/2023;;impegno_perso;0
2613968;2023;DD 6944/2023;70000.0;impegno_perso;0
2618184;2023;DD 6928/2023;10000.0;senza_impegno;0
2618274;2023;DD 6917/2023;;senza_impegno;0
2616322;2023;DD 6909/2023;1000.0;senza_impegno;0
2614296;2023;DD 6898/2023;10200.0;impegno_perso;0
2616015;2023;DD 6897/2023;350.0;impegno_perso;0
2618198;2023;DD 6894/2023;19400.0;senza_impegno;0
2618207;2023;DD 6893/2023;13500.0;impegno_perso;0
2618201;2023;DD 6892/2023;3500.0;senza_impegno;0
2615145;2023;DD 6890/2023;736456.79;impegno_perso;0
2614540;2023;DD 6887/2023;;impegno_perso;0
2618055;2023;DD 6885/2023;7000.0;senza_impegno;0
2616711;2023;DD 6871/2023;1000.0;senza_impegno;0
2615668;2023;DD 6870/2023;2468262.98;impegno_perso;0
2617951;2023;DD 6869/2023;;impegno_perso;0
2615306;2023;DD 6865/2023;2547251.81;impegno_perso;0
2615064;2023;DD 6847/2023;640.0;impegno_perso;1
2616695;2023;DD 6845/2023;;senza_impegno;0
2617803;2023;DD 6844/2023;18467.54;senza_impegno;0
2614568;2023;DD 6843/2023;258375.61;impegno_perso;1
2614406;2023;DD 6842/2023;405295.08;impegno_perso;1
2617823;2023;DD 6841/2023;;senza_impegno;0
2614078;2023;DD 6840/2023;449411.45;impegno_perso;1
2617575;2023;DD 6829/2023;;senza_impegno;0
2617000;2023;DD 6827/2023;;senza_impegno;0
2617339;2023;DD 6796/2023;80000.0;senza_impegno;0
2616238;2023;DD 6792/2023;;impegno_perso;1
2614720;2023;DD 6785/2023;21912.22;impegno_perso;1
2605583;2023;DD 6778/2023;;senza_impegno;0
2614284;2023;DD 6771/2023;391060.77;impegno_perso;0
2614788;2023;DD 6768/2023;408398.63;impegno_perso;0
2617222;2023;DD 6757/2023;;senza_impegno;0
2613630;2023;DD 6746/2023;296093.39;impegno_perso;1
2616082;2023;DD 6737/2023;;senza_impegno;0
2613119;2023;DD 6736/2023;;senza_impegno;0
2614641;2023;DD 6729/2023;312.0;impegno_perso;1
2616445;2023;DD 6726/2023;32000.0;senza_impegno;0
2613218;2023;DD 6711/2023;132847.05;impegno_perso;1
2616671;2023;DD 6709/2023;15000.0;senza_impegno;0
2616795;2023;DD 6710/2023;;senza_impegno;0
2616090;2023;DD 6682/2023;;impegno_perso;0
2612850;2023;DD 6681/2023;5587.6;impegno_perso;1
2604590;2023;DD 6673/2023;1000.0;impegno_perso;1
2612838;2023;DD 6672/2023;2359.0;impegno_perso;1
2616330;2023;DD 6669/2023;;impegno_perso;0
2612952;2023;DD 6666/2023;864.5;impegno_perso;1
2621835;2023;DD 8127/2023;;senza_impegno;0
2623002;2023;DD 8073/2023;1000.0;senza_impegno;0
2622943;2023;DD 8074/2023;;senza_impegno;0
2622174;2023;DD 8061/2023;6632.33;senza_impegno;0
2622182;2023;DD 8059/2023;6632.33;senza_impegno;0
2621674;2023;DD 8055/2023;5612.0;impegno_perso;1
2620198;2023;DD 8049/2023;2242.24;impegno_perso;1
2622955;2023;DD 8037/2023;5000.0;senza_impegno;0
2622562;2023;DD 8033/2023;18000.0;senza_impegno;0
2615266;2023;DD 8022/2023;6100.0;impegno_perso;1
2619128;2023;DD 8021/2023;169984.61;impegno_perso;0
2617302;2023;DD 8020/2023;427.0;impegno_perso;1
2619044;2023;DD 8019/2023;10000.0;impegno_perso;1
2615919;2023;DD 8003/2023;23404.13;impegno_perso;0
2619195;2023;DD 7996/2023;858502.59;impegno_perso;1
2619219;2023;DD 7995/2023;55021.66;impegno_perso;1
2616239;2023;DD 7994/2023;;impegno_perso;0
2617878;2023;DD 7981/2023;1488.4;impegno_perso;1
2619445;2023;DD 7980/2023;8989.0;impegno_perso;1
2621927;2023;DD 7972/2023;550.0;impegno_perso;1
2620867;2023;DD 7971/2023;690.0;impegno_perso;1
2616912;2023;DD 7970/2023;;impegno_perso;1
2619977;2023;DD 7953/2023;3250.08;impegno_perso;1
2619989;2023;DD 7937/2023;11480.0;impegno_perso;1
2616859;2023;DD 7849/2023;3660.0;impegno_perso;1
2621091;2023;DD 7882/2023;4843.62;impegno_perso;1
2618900;2023;DD 7837/2023;366.0;impegno_perso;0
2615553;2023;DD 7818/2023;144010.0;impegno_perso;1
2616450;2023;DD 7816/2023;56160.0;impegno_perso;1
2622158;2023;DD 7803/2023;40000.0;senza_impegno;0
2619294;2023;DD 7797/2023;37917.67;impegno_perso;0
2597441;2023;DD 7795/2023;;senza_impegno;0
2615821;2023;DD 7796/2023;2904.0;impegno_perso;1
2616821;2023;DD 7788/2023;20475.86;impegno_perso;1
2621484;2023;DD 7787/2023;87912.0;impegno_perso;1
2608511;2023;DD 7759/2023;176.77;impegno_perso;1
2616809;2023;DD 7755/2023;4840.0;impegno_perso;1
2616522;2023;DD 7754/2023;1464.0;impegno_perso;1
2621678;2023;DD 7734/2023;2800.0;senza_impegno;0
2622314;2023;DD 7731/2023;;senza_impegno;0
2620476;2023;DD 7730/2023;4929.6;impegno_perso;1
2622113;2023;DD 7729/2023;;impegno_perso;0
2622308;2023;DD 7728/2023;5000.0;senza_impegno;0
2622176;2023;DD 7726/2023;2000.0;senza_impegno;0
2622185;2023;DD 7725/2023;3000.0;senza_impegno;0
2622230;2023;DD 7724/2023;2000.0;senza_impegno;0
2622263;2023;DD 7716/2023;;senza_impegno;0
2622257;2023;DD 7715/2023;;senza_impegno;0
2622252;2023;DD 7714/2023;;senza_impegno;0
2622251;2023;DD 7713/2023;;senza_impegno;0
2621975;2023;DD 7680/2023;;senza_impegno;0
2616733;2023;DD 7651/2023;;impegno_perso;0
2621725;2023;DD 7620/2023;;senza_impegno;0
2621713;2023;DD 7619/2023;;senza_impegno;0
2618909;2023;DD 7614/2023;;impegno_perso;1
2618072;2023;DD 7613/2023;11000.01;impegno_perso;0
2620905;2023;DD 7599/2023;;impegno_perso;0
2619116;2023;DD 7598/2023;3351.95;impegno_perso;0
2618225;2023;DD 7594/2023;4900.0;impegno_perso;0
2618825;2023;DD 7589/2023;86779.75;impegno_perso;0
2612539;2023;DD 7586/2023;;senza_impegno;0
2617603;2023;DD 7572/2023;9658403.16;impegno_perso;0
2619241;2023;DD 7548/2023;10900.0;impegno_perso;1
2616528;2023;DD 7538/2023;968.68;impegno_perso;1
2611215;2023;DD 7523/2023;36600.0;impegno_perso;0
2611628;2023;DD 7520/2023;6661.2;impegno_perso;1
2617890;2023;DD 7500/2023;;impegno_perso;1
2611365;2023;DD 7477/2023;1393.6;impegno_perso;0
2616660;2023;DD 7458/2023;;senza_impegno;0
2620373;2023;DD 8726/2023;38087.33;impegno_perso;0
2621989;2023;DD 8712/2023;151308.16;impegno_perso;0
2620876;2023;DD 8711/2023;8540.0;impegno_perso;0
2620226;2023;DD 8710/2023;86222.96;impegno_perso;0
2619982;2023;DD 8709/2023;91496.64;impegno_perso;0
2623749;2023;DD 8691/2023;;senza_impegno;0
2623753;2023;DD 8667/2023;17965.72;impegno_perso;0
2619470;2023;DD 8663/2023;85000.0;impegno_perso;1
2619229;2023;DD 8649/2023;580005.91;impegno_perso;1
2619191;2023;DD 8648/2023;33504.37;impegno_perso;1
2620014;2023;DD 8638/2023;;impegno_perso;0
2621973;2023;DD 8630/2023;147316.49;impegno_perso;0
2619383;2023;DD 8629/2023;4392.0;impegno_perso;1
2623807;2023;DD 8627/2023;;senza_impegno;0
2619209;2023;DD 8625/2023;291726.12;impegno_perso;1
2623630;2023;DD 8580/2023;40000.0;senza_impegno;0
2623578;2023;DD 8578/2023;;senza_impegno;0
2615503;2023;DD 8556/2023;22464.23;impegno_perso;0
2618857;2023;DD 8554/2023;15910208.33;impegno_perso;0
2618630;2023;DD 8542/2023;7414.0;impegno_perso;1
2623699;2023;DD 8540/2023;;senza_impegno;0
2619054;2023;DD 8534/2023;3299999.99;impegno_perso;1
2619649;2023;DD 8525/2023;171951.19;impegno_perso;1
2617819;2023;DD 8510/2023;1830.0;impegno_perso;1
2623656;2023;DD 8498/2023;;senza_impegno;0
2619669;2023;DD 8494/2023;1561.6;impegno_perso;1
2616689;2023;DD 8491/2023;;senza_impegno;0
2617377;2023;DD 8484/2023;6100.0;impegno_perso;1
2623565;2023;DD 8478/2023;50000.0;senza_impegno;0
2620266;2023;DD 8476/2023;4290.0;impegno_perso;1
2623267;2023;DD 8472/2023;39998.13;impegno_perso;1
2623642;2023;DD 8469/2023;;senza_impegno;0
2618440;2023;DD 8468/2023;3706.7;impegno_perso;1
2617473;2023;DD 8465/2023;6097.64;impegno_perso;0
2620422;2023;DD 8452/2023;;impegno_perso;0
2618804;2023;DD 8441/2023;337.0;impegno_perso;1
2623338;2023;DD 8434/2023;35786.21;impegno_perso;1
2618289;2023;DD 8428/2023;95795.7;impegno_perso;1
2617301;2023;DD 8414/2023;;senza_impegno;0
2619684;2023;DD 8380/2023;6063.4;impegno_perso;1
2620344;2023;DD 8352/2023;;impegno_perso;0
2618053;2023;DD 8349/2023;;impegno_perso;0
2623256;2023;DD 8347/2023;148945.87;impegno_perso;0
2622467;2023;DD 8346/2023;99430.0;impegno_perso;0
2621081;2023;DD 8303/2023;;impegno_perso;1
2620438;2023;DD 8302/2023;;impegno_perso;0
2619685;2023;DD 8295/2023;2999.98;impegno_perso;1
2618837;2023;DD 8293/2023;;impegno_perso;1
2623354;2023;DD 8274/2023;;impegno_perso;0
2622951;2023;DD 8267/2023;28800.0;impegno_perso;0
2623364;2023;DD 8259/2023;3400.0;senza_impegno;0
2621857;2023;DD 8256/2023;3000000.0;impegno_perso;0
2623053;2023;DD 8212/2023;;impegno_perso;0
2618906;2023;DD 8204/2023;117307.5;impegno_perso;1
2623347;2023;DD 8201/2023;;senza_impegno;0
2619648;2023;DD 8199/2023;7074.24;senza_impegno;1
2618919;2023;DD 8175/2023;16000.0;impegno_perso;1
2617541;2023;DD 8174/2023;6000.0;impegno_perso;1
2617456;2023;DD 8171/2023;3370.0;impegno_perso;1
2617327;2023;DD 8169/2023;775.83;impegno_perso;0
2616311;2023;DD 8168/2023;300.0;impegno_perso;1
2623215;2023;DD 8154/2023;;senza_impegno;0
2622963;2023;DD 8153/2023;;senza_impegno;0
2623039;2023;DD 8141/2023;;impegno_perso;0
2631870;2024;DD 918/2024;20000.0;senza_impegno;0
2631411;2024;DD 902/2024;;impegno_perso;0
2631340;2024;DD 901/2024;10000.0;impegno_perso;0
2631713;2024;DD 898/2024;;impegno_perso;0
2631395;2024;DD 897/2024;;senza_impegno;0
2631305;2024;DD 879/2024;6500.0;impegno_perso;0
2630186;2024;DD 874/2024;;impegno_perso;0
2630019;2024;DD 868/2024;72937.43;impegno_perso;0
2630012;2024;DD 867/2024;85828.06;impegno_perso;0
2631277;2024;DD 844/2024;7000.0;senza_impegno;0
2631074;2024;DD 834/2024;250000.0;senza_impegno;0
2631173;2024;DD 830/2024;17900.0;senza_impegno;0
2627643;2024;DD 772/2024;;impegno_perso;0
2630801;2024;DD 817/2024;45000.0;senza_impegno;0
2630855;2024;DD 812/2024;;senza_impegno;0
2630658;2024;DD 795/2024;1000.0;senza_impegno;0
2629230;2024;DD 793/2024;;impegno_perso;0
2626621;2024;DD 792/2024;91494.64;impegno_perso;0
2630300;2024;DD 771/2024;2200.0;senza_impegno;0
2630310;2024;DD 770/2024;;senza_impegno;0
2630812;2024;DD 769/2024;1450.0;senza_impegno;0
2627077;2024;DD 751/2024;5944172.8;impegno_perso;0
2630444;2024;DD 739/2024;5400.0;senza_impegno;0
2629971;2024;DD 734/2024;1500.0;senza_impegno;0
2629920;2024;DD 733/2024;;senza_impegno;0
2630475;2024;DD 731/2024;;senza_impegno;0
2630274;2024;DD 722/2024;;senza_impegno;0
2629706;2024;DD 719/2024;;senza_impegno;0
2630204;2024;DD 712/2024;;senza_impegno;0
2630175;2024;DD 695/2024;141314.0;senza_impegno;0
2630189;2024;DD 694/2024;;senza_impegno;0
2629222;2024;DD 690/2024;;senza_impegno;0
2630157;2024;DD 689/2024;;senza_impegno;0
2629946;2024;DD 671/2024;13000.0;senza_impegno;0
2629408;2024;DD 666/2024;;impegno_perso;1
2618330;2024;DD 649/2024;;impegno_perso;0
2628846;2024;DD 646/2024;;impegno_perso;0
2629810;2024;DD 645/2024;141314.0;senza_impegno;0
2629649;2024;DD 616/2024;;senza_impegno;0
2629507;2024;DD 613/2024;;senza_impegno;0
2628672;2024;DD 609/2024;78875.85;senza_impegno;0
2628317;2024;DD 608/2024;414675.0;senza_impegno;0
2628194;2024;DD 607/2024;80000.0;senza_impegno;0
2626775;2024;DD 605/2024;3000.0;senza_impegno;0
2626393;2024;DD 603/2024;30000.0;senza_impegno;0
2629387;2024;DD 602/2024;5000.0;senza_impegno;0
2629405;2024;DD 600/2024;;senza_impegno;0
2629176;2024;DD 587/2024;500.0;impegno_perso;0
2628939;2024;DD 564/2024;;impegno_perso;0
2628369;2024;DD 555/2024;;senza_impegno;0
2628992;2024;DD 552/2024;7500.0;senza_impegno;0
2628757;2024;DD 535/2024;;senza_impegno;0
2628035;2024;DD 534/2024;;senza_impegno;0
2625924;2024;DD 498/2024;86045.51;impegno_perso;0
2625915;2024;DD 497/2024;83461.05;impegno_perso;0
2625869;2024;DD 496/2024;24769.09;impegno_perso;0
2628362;2024;DD 472/2024;30000.0;senza_impegno;0
2628389;2024;DD 471/2024;3000.0;senza_impegno;0
2628403;2024;DD 470/2024;3000.0;senza_impegno;0
2626024;2024;DD 467/2024;47724375.0;impegno_perso;0
2628266;2024;DD 442/2024;20000.0;senza_impegno;0
2625945;2024;DD 437/2024;84850.26;impegno_perso;0
2624629;2024;DD 428/2024;380000.0;impegno_perso;1
2626411;2024;DD 412/2024;;senza_impegno;0
2627565;2024;DD 402/2024;198000.0;senza_impegno;0
2627571;2024;DD 401/2024;;senza_impegno;0
2626952;2024;DD 359/2024;;impegno_perso;0
2625710;2024;DD 342/2024;;senza_impegno;0
2626968;2024;DD 339/2024;;senza_impegno;0
2627118;2024;DD 307/2024;;impegno_perso;0
2627205;2024;DD 304/2024;;impegno_perso;0
2626250;2024;DD 299/2024;2112.0;senza_impegno;0
2625604;2024;DD 294/2024;;senza_impegno;0
2626063;2024;DD 293/2024;149548.1;senza_impegno;0
2626484;2024;DD 292/2024;;senza_impegno;0
2625858;2024;DD 291/2024;1021.49;senza_impegno;0
2626103;2024;DD 289/2024;100000.0;impegno_perso;0
2626211;2024;DD 287/2024;;senza_impegno;0
2626919;2024;DD 282/2024;1800.0;senza_impegno;0
2626953;2024;DD 281/2024;1500.0;senza_impegno;0
2626252;2024;DD 275/2024;5600.0;senza_impegno;0
2624707;2024;DD 240/2024;1800.0;senza_impegno;0
2626682;2024;DD 232/2024;;senza_impegno;0
2626538;2024;DD 230/2024;;senza_impegno;0
2625587;2024;DD 216/2024;;senza_impegno;0
2626448;2024;DD 215/2024;;impegno_perso;0
2625774;2024;DD 214/2024;;impegno_perso;0
2623673;2024;DD 184/2024;;senza_impegno;0
2619067;2024;DD 183/2024;;senza_impegno;0
2625686;2024;DD 152/2024;;senza_impegno;0
2625388;2024;DD 151/2024;;senza_impegno;0
2625554;2024;DD 125/2024;;senza_impegno;0
2625418;2024;DD 113/2024;;senza_impegno;0
2624456;2024;DD 101/2024;50000.0;senza_impegno;0
2624909;2024;DD 95/2024;10000.0;senza_impegno;0
2625034;2024;DD 78/2024;;senza_impegno;0
2624576;2024;DD 65/2024;;senza_impegno;0
2624786;2024;DD 64/2024;;impegno_perso;0
2624649;2024;DD 59/2024;;senza_impegno;0
2624653;2024;DD 58/2024;;senza_impegno;0
2624358;2024;DD 44/2024;;senza_impegno;0
2623847;2024;DD 37/2024;1258.58;impegno_perso;1
2623538;2024;DD 34/2024;;impegno_perso;1
2620220;2024;DD 30/2024;1250.0;impegno_perso;0
2624274;2024;DD 17/2024;95795.7;impegno_perso;0
2623938;2024;DD 9/2024;4600.0;impegno_perso;0
2639544;2024;DD 1908/2024;;senza_impegno;0
2639801;2024;DD 1905/2024;94619.36;senza_impegno;0
2639562;2024;DD 1904/2024;15000.0;senza_impegno;0
2639681;2024;DD 1903/2024;20000.0;senza_impegno;0
2638101;2024;DD 1891/2024;30500.0;impegno_perso;1
2639053;2024;DD 1885/2024;28087.45;impegno_perso;1
2633617;2024;DD 1878/2024;36600.0;impegno_perso;0
2636003;2024;DD 1875/2024;7612.8;impegno_perso;1
2638723;2024;DD 1874/2024;;senza_impegno;0
2639391;2024;DD 1872/2024;;impegno_perso;0
2631531;2024;DD 1868/2024;337.0;impegno_perso;1
2634018;2024;DD 1865/2024;90000.0;impegno_perso;0
2638368;2024;DD 1857/2024;;impegno_perso;0
2637670;2024;DD 1855/2024;5187089.42;impegno_perso;0
2639011;2024;DD 1849/2024;149000.0;senza_impegno;0
2639058;2024;DD 1848/2024;34000.0;senza_impegno;0
2639062;2024;DD 1847/2024;88300.0;senza_impegno;0
2639106;2024;DD 1846/2024;149000.0;senza_impegno;0
2639404;2024;DD 1845/2024;92500.0;senza_impegno;0
2636117;2024;DD 1838/2024;6087.8;impegno_perso;1
2637660;2024;DD 1837/2024;882.06;impegno_perso;0
2638954;2024;DD 1828/2024;44000.0;senza_impegno;0
2638553;2024;DD 1826/2024;17900.0;senza_impegno;0
2639083;2024;DD 1825/2024;149000.0;senza_impegno;0
2637671;2024;DD 1812/2024;3251777.2;impegno_perso;0
2639128;2024;DD 1810/2024;;senza_impegno;0
2638890;2024;DD 1804/2024;140000.0;impegno_perso;0
2639098;2024;DD 1801/2024;118000.0;senza_impegno;0
2638324;2024;DD 1799/2024;;senza_impegno;0
2638176;2024;DD 1796/2024;9300.0;senza_impegno;0
2636400;2024;DD 1794/2024;5000.0;impegno_perso;0
2638829;2024;DD 1792/2024;;senza_impegno;0
2636337;2024;DD 1785/2024;;impegno_perso;1
2638156;2024;DD 1783/2024;8200.0;senza_impegno;0
2638133;2024;DD 1782/2024;;senza_impegno;0
2638014;2024;DD 1781/2024;3963312.76;impegno_perso;0
2638487;2024;DD 1779/2024;;senza_impegno;0
2638808;2024;DD 1777/2024;1989.94;senza_impegno;0
2635283;2024;DD 1771/2024;;senza_impegno;0
2636907;2024;DD 1767/2024;3481965.55;impegno_perso;1
2638796;2024;DD 1764/2024;;senza_impegno;0
2637636;2024;DD 1762/2024;1561.6;impegno_perso;0
2638688;2024;DD 1757/2024;;senza_impegno;0
2637975;2024;DD 1751/2024;;senza_impegno;0
2636067;2024;DD 1743/2024;21700.0;impegno_perso;1
2637533;2024;DD 1735/2024;5670220.27;impegno_perso;0
2638472;2024;DD 1724/2024;50000.0;impegno_perso;0
2638308;2024;DD 1721/2024;13500.0;senza_impegno;0
2625813;2024;DD 1717/2024;528.87;impegno_perso;1
2634373;2024;DD 1706/2024;8754.72;senza_impegno;0
2638243;2024;DD 1704/2024;16000.0;senza_impegno;0
2637268;2024;DD 1702/2024;;senza_impegno;0
2636629;2024;DD 1699/2024;5500.0;impegno_perso;0
2633789;2024;DD 1634/2024;;impegno_perso;1
2638132;2024;DD 1686/2024;19100.0;senza_impegno;0
2638165;2024;DD 1680/2024;;senza_impegno;0
2636331;2024;DD 1674/2024;38000.0;senza_impegno;0
2637915;2024;DD 1673/2024;;senza_impegno;0
2634497;2024;DD 1672/2024;45838.52;impegno_perso;0
2636877;2024;DD 1649/2024;;impegno_perso;0
2637704;2024;DD 1665/2024;353000.0;senza_impegno;0
2637712;2024;DD 1664/2024;180000.0;senza_impegno;0
2633600;2024;DD 1639/2024;56829.27;senza_impegno;0
2635430;2024;DD 1633/2024;600.0;impegno_perso;0
2636689;2024;DD 1632/2024;80000.0;impegno_perso;0
2636818;2024;DD 1631/2024;145000.0;senza_impegno;0
2637070;2024;DD 1630/2024;531.18;senza_impegno;0
2637197;2024;DD 1629/2024;24500.0;senza_impegno;0
2637401;2024;DD 1628/2024;145000.0;senza_impegno;0
2637422;2024;DD 1627/2024;;senza_impegno;0
2637598;2024;DD 1626/2024;305573.16;impegno_perso;0
2637657;2024;DD 1625/2024;215000.0;senza_impegno;0
2637717;2024;DD 1621/2024;310078.66;impegno_perso;0
2629275;2024;DD 1620/2024;2436756.3;impegno_perso;1
2633763;2024;DD 1615/2024;2161570.81;impegno_perso;0
2636011;2024;DD 1613/2024;38000.0;senza_impegno;0
2636538;2024;DD 1612/2024;38000.0;senza_impegno;0
2636547;2024;DD 1611/2024;20000.0;senza_impegno;0
2636528;2024;DD 1608/2024;10000.0;senza_impegno;0
2637040;2024;DD 1599/2024;10000.0;senza_impegno;0
2637438;2024;DD 1598/2024;10000.0;senza_impegno;0
2637440;2024;DD 1597/2024;12000.0;senza_impegno;0
2637450;2024;DD 1596/2024;145000.0;senza_impegno;0
2636230;2024;DD 1592/2024;;senza_impegno;0
2636198;2024;DD 1584/2024;;impegno_perso;0
2635134;2024;DD 1583/2024;;impegno_perso;0
2635832;2024;DD 1562/2024;;senza_impegno;0
2636646;2024;DD 1561/2024;;senza_impegno;0
2637034;2024;DD 1550/2024;11535.0;senza_impegno;0
2637122;2024;DD 1549/2024;10000.0;senza_impegno;0
2636258;2024;DD 1543/2024;1948.62;impegno_perso;1
2636167;2024;DD 1512/2024;70000.0;senza_impegno;0
2636200;2024;DD 1511/2024;50000.0;senza_impegno;0
2634221;2024;DD 1490/2024;3679.52;impegno_perso;0
2634984;2024;DD 1486/2024;790.56;impegno_perso;1
2636168;2024;DD 1481/2024;;senza_impegno;0
2635398;2024;DD 1476/2024;;senza_impegno;0
2635385;2024;DD 1473/2024;10000.0;senza_impegno;0
2636053;2024;DD 1472/2024;;senza_impegno;0
2635755;2024;DD 1456/2024;;impegno_perso;0
2635753;2024;DD 1453/2024;35358.38;senza_impegno;0
2634414;2024;DD 1447/2024;;senza_impegno;0
2634195;2024;DD 1442/2024;;senza_impegno;0
2634457;2024;DD 1439/2024;948.59;impegno_perso;1
2635738;2024;DD 1430/2024;149000.0;impegno_perso;0
2635750;2024;DD 1429/2024;50000.0;impegno_perso;0
2635317;2024;DD 1428/2024;;impegno_perso;0
2634570;2024;DD 1421/2024;488.0;impegno_perso;0
2635395;2024;DD 1403/2024;;senza_impegno;0
2632535;2024;DD 1399/2024;;impegno_perso;0
2629678;2024;DD 1396/2024;5294.86;impegno_perso;1
2634177;2024;DD 1392/2024;50000.0;impegno_perso;0
2631998;2024;DD 1126/2024;4148.0;impegno_perso;1
2634775;2024;DD 1387/2024;10000.0;senza_impegno;0
2635179;2024;DD 1382/2024;10000.0;senza_impegno;0
2635329;2024;DD 1380/2024;;senza_impegno;0
2635339;2024;DD 1379/2024;;senza_impegno;0
2630198;2024;DD 1062/2024;23989.59;impegno_perso;1
2632029;2024;DD 1378/2024;9379.43;impegno_perso;1
2634574;2024;DD 1376/2024;7500.0;senza_impegno;0
2635087;2024;DD 1374/2024;;senza_impegno;0
2633671;2024;DD 1370/2024;518500.0;impegno_perso;1
2630648;2024;DD 1357/2024;216580.0;impegno_perso;1
2632634;2024;DD 1349/2024;35372.07;impegno_perso;1
2634838;2024;DD 1347/2024;38000.0;senza_impegno;0
2634833;2024;DD 1344/2024;200000.0;senza_impegno;0
2634234;2024;DD 1339/2024;;senza_impegno;0
2634699;2024;DD 1337/2024;65000.0;senza_impegno;0
2632752;2024;DD 1289/2024;5795.0;impegno_perso;0
2633363;2024;DD 1334/2024;;senza_impegno;0
2628960;2024;DD 1292/2024;;impegno_perso;1
2632906;2024;DD 1286/2024;;senza_impegno;0
2632973;2024;DD 1287/2024;;senza_impegno;0
2634526;2024;DD 1303/2024;;senza_impegno;0
2633419;2024;DD 1302/2024;1500.0;senza_impegno;0
2634196;2024;DD 1301/2024;10000.0;senza_impegno;0
2634348;2024;DD 1279/2024;;senza_impegno;0
2634350;2024;DD 1278/2024;;senza_impegno;0
2632785;2024;DD 1229/2024;;impegno_perso;0
2634208;2024;DD 1252/2024;;impegno_perso;0
2634099;2024;DD 1237/2024;;senza_impegno;0
2633782;2024;DD 1233/2024;;impegno_perso;0
2634009;2024;DD 1217/2024;;senza_impegno;0
2633436;2024;DD 1214/2024;;senza_impegno;0
2633623;2024;DD 1208/2024;;senza_impegno;0
2633764;2024;DD 1207/2024;86700.0;senza_impegno;0
2633877;2024;DD 1198/2024;;impegno_perso;0
2633642;2024;DD 1186/2024;;senza_impegno;0
2633207;2024;DD 1176/2024;71449.3;senza_impegno;0
2633181;2024;DD 1175/2024;135448.99;senza_impegno;0
2633072;2024;DD 1174/2024;133905.58;senza_impegno;0
2630604;2024;DD 1152/2024;170190.0;senza_impegno;0
2631741;2024;DD 1151/2024;136520.99;senza_impegno;0
2631843;2024;DD 1150/2024;87367.99;senza_impegno;0
2631436;2024;DD 1147/2024;50000.0;senza_impegno;0
2631584;2024;DD 1146/2024;6000.0;impegno_perso;0
2631053;2024;DD 1135/2024;82350.0;senza_impegno;0
2631841;2024;DD 1134/2024;10000.0;impegno_perso;0
2625557;2024;DD 1132/2024;342.2;impegno_perso;0
2631984;2024;DD 1117/2024;35774.78;impegno_perso;0
2628365;2024;DD 1114/2024;13283.06;senza_impegno;0
2633192;2024;DD 1107/2024;20000.0;senza_impegno;0
2633159;2024;DD 1106/2024;4000.0;senza_impegno;0
2633214;2024;DD 1101/2024;;senza_impegno;0
2632764;2024;DD 1092/2024;;impegno_perso;0
2632773;2024;DD 1091/2024;;impegno_perso;0
2631452;2024;DD 1069/2024;13000.0;senza_impegno;0
2631448;2024;DD 1068/2024;12500.0;senza_impegno;0
2632556;2024;DD 1066/2024;10000.0;senza_impegno;0
2633034;2024;DD 1065/2024;8136.54;senza_impegno;0
2632997;2024;DD 1064/2024;30000.0;senza_impegno;0
2632113;2024;DD 1058/2024;;impegno_perso;0
2632128;2024;DD 1057/2024;;impegno_perso;0
2632426;2024;DD 1054/2024;;senza_impegno;0
2632435;2024;DD 1053/2024;;senza_impegno;0
2632960;2024;DD 1052/2024;;senza_impegno;0
2632751;2024;DD 1037/2024;99389.0;senza_impegno;0
2632842;2024;DD 1036/2024;40600.0;senza_impegno;0
2632644;2024;DD 1025/2024;;senza_impegno;0
2627120;2024;DD 1007/2024;10000.0;impegno_perso;0
2632009;2024;DD 993/2024;22500.0;senza_impegno;0
2632286;2024;DD 992/2024;16300.0;senza_impegno;0
2627161;2024;DD 981/2024;144000.0;impegno_perso;1
2632285;2024;DD 978/2024;;senza_impegno;0
2631220;2024;DD 974/2024;450.0;impegno_perso;1
2632120;2024;DD 972/2024;3500.0;senza_impegno;0
2632267;2024;DD 971/2024;;senza_impegno;0
2626600;2024;DD 953/2024;86222.96;impegno_perso;0
2632049;2024;DD 952/2024;12600.0;senza_impegno;0
2631655;2024;DD 931/2024;;senza_impegno;0
2631740;2024;DD 927/2024;;senza_impegno;0
2647540;2024;DD 2870/2024;8000.0;senza_impegno;0
2645157;2024;DD 2866/2024;146400.0;impegno_perso;0
2646964;2024;DD 2851/2024;;senza_impegno;0
2647161;2024;DD 2850/2024;8112.0;senza_impegno;0
2644456;2024;DD 2838/2024;4600.0;impegno_perso;1
2647199;2024;DD 2836/2024;320000.0;senza_impegno;0
2647237;2024;DD 2835/2024;50000.0;senza_impegno;0
2647133;2024;DD 2832/2024;;senza_impegno;0
2645543;2024;DD 2831/2024;;impegno_perso;1
2646508;2024;DD 2814/2024;15000.0;senza_impegno;0
2646530;2024;DD 2813/2024;149000.0;senza_impegno;0
2646547;2024;DD 2809/2024;2900.0;impegno_perso;0
2646557;2024;DD 2808/2024;38535.54;impegno_perso;0
2646829;2024;DD 2806/2024;138000.0;impegno_perso;0
2646878;2024;DD 2805/2024;90000.0;senza_impegno;0
2647043;2024;DD 2796/2024;;senza_impegno;0
2647051;2024;DD 2795/2024;3000.0;senza_impegno;0
2645310;2024;DD 2778/2024;3647875.54;impegno_perso;0
2646301;2024;DD 2776/2024;10000.0;senza_impegno;0
2642941;2024;DD 2771/2024;121.0;impegno_perso;1
2642703;2024;DD 2765/2024;;impegno_perso;0
2646278;2024;DD 2762/2024;;senza_impegno;0
2646304;2024;DD 2761/2024;;impegno_perso;0
2646413;2024;DD 2760/2024;;senza_impegno;0
2646428;2024;DD 2759/2024;50000.0;impegno_perso;0
2646486;2024;DD 2747/2024;300000.0;senza_impegno;0
2644378;2024;DD 2742/2024;40601.6;impegno_perso;1
2644415;2024;DD 2741/2024;20000.0;impegno_perso;1
2645246;2024;DD 2740/2024;1100.0;impegno_perso;0
2645735;2024;DD 2727/2024;5856.0;impegno_perso;1
2644613;2024;DD 2726/2024;7902.5;impegno_perso;1
2645985;2024;DD 2723/2024;;senza_impegno;0
2646016;2024;DD 2722/2024;600000.0;senza_impegno;0
2646027;2024;DD 2721/2024;200000.0;senza_impegno;0
2646072;2024;DD 2720/2024;500000.0;senza_impegno;0
2642539;2024;DD 2715/2024;183328.92;impegno_perso;0
2645187;2024;DD 2709/2024;110008.94;impegno_perso;0
2645667;2024;DD 2708/2024;672366.0;impegno_perso;0
2645720;2024;DD 2707/2024;;senza_impegno;0
2645803;2024;DD 2706/2024;5500.0;impegno_perso;0
2645810;2024;DD 2705/2024;2300.0;senza_impegno;0
2645883;2024;DD 2704/2024;627654.0;impegno_perso;0
2642318;2024;DD 2684/2024;390000.0;impegno_perso;1
2645098;2024;DD 2670/2024;;senza_impegno;0
2624480;2024;DD 2665/2024;200000.0;impegno_perso;1
2640874;2024;DD 2657/2024;3660.0;impegno_perso;1
2645328;2024;DD 2650/2024;;senza_impegno;0
2643306;2024;DD 2645/2024;300.0;impegno_perso;1
2645095;2024;DD 2644/2024;;senza_impegno;0
2645044;2024;DD 2642/2024;;senza_impegno;0
2644861;2024;DD 2637/2024;;senza_impegno;0
2644728;2024;DD 2618/2024;5521.72;impegno_perso;0
2644688;2024;DD 2606/2024;25000.0;impegno_perso;0
2640620;2024;DD 2604/2024;5827.45;impegno_perso;1
2640829;2024;DD 2603/2024;14803.32;impegno_perso;1
2641789;2024;DD 2601/2024;67773.07;impegno_perso;0
2644437;2024;DD 2599/2024;;senza_impegno;0
2643129;2024;DD 2598/2024;;impegno_perso;1
2642916;2024;DD 2597/2024;45838.52;senza_impegno;0
2642879;2024;DD 2586/2024;;impegno_perso;0
2644522;2024;DD 2572/2024;5000.0;senza_impegno;0
2644523;2024;DD 2571/2024;5000.0;senza_impegno;0
2644528;2024;DD 2570/2024;7000.0;senza_impegno;0
2644287;2024;DD 2551/2024;61850.0;senza_impegno;0
2644366;2024;DD 2550/2024;;senza_impegno;0
2644448;2024;DD 2548/2024;173.34;impegno_perso;0
2644472;2024;DD 2547/2024;46230.0;senza_impegno;0
2644506;2024;DD 2546/2024;70000.0;senza_impegno;0
2644427;2024;DD 2544/2024;23000.0;senza_impegno;0
2641647;2024;DD 2502/2024;1300000.0;impegno_perso;0
2643162;2024;DD 2499/2024;41855.0;impegno_perso;1
2644269;2024;DD 2486/2024;35000.0;senza_impegno;0
2644300;2024;DD 2485/2024;30000.0;impegno_perso;0
2644070;2024;DD 2475/2024;160000.0;senza_impegno;0
2644112;2024;DD 2474/2024;35000.0;impegno_perso;0
2644211;2024;DD 2473/2024;47165.49;senza_impegno;0
2644212;2024;DD 2472/2024;40000.0;senza_impegno;0
2644218;2024;DD 2471/2024;15000.0;senza_impegno;0
2644241;2024;DD 2469/2024;25000.0;senza_impegno;0
2644242;2024;DD 2466/2024;;impegno_perso;0
2644081;2024;DD 2458/2024;;impegno_perso;0
2644110;2024;DD 2434/2024;22500.0;senza_impegno;0
2644114;2024;DD 2433/2024;22000.0;senza_impegno;0
2641861;2024;DD 2423/2024;48980233.31;impegno_perso;0
2644052;2024;DD 2411/2024;;impegno_perso;0
2644008;2024;DD 2397/2024;;senza_impegno;0
2641897;2024;DD 2396/2024;;impegno_perso;0
2643003;2024;DD 2395/2024;;senza_impegno;0
2643860;2024;DD 2394/2024;6000.0;impegno_perso;0
2643984;2024;DD 2392/2024;8500.0;senza_impegno;0
2643783;2024;DD 2391/2024;32000.0;senza_impegno;0
2641674;2024;DD 2390/2024;700000.0;impegno_perso;1
2642435;2024;DD 2383/2024;;senza_impegno;0
2643054;2024;DD 2382/2024;20000.0;senza_impegno;0
2643150;2024;DD 2381/2024;;senza_impegno;0
2643454;2024;DD 2380/2024;1200.0;senza_impegno;0
2643768;2024;DD 2379/2024;2300.0;senza_impegno;0
2643953;2024;DD 2378/2024;121319.03;senza_impegno;0
2639088;2024;DD 2371/2024;543886.29;senza_impegno;0
2643728;2024;DD 2372/2024;15000.0;senza_impegno;0
2643721;2024;DD 2370/2024;20000.0;senza_impegno;0
2643376;2024;DD 2368/2024;15000.0;senza_impegno;0
2643373;2024;DD 2367/2024;15000.0;senza_impegno;0
2643701;2024;DD 2366/2024;;impegno_perso;0
2636063;2024;DD 2362/2024;22201.6;impegno_perso;0
2641847;2024;DD 2353/2024;;impegno_perso;1
2640990;2024;DD 2351/2024;10000.0;senza_impegno;0
2639066;2024;DD 2350/2024;1500.0;senza_impegno;0
2641959;2024;DD 2344/2024;;impegno_perso;0
2641188;2024;DD 2343/2024;;impegno_perso;0
2643513;2024;DD 2330/2024;;senza_impegno;0
2643083;2024;DD 2323/2024;18500.0;senza_impegno;0
2641419;2024;DD 2321/2024;;impegno_perso;0
2643066;2024;DD 2319/2024;6098.78;impegno_perso;1
2643181;2024;DD 2314/2024;;impegno_perso;0
2642121;2024;DD 2313/2024;3660.0;impegno_perso;0
2642134;2024;DD 2312/2024;5856.0;no_pdf;
2639569;2024;DD 2311/2024;26456.19;impegno_perso;1
2640697;2024;DD 2305/2024;470862.0;impegno_perso;1
2643016;2024;DD 2283/2024;;impegno_perso;0
2640293;2024;DD 2281/2024;;senza_impegno;0
2641269;2024;DD 2262/2024;68535.76;impegno_perso;1
2639279;2024;DD 2261/2024;854.0;impegno_perso;1
2641339;2024;DD 2260/2024;2013.0;impegno_perso;1
2640680;2024;DD 2227/2024;3950.0;impegno_perso;1
2642786;2024;DD 2246/2024;10000.0;senza_impegno;0
2642779;2024;DD 2244/2024;15000.0;senza_impegno;0
2642518;2024;DD 2233/2024;;senza_impegno;0
2642676;2024;DD 2231/2024;41000.0;senza_impegno;0
2640762;2024;DD 2224/2024;;impegno_perso;1
2642615;2024;DD 2219/2024;;senza_impegno;0
2638267;2024;DD 2218/2024;45034.7;impegno_perso;1
2641993;2024;DD 2217/2024;1500.0;senza_impegno;0
2639676;2024;DD 2204/2024;55827.2;senza_impegno;0
2641537;2024;DD 2195/2024;;impegno_perso;0
2642086;2024;DD 2194/2024;;senza_impegno;0
2641734;2024;DD 2189/2024;;senza_impegno;0
2640202;2024;DD 2182/2024;379801.54;impegno_perso;0
2642312;2024;DD 2177/2024;10000.0;senza_impegno;0
2642240;2024;DD 2170/2024;20000.0;senza_impegno;0
2642102;2024;DD 2169/2024;50000.0;senza_impegno;0
2639631;2024;DD 2164/2024;341.6;impegno_perso;1
2641942;2024;DD 2161/2024;90500.0;senza_impegno;0
2641825;2024;DD 2145/2024;;senza_impegno;0
2641650;2024;DD 2135/2024;;senza_impegno;0
2640806;2024;DD 2122/2024;;impegno_perso;0
2640898;2024;DD 2121/2024;;senza_impegno;0
2641236;2024;DD 2120/2024;;impegno_perso;0
2641381;2024;DD 2119/2024;;senza_impegno;0
2641470;2024;DD 2118/2024;21625.44;senza_impegno;0
2641511;2024;DD 2117/2024;;impegno_perso;0
2641613;2024;DD 2116/2024;;impegno_perso;0
2641774;2024;DD 2115/2024;;impegno_perso;0
2641826;2024;DD 2114/2024;;impegno_perso;0
2641076;2024;DD 2113/2024;50000.0;senza_impegno;0
2639036;2024;DD 2106/2024;3965.0;impegno_perso;1
2641643;2024;DD 2102/2024;31200.0;impegno_perso;0
2640269;2024;DD 2099/2024;3720.02;impegno_perso;0
2641308;2024;DD 2096/2024;10000.0;senza_impegno;0
2641418;2024;DD 2095/2024;10000.0;senza_impegno;0
2641445;2024;DD 2094/2024;115000.0;senza_impegno;0
2639658;2024;DD 2077/2024;12993.0;impegno_perso;1
2639662;2024;DD 2075/2024;8784.0;impegno_perso;1
2637421;2024;DD 2071/2024;23689.96;impegno_perso;1
2638883;2024;DD 2068/2024;160.0;impegno_perso;1
2640294;2024;DD 2061/2024;365.0;impegno_perso;0
2640244;2024;DD 2060/2024;4128.0;impegno_perso;0
2639550;2024;DD 2059/2024;4416.0;impegno_perso;0
2639587;2024;DD 2058/2024;1767.0;impegno_perso;0
2639560;2024;DD 2057/2024;2232.0;impegno_perso;0
2639506;2024;DD 2056/2024;1800.0;impegno_perso;0
2637534;2024;DD 2039/2024;;impegno_perso;0
2639896;2024;DD 2032/2024;51000.0;senza_impegno;0
2640008;2024;DD 2031/2024;40000.0;senza_impegno;0
2640052;2024;DD 2030/2024;44814.1;senza_impegno;0
2640060;2024;DD 2029/2024;10000.0;senza_impegno;0
2640409;2024;DD 2028/2024;3800.0;senza_impegno;0
2640674;2024;DD 2027/2024;;senza_impegno;0
2633203;2024;DD 2009/2024;363.0;impegno_perso;1
2636071;2024;DD 2007/2024;2437.4;impegno_perso;1
2637956;2024;DD 1995/2024;16217.63;impegno_perso;1
2638508;2024;DD 1992/2024;790967.04;impegno_perso;0
2640402;2024;DD 1991/2024;;senza_impegno;0
2639671;2024;DD 1990/2024;;senza_impegno;0
2639519;2024;DD 1981/2024;149000.0;senza_impegno;0
2640474;2024;DD 1980/2024;;senza_impegno;0
2640498;2024;DD 1979/2024;20000.0;senza_impegno;0
2640504;2024;DD 1978/2024;;senza_impegno;0
2639918;2024;DD 1971/2024;;impegno_perso;0
2640330;2024;DD 1970/2024;;impegno_perso;0
2640442;2024;DD 1969/2024;20000.0;impegno_perso;0
2640444;2024;DD 1968/2024;15000.0;impegno_perso;0
2635511;2024;DD 1962/2024;280.0;impegno_perso;1
2640320;2024;DD 1958/2024;;senza_impegno;0
2640378;2024;DD 1953/2024;;senza_impegno;0
2638853;2024;DD 1951/2024;1830.0;impegno_perso;1
2632544;2024;DD 1946/2024;;impegno_perso;1
2636521;2024;DD 1944/2024;81000.0;impegno_perso;1
2639973;2024;DD 1943/2024;14707.09;impegno_perso;0
2639917;2024;DD 1940/2024;;senza_impegno;0
2636424;2024;DD 1932/2024;12600.0;impegno_perso;1
2639286;2024;DD 1926/2024;148156.49;senza_impegno;0
2639084;2024;DD 1925/2024;;senza_impegno;0
2639553;2024;DD 1924/2024;;senza_impegno;0
2638244;2024;DD 1922/2024;7000.0;senza_impegno;0
2639649;2024;DD 1921/2024;5000.0;senza_impegno;0
2639723;2024;DD 1920/2024;18500.0;senza_impegno;0
2652404;2024;DD 3407/2024;702.0;impegno_perso;1
2652526;2024;DD 3399/2024;;impegno_perso;0
2650529;2024;DD 3397/2024;150000.0;impegno_perso;0
2650526;2024;DD 3396/2024;2500.0;impegno_perso;1
2650523;2024;DD 3391/2024;21929.77;impegno_perso;1
2650568;2024;DD 3373/2024;;senza_impegno;0
2650588;2024;DD 3370/2024;35800.0;senza_impegno;0
2652429;2024;DD 3367/2024;72000.0;senza_impegno;0
2650587;2024;DD 3366/2024;70000.0;senza_impegno;0
2650432;2024;DD 3365/2024;45000.0;senza_impegno;0
2650371;2024;DD 3364/2024;;senza_impegno;0
2650370;2024;DD 3363/2024;60000.0;impegno_perso;0
2650369;2024;DD 3361/2024;2200.04;senza_impegno;0
2652220;2024;DD 3360/2024;50000.0;senza_impegno;0
2650593;2024;DD 3354/2024;;impegno_perso;0
2650485;2024;DD 3344/2024;20618.0;impegno_perso;1
2652480;2024;DD 3342/2024;8000.0;senza_impegno;0
2652477;2024;DD 3341/2024;;senza_impegno;0
2650549;2024;DD 3165/2024;221198.56;impegno_perso;0
2650525;2024;DD 3329/2024;;impegno_perso;0
2652221;2024;DD 3326/2024;;impegno_perso;0
2652223;2024;DD 3325/2024;5361.9;impegno_perso;1
2650382;2024;DD 3324/2024;400000.0;senza_impegno;0
2652224;2024;DD 3323/2024;11535.0;senza_impegno;0
2650495;2024;DD 3307/2024;17580.2;impegno_perso;1
2652229;2024;DD 3300/2024;;impegno_perso;0
2652453;2024;DD 3299/2024;;senza_impegno;0
2650760;2024;DD 3298/2024;;impegno_perso;0
2650383;2024;DD 3296/2024;;impegno_perso;0
2650759;2024;DD 3295/2024;;senza_impegno;0
2650758;2024;DD 3294/2024;29890.0;impegno_perso;0
2650384;2024;DD 3291/2024;40000.0;senza_impegno;0
2650764;2024;DD 3286/2024;213.5;impegno_perso;0
2650356;2024;DD 3282/2024;;senza_impegno;0
2650742;2024;DD 3278/2024;178000.0;senza_impegno;0
2650559;2024;DD 3277/2024;34276.03;senza_impegno;0
2650331;2024;DD 3276/2024;192.26;impegno_perso;0
2650558;2024;DD 3274/2024;91000.0;senza_impegno;0
2650550;2024;DD 3266/2024;16000.0;senza_impegno;0
2650749;2024;DD 3261/2024;13600.0;senza_impegno;0
2650538;2024;DD 3229/2024;;impegno_perso;0
2646669;2024;DD 3220/2024;18605.0;senza_impegno;0
2645822;2024;DD 3211/2024;85000.0;impegno_perso;1
2649033;2024;DD 3198/2024;8784.0;impegno_perso;1
2649891;2024;DD 3195/2024;68000.0;senza_impegno;0
2649247;2024;DD 3188/2024;112000.0;senza_impegno;0
2649327;2024;DD 3187/2024;2193.16;senza_impegno;0
2649448;2024;DD 3185/2024;20000.0;impegno_perso;0
2649550;2024;DD 3184/2024;;senza_impegno;0
2649628;2024;DD 3183/2024;;senza_impegno;0
2649997;2024;DD 3181/2024;;impegno_perso;0
2650024;2024;DD 3180/2024;;senza_impegno;0
2649838;2024;DD 3173/2024;;impegno_perso;0
2647209;2024;DD 3170/2024;;impegno_perso;0
2649418;2024;DD 3169/2024;;senza_impegno;0
2649582;2024;DD 3167/2024;48604.8;impegno_perso;1
2649053;2024;DD 3141/2024;508716.78;senza_impegno;0
2649085;2024;DD 3140/2024;447097.14;senza_impegno;0
2649096;2024;DD 3159/2024;;senza_impegno;0
2648898;2024;DD 3157/2024;;senza_impegno;0
2648983;2024;DD 3035/2024;;impegno_perso;0
2649769;2024;DD 3146/2024;30000.0;impegno_perso;0
2649716;2024;DD 3144/2024;;senza_impegno;0
2649742;2024;DD 3142/2024;;senza_impegno;0
2649142;2024;DD 3135/2024;5000.0;senza_impegno;0
2647961;2024;DD 3126/2024;;impegno_perso;0
2647671;2024;DD 3125/2024;;impegno_perso;0
2646811;2024;DD 3120/2024;;senza_impegno;0
2646439;2024;DD 3104/2024;;impegno_perso;0
2649071;2024;DD 3103/2024;;impegno_perso;0
2649411;2024;DD 3102/2024;;senza_impegno;0
2647025;2024;DD 3101/2024;1000.0;impegno_perso;1
2644693;2024;DD 3092/2024;;senza_impegno;0
2647279;2024;DD 3082/2024;1870.0;impegno_perso;1
2649135;2024;DD 3079/2024;943.06;impegno_perso;1
2649227;2024;DD 3078/2024;;senza_impegno;0
2648869;2024;DD 3072/2024;72268.29;impegno_perso;1
2643938;2024;DD 3067/2024;9166.52;impegno_perso;1
2648776;2024;DD 3055/2024;3782.0;impegno_perso;1
2648871;2024;DD 3054/2024;;senza_impegno;0
2647351;2024;DD 3019/2024;;senza_impegno;0
2647527;2024;DD 3018/2024;;impegno_perso;0
2647822;2024;DD 3016/2024;10000.0;impegno_perso;0
2648492;2024;DD 3015/2024;;senza_impegno;0
2648750;2024;DD 3014/2024;8000.0;senza_impegno;0
2647049;2024;DD 3004/2024;;impegno_perso;0
2648731;2024;DD 2997/2024;17900.0;senza_impegno;0
2626266;2024;DD 2996/2024;10900.0;impegno_perso;0
2648660;2024;DD 2981/2024;17900.0;senza_impegno;0
2646461;2024;DD 2964/2024;;impegno_perso;0
2647927;2024;DD 2963/2024;15000.0;senza_impegno;0
2648049;2024;DD 2962/2024;15000.0;senza_impegno;0
2648329;2024;DD 2961/2024;;senza_impegno;0
2648378;2024;DD 2959/2024;;impegno_perso;0
2647914;2024;DD 2958/2024;10000.0;senza_impegno;0
2648380;2024;DD 2954/2024;;impegno_perso;0
2647722;2024;DD 2952/2024;;senza_impegno;0
2646515;2024;DD 2947/2024;;senza_impegno;0
2648174;2024;DD 2946/2024;449829.51;senza_impegno;0
2648288;2024;DD 2945/2024;182218.48;senza_impegno;0
2647941;2024;DD 2939/2024;;senza_impegno;0
2647916;2024;DD 2937/2024;;senza_impegno;0
2647982;2024;DD 2936/2024;;senza_impegno;0
2647230;2024;DD 2930/2024;24000.0;senza_impegno;0
2648123;2024;DD 2924/2024;;senza_impegno;0
2647108;2024;DD 2911/2024;1605.15;impegno_perso;1
2646212;2024;DD 2906/2024;30000.0;impegno_perso;1
2647059;2024;DD 2904/2024;12053.6;impegno_perso;1
2646891;2024;DD 2903/2024;48678.0;impegno_perso;0
2646889;2024;DD 2890/2024;42750.0;impegno_perso;0
2647400;2024;DD 2888/2024;45838.52;senza_impegno;0
2645664;2024;DD 2882/2024;;senza_impegno;0
2646425;2024;DD 2880/2024;;impegno_perso;0
2646907;2024;DD 2877/2024;230963.08;impegno_perso;1
2651001;2024;DD 3869/2024;80000.0;senza_impegno;0
2651584;2024;DD 3866/2024;445037.7;impegno_perso;1
2651898;2024;DD 3850/2024;3000.0;impegno_perso;0
2651715;2024;DD 3849/2024;2500.0;senza_impegno;0
2651751;2024;DD 3848/2024;;impegno_perso;0
2651749;2024;DD 3845/2024;496088.09;impegno_perso;0
2651747;2024;DD 3843/2024;50000.0;senza_impegno;0
2651472;2024;DD 3841/2024;500.0;impegno_perso;1
2651730;2024;DD 3826/2024;286161.2;impegno_perso;1
2651445;2024;DD 3811/2024;1155118.05;impegno_perso;0
2651425;2024;DD 3799/2024;20000.0;impegno_perso;1
2651417;2024;DD 3796/2024;58000.0;senza_impegno;0
2652121;2024;DD 3790/2024;;senza_impegno;0
2651396;2024;DD 3779/2024;9000.0;senza_impegno;0
2651112;2024;DD 3775/2024;9760.0;impegno_perso;0
2651110;2024;DD 3773/2024;44000.0;impegno_perso;1
2652198;2024;DD 3771/2024;53522.19;impegno_perso;1
2652117;2024;DD 3765/2024;5856.0;impegno_perso;1
2652116;2024;DD 3764/2024;;senza_impegno;0
2652115;2024;DD 3763/2024;;senza_impegno;0
2651637;2024;DD 3755/2024;3000.0;impegno_perso;0
2651632;2024;DD 3747/2024;325100.15;impegno_perso;0
2651629;2024;DD 3744/2024;4000.0;senza_impegno;0
2652338;2024;DD 3743/2024;30000.0;senza_impegno;0
2651626;2024;DD 3739/2024;;senza_impegno;0
2651860;2024;DD 3715/2024;;impegno_perso;0
2651859;2024;DD 3717/2024;;impegno_perso;0
2651858;2024;DD 3714/2024;;impegno_perso;0
2650873;2024;DD 3713/2024;;impegno_perso;1
2651102;2024;DD 3711/2024;;impegno_perso;0
2652071;2024;DD 3701/2024;;impegno_perso;0
2652068;2024;DD 3700/2024;5000.0;senza_impegno;0
2650956;2024;DD 3699/2024;166661.16;impegno_perso;0
2651138;2024;DD 3694/2024;62738.5;senza_impegno;0
2651317;2024;DD 3691/2024;;impegno_perso;0
2652326;2024;DD 3690/2024;2500.0;senza_impegno;0
2651625;2024;DD 3671/2024;;impegno_perso;0
2651624;2024;DD 3670/2024;;impegno_perso;0
2650878;2024;DD 3648/2024;9154.54;impegno_perso;1
2650870;2024;DD 3647/2024;169128.77;impegno_perso;0
2650636;2024;DD 3644/2024;38985.71;impegno_perso;0
2650635;2024;DD 3642/2024;;impegno_perso;0
2650634;2024;DD 3641/2024;;senza_impegno;0
2650633;2024;DD 3640/2024;;impegno_perso;0
2650632;2024;DD 3639/2024;63700.0;impegno_perso;0
2650631;2024;DD 3638/2024;;impegno_perso;0
2652335;2024;DD 3637/2024;1500.0;impegno_perso;0
2650630;2024;DD 3636/2024;;impegno_perso;0
2652194;2024;DD 3634/2024;123.75;impegno_perso;0
2652329;2024;DD 3631/2024;4000.0;senza_impegno;0
2650933;2024;DD 3626/2024;236019.47;impegno_perso;1
2652392;2024;DD 3619/2024;199600.0;impegno_perso;1
2651776;2024;DD 3618/2024;70470.77;impegno_perso;1
2651685;2024;DD 3612/2024;5809.0;impegno_perso;1
2651684;2024;DD 3611/2024;6087.8;impegno_perso;1
2651683;2024;DD 3610/2024;927.2;impegno_perso;1
2650932;2024;DD 3608/2024;148924.18;senza_impegno;0
2651854;2024;DD 3606/2024;2832.0;senza_impegno;0
2650620;2024;DD 3604/2024;145180.49;senza_impegno;0
2650626;2024;DD 3601/2024;1500.0;impegno_perso;0
2651288;2024;DD 3577/2024;;senza_impegno;0
2651594;2024;DD 3576/2024;12000.0;senza_impegno;0
2651593;2024;DD 3575/2024;;senza_impegno;0
2651592;2024;DD 3574/2024;15000.0;senza_impegno;0
2651590;2024;DD 3572/2024;2700.0;impegno_perso;0
2651588;2024;DD 3570/2024;10000.0;impegno_perso;0
2650936;2024;DD 3566/2024;;senza_impegno;0
2650931;2024;DD 3564/2024;;senza_impegno;0
2652103;2024;DD 3556/2024;97500.0;senza_impegno;0
2652102;2024;DD 3555/2024;3240.0;impegno_perso;1
2651304;2024;DD 3550/2024;;impegno_perso;0
2650992;2024;DD 3531/2024;48787.8;impegno_perso;1
2651565;2024;DD 3522/2024;109000.0;senza_impegno;0
2651564;2024;DD 3521/2024;91000.0;senza_impegno;0
2651809;2024;DD 3509/2024;;senza_impegno;0
2651129;2024;DD 3487/2024;;senza_impegno;0
2651574;2024;DD 3484/2024;;impegno_perso;0
2652312;2024;DD 3479/2024;79958.8;impegno_perso;1
2650563;2024;DD 3472/2024;;senza_impegno;0
2650599;2024;DD 3467/2024;24000.0;impegno_perso;0
2650716;2024;DD 3465/2024;;impegno_perso;0
2652418;2024;DD 3464/2024;;senza_impegno;0
2650711;2024;DD 3460/2024;;senza_impegno;0
2652233;2024;DD 3459/2024;;senza_impegno;0
2650710;2024;DD 3458/2024;;senza_impegno;0
2650707;2024;DD 3454/2024;3050.0;impegno_perso;1
2650779;2024;DD 3444/2024;21960.0;impegno_perso;1
2650672;2024;DD 3443/2024;15103.84;impegno_perso;0
2650671;2024;DD 3442/2024;;senza_impegno;0
2650668;2024;DD 3439/2024;4885.77;impegno_perso;1
2652332;2024;DD 3433/2024;38758.64;impegno_perso;1
2650422;2024;DD 3428/2024;6092.68;impegno_perso;0
2650737;2024;DD 3422/2024;40000.0;senza_impegno;0
2653592;2024;DD 4864/2024;5000.0;impegno_perso;1
2653570;2024;DD 4845/2024;46360.0;impegno_perso;1
2655315;2024;DD 4828/2024;12200.0;impegno_perso;1
2653514;2024;DD 4815/2024;30000.0;senza_impegno;0
2656997;2024;DD 4808/2024;;impegno_perso;0
2653503;2024;DD 4801/2024;;senza_impegno;0
2653502;2024;DD 4800/2024;;impegno_perso;0
2653498;2024;DD 4793/2024;30600.0;impegno_perso;0
2653495;2024;DD 4790/2024;3000.0;senza_impegno;0
2653491;2024;DD 4788/2024;2050.0;senza_impegno;0
2653429;2024;DD 4780/2024;;impegno_perso;0
2653424;2024;DD 4770/2024;;impegno_perso;0
2653423;2024;DD 4762/2024;;impegno_perso;0
2653407;2024;DD 4756/2024;1000.4;impegno_perso;1
2653402;2024;DD 4751/2024;;impegno_perso;0
2653397;2024;DD 4741/2024;5488.11;impegno_perso;1
2653395;2024;DD 4739/2024;17000.0;senza_impegno;0
2653394;2024;DD 4738/2024;;impegno_perso;0
2653289;2024;DD 4710/2024;45100.88;impegno_perso;0
2653288;2024;DD 4709/2024;4500.0;senza_impegno;0
2653286;2024;DD 4708/2024;;impegno_perso;0
2653285;2024;DD 4707/2024;5000.0;impegno_perso;0
2653304;2024;DD 4706/2024;24500.0;senza_impegno;0
2653303;2024;DD 4705/2024;150000.0;impegno_perso;0
2653310;2024;DD 4702/2024;;impegno_perso;0
2653312;2024;DD 4699/2024;1800.0;impegno_perso;0
2653283;2024;DD 4693/2024;11097.34;impegno_perso;1
2653270;2024;DD 4692/2024;16200.0;senza_impegno;0
2653274;2024;DD 4685/2024;;impegno_perso;0
2653272;2024;DD 4679/2024;;senza_impegno;0
2653196;2024;DD 4658/2024;13000.0;impegno_perso;1
2653237;2024;DD 4657/2024;;impegno_perso;0
2653211;2024;DD 4656/2024;;impegno_perso;0
2653193;2024;DD 4648/2024;1200.0;senza_impegno;0
2653192;2024;DD 4647/2024;1200.0;senza_impegno;0
2653150;2024;DD 4645/2024;;senza_impegno;0
2653114;2024;DD 4641/2024;;impegno_perso;0
2653149;2024;DD 4636/2024;;senza_impegno;0
2653148;2024;DD 4635/2024;;senza_impegno;0
2653128;2024;DD 4633/2024;17900.0;impegno_perso;0
2653130;2024;DD 4625/2024;;senza_impegno;0
2653145;2024;DD 4622/2024;;impegno_perso;0
2653120;2024;DD 4611/2024;;impegno_perso;0
2653117;2024;DD 4608/2024;2632.0;impegno_perso;0
2653083;2024;DD 4606/2024;;senza_impegno;0
2655577;2024;DD 4571/2024;280193.77;impegno_perso;1
2658603;2024;DD 4602/2024;3372221.22;impegno_perso;0
2653088;2024;DD 4598/2024;12662.0;senza_impegno;0
2655575;2024;DD 4597/2024;499172.71;senza_impegno;0
2653087;2024;DD 4596/2024;3000.0;senza_impegno;0
2653086;2024;DD 4595/2024;149000.0;impegno_perso;0
2653085;2024;DD 4594/2024;;senza_impegno;0
2653026;2024;DD 4581/2024;;impegno_perso;0
2653025;2024;DD 4580/2024;;senza_impegno;0
2653009;2024;DD 4579/2024;;senza_impegno;0
2653008;2024;DD 4577/2024;28317.05;impegno_perso;0
2652993;2024;DD 4567/2024;;impegno_perso;0
2653005;2024;DD 4563/2024;;senza_impegno;0
2653006;2024;DD 4557/2024;;impegno_perso;0
2652997;2024;DD 4550/2024;9705.25;impegno_perso;0
2652996;2024;DD 4549/2024;25000.0;impegno_perso;0
2652995;2024;DD 4548/2024;;impegno_perso;0
2653015;2024;DD 4547/2024;;impegno_perso;0
2653014;2024;DD 4546/2024;;impegno_perso;0
2653013;2024;DD 4545/2024;;impegno_perso;0
2653012;2024;DD 4544/2024;13000.0;impegno_perso;0
2655574;2024;DD 4542/2024;9759369.22;impegno_perso;1
2652968;2024;DD 4528/2024;2287.41;impegno_perso;0
2652921;2024;DD 4539/2024;;impegno_perso;0
2652946;2024;DD 4525/2024;40310.01;impegno_perso;1
2652990;2024;DD 4523/2024;6000.0;senza_impegno;0
2652978;2024;DD 4521/2024;17504.18;senza_impegno;0
2656978;2024;DD 4507/2024;;impegno_perso;0
2652939;2024;DD 4506/2024;38209.66;impegno_perso;1
2652948;2024;DD 4505/2024;612514.21;impegno_perso;0
2652898;2024;DD 4502/2024;10000.0;senza_impegno;0
2652913;2024;DD 4501/2024;149000.0;senza_impegno;0
2652912;2024;DD 4500/2024;30000.0;senza_impegno;0
2652905;2024;DD 4487/2024;;senza_impegno;0
2652847;2024;DD 4477/2024;50000.0;senza_impegno;0
2652811;2024;DD 4473/2024;789540.92;impegno_perso;0
2652825;2024;DD 4457/2024;;senza_impegno;0
2652845;2024;DD 4455/2024;4250.0;impegno_perso;0
2652844;2024;DD 4454/2024;4250.0;impegno_perso;0
2655571;2024;DD 4453/2024;95000.0;senza_impegno;0
2652824;2024;DD 4439/2024;11356.17;senza_impegno;0
2652821;2024;DD 4438/2024;5000.0;senza_impegno;0
2655570;2024;DD 4449/2024;88000.0;impegno_perso;0
2652807;2024;DD 4447/2024;;impegno_perso;0
2652806;2024;DD 4446/2024;60950.0;senza_impegno;0
2652780;2024;DD 4434/2024;80814.69;senza_impegno;0
2652804;2024;DD 4428/2024;;impegno_perso;0
2652809;2024;DD 4421/2024;6600.0;senza_impegno;0
2652741;2024;DD 4412/2024;;senza_impegno;0
2652746;2024;DD 4407/2024;;impegno_perso;1
2652779;2024;DD 4399/2024;;impegno_perso;0
2652778;2024;DD 4401/2024;23715.99;impegno_perso;1
2652762;2024;DD 4394/2024;2140.0;impegno_perso;1
2652768;2024;DD 4390/2024;5000.0;senza_impegno;0
2652693;2024;DD 4387/2024;;impegno_perso;0
2652674;2024;DD 4363/2024;309.6;senza_impegno;0
2652673;2024;DD 4362/2024;3184.18;senza_impegno;0
2652592;2024;DD 4353/2024;;impegno_perso;0
2655568;2024;DD 4352/2024;;senza_impegno;0
2652630;2024;DD 4341/2024;;impegno_perso;0
2652629;2024;DD 4347/2024;96189.81;senza_impegno;0
2652599;2024;DD 4340/2024;40000.0;senza_impegno;0
2652597;2024;DD 4339/2024;35000.0;impegno_perso;0
2652595;2024;DD 4337/2024;2000.0;impegno_perso;0
2652594;2024;DD 4336/2024;40000.0;senza_impegno;0
2652628;2024;DD 4335/2024;18000.0;senza_impegno;0
2652626;2024;DD 4329/2024;49000.0;impegno_perso;1
2652624;2024;DD 4332/2024;;senza_impegno;0
2652622;2024;DD 4330/2024;91769.01;impegno_perso;0
2652569;2024;DD 4315/2024;;impegno_perso;0
2652568;2024;DD 4314/2024;;senza_impegno;0
2652584;2024;DD 4311/2024;47277.0;impegno_perso;0
2652547;2024;DD 4310/2024;41565.0;impegno_perso;1
2652575;2024;DD 4296/2024;66600.0;impegno_perso;1
2652572;2024;DD 4294/2024;;impegno_perso;0
2652394;2024;DD 4271/2024;120538.56;impegno_perso;1
2652269;2024;DD 4259/2024;5000.0;impegno_perso;0
2652363;2024;DD 4258/2024;5000.0;senza_impegno;0
2652419;2024;DD 4247/2024;11596.41;impegno_perso;1
2651079;2024;DD 4246/2024;38000.0;senza_impegno;0
2651104;2024;DD 4239/2024;40000.0;senza_impegno;0
2651252;2024;DD 4238/2024;149000.0;senza_impegno;0
2651251;2024;DD 4237/2024;191147.95;impegno_perso;0
2651249;2024;DD 4236/2024;2000.0;senza_impegno;0
2651331;2024;DD 4233/2024;3000.0;senza_impegno;0
2651078;2024;DD 4232/2024;80000.0;senza_impegno;0
2651077;2024;DD 4231/2024;105000.0;senza_impegno;0
2651075;2024;DD 4230/2024;323.3;impegno_perso;1
2651494;2024;DD 4220/2024;28284.62;impegno_perso;0
2651180;2024;DD 4205/2024;60000.0;senza_impegno;0
2651555;2024;DD 4202/2024;30000.0;senza_impegno;0
2651240;2024;DD 4180/2024;6500.0;impegno_perso;0
2651312;2024;DD 4168/2024;;senza_impegno;0
2651157;2024;DD 4165/2024;162067.5;senza_impegno;0
2651156;2024;DD 4163/2024;5000.0;impegno_perso;0
2651384;2024;DD 4159/2024;153000.0;senza_impegno;0
2652433;2024;DD 4158/2024;4650.0;senza_impegno;0
2651383;2024;DD 4157/2024;80000.0;impegno_perso;0
2651382;2024;DD 4156/2024;55000.0;impegno_perso;0
2651540;2024;DD 4155/2024;3800.0;impegno_perso;0
2651401;2024;DD 4154/2024;5000.0;impegno_perso;0
2651520;2024;DD 4153/2024;;senza_impegno;0
2651519;2024;DD 4152/2024;;senza_impegno;0
2651518;2024;DD 4151/2024;;senza_impegno;0
2651378;2024;DD 4150/2024;;senza_impegno;0
2651372;2024;DD 4140/2024;45838.52;senza_impegno;0
2651656;2024;DD 4125/2024;111850.0;impegno_perso;1
2652149;2024;DD 4117/2024;;senza_impegno;0
2652145;2024;DD 4108/2024;2684.0;impegno_perso;1
2652141;2024;DD 4103/2024;4453.0;impegno_perso;0
2651330;2024;DD 4097/2024;46849374.99;impegno_perso;0
2651983;2024;DD 4086/2024;17000.0;senza_impegno;0
2651120;2024;DD 4084/2024;49500.0;impegno_perso;0
2651606;2024;DD 4074/2024;110000.0;senza_impegno;0
2651982;2024;DD 4062/2024;;senza_impegno;0
2651959;2024;DD 4061/2024;;impegno_perso;0
2651281;2024;DD 4053/2024;3750.0;senza_impegno;0
2651280;2024;DD 4052/2024;;senza_impegno;0
2651696;2024;DD 4051/2024;;senza_impegno;0
2652325;2024;DD 4047/2024;15990.0;impegno_perso;0
2651274;2024;DD 4040/2024;28000.0;senza_impegno;0
2651153;2024;DD 4039/2024;95000.0;senza_impegno;0
2651955;2024;DD 4037/2024;37400.0;senza_impegno;0
2651954;2024;DD 4036/2024;10000.0;senza_impegno;0
2651940;2024;DD 4030/2024;;impegno_perso;0
2651939;2024;DD 4029/2024;;impegno_perso;0
2651152;2024;DD 4028/2024;10000.0;senza_impegno;0
2652423;2024;DD 4027/2024;1300.0;senza_impegno;0
2651601;2024;DD 4009/2024;240000.0;impegno_perso;0
2651046;2024;DD 3986/2024;;senza_impegno;0
2652038;2024;DD 3965/2024;37450.0;senza_impegno;0
2651061;2024;DD 3962/2024;10000.0;senza_impegno;0
2651040;2024;DD 3951/2024;;senza_impegno;0
2651902;2024;DD 3947/2024;10000.0;senza_impegno;0
2651231;2024;DD 3946/2024;1700.0;senza_impegno;0
2652161;2024;DD 3943/2024;11500.0;senza_impegno;0
2652160;2024;DD 3942/2024;9000.0;senza_impegno;0
2652159;2024;DD 3941/2024;1800.0;impegno_perso;0
2652158;2024;DD 3940/2024;36000.0;senza_impegno;0
2651066;2024;DD 3939/2024;5000.0;impegno_perso;0
2651272;2024;DD 3938/2024;;senza_impegno;0
2652500;2024;DD 3937/2024;6660.0;impegno_perso;1
2651738;2024;DD 3933/2024;149303.69;senza_impegno;0
2652006;2024;DD 3929/2024;42094.6;impegno_perso;1
2652004;2024;DD 3917/2024;;impegno_perso;0
2651910;2024;DD 3913/2024;45889.38;impegno_perso;1
2651115;2024;DD 3896/2024;;impegno_perso;0
2651850;2024;DD 3887/2024;30000.0;senza_impegno;0
2650950;2024;DD 3883/2024;35000.0;senza_impegno;0
2651587;2024;DD 3881/2024;149600.0;senza_impegno;0
2651586;2024;DD 3882/2024;4800.0;senza_impegno;0
2651585;2024;DD 3880/2024;;impegno_perso;0
2650947;2024;DD 3879/2024;108000.0;impegno_perso;0
2652474;2024;DD 3873/2024;590.0;impegno_perso;1
2655252;2024;DD 5715/2024;5000.0;senza_impegno;0
2655302;2024;DD 5712/2024;;senza_impegno;0
2655254;2024;DD 5711/2024;80000.0;senza_impegno;0
2655249;2024;DD 5708/2024;;senza_impegno;0
2655290;2024;DD 5706/2024;8000.0;impegno_perso;0
2655300;2024;DD 5705/2024;;senza_impegno;0
2655292;2024;DD 5704/2024;1827.0;impegno_perso;0
2655203;2024;DD 5696/2024;;impegno_perso;0
2655217;2024;DD 5695/2024;50000.0;senza_impegno;0
2655200;2024;DD 5694/2024;9630.0;senza_impegno;0
2655221;2024;DD 5693/2024;11000.0;senza_impegno;0
2655224;2024;DD 5691/2024;445037.7;impegno_perso;1
2655226;2024;DD 5690/2024;34000.0;impegno_perso;0
2655223;2024;DD 5682/2024;;senza_impegno;0
2655204;2024;DD 5667/2024;19500.0;impegno_perso;0
2655213;2024;DD 5664/2024;84099.48;impegno_perso;0
2655190;2024;DD 5650/2024;8627.84;impegno_perso;0
2655180;2024;DD 5649/2024;50000.0;senza_impegno;0
2655157;2024;DD 5648/2024;;senza_impegno;0
2655068;2024;DD 5609/2024;1029.93;impegno_perso;1
2655127;2024;DD 5600/2024;;impegno_perso;0
2655137;2024;DD 5599/2024;17000.0;senza_impegno;0
2655139;2024;DD 5597/2024;15000.0;impegno_perso;0
2655043;2024;DD 5595/2024;93464.27;senza_impegno;0
2655606;2024;DD 5594/2024;40000.0;senza_impegno;0
2655027;2024;DD 5592/2024;;senza_impegno;0
2655015;2024;DD 5583/2024;658000.0;senza_impegno;0
2655012;2024;DD 5577/2024;;senza_impegno;0
2655605;2024;DD 5564/2024;968.39;impegno_perso;0
2655607;2024;DD 5566/2024;43380.0;senza_impegno;0
2655040;2024;DD 5562/2024;;impegno_perso;0
2655050;2024;DD 5561/2024;;impegno_perso;0
2654969;2024;DD 5540/2024;;senza_impegno;0
2654948;2024;DD 5539/2024;;senza_impegno;0
2654990;2024;DD 5538/2024;;impegno_perso;0
2654966;2024;DD 5532/2024;27233.52;senza_impegno;0
2654960;2024;DD 5531/2024;9705.25;impegno_perso;0
2654900;2024;DD 5524/2024;;senza_impegno;0
2654928;2024;DD 5512/2024;2078.25;impegno_perso;1
2655366;2024;DD 5506/2024;5200.0;impegno_perso;0
2655604;2024;DD 5505/2024;50000.0;senza_impegno;0
2655603;2024;DD 5504/2024;31500.0;senza_impegno;0
2654845;2024;DD 5502/2024;120000.0;impegno_perso;1
2654874;2024;DD 5495/2024;;senza_impegno;0
2654856;2024;DD 5494/2024;50000.0;impegno_perso;0
2654854;2024;DD 5474/2024;5400.0;impegno_perso;0
2654835;2024;DD 5473/2024;4995.0;impegno_perso;0
2654881;2024;DD 5472/2024;12503.78;impegno_perso;1
2654832;2024;DD 5471/2024;33550.0;impegno_perso;1
2654725;2024;DD 5458/2024;4000.0;impegno_perso;0
2654733;2024;DD 5447/2024;;senza_impegno;0
2654754;2024;DD 5446/2024;149000.0;senza_impegno;0
2654769;2024;DD 5445/2024;3000.0;impegno_perso;0
2654730;2024;DD 5443/2024;12500.0;senza_impegno;0
2654736;2024;DD 5442/2024;;senza_impegno;0
2654738;2024;DD 5441/2024;;senza_impegno;0
2654778;2024;DD 5440/2024;16000.0;senza_impegno;0
2654700;2024;DD 5423/2024;;senza_impegno;0
2654712;2024;DD 5422/2024;95000.0;senza_impegno;0
2654656;2024;DD 5420/2024;;senza_impegno;0
2654655;2024;DD 5418/2024;409.44;impegno_perso;1
2654671;2024;DD 5411/2024;;senza_impegno;0
2654703;2024;DD 5409/2024;;senza_impegno;0
2655362;2024;DD 5404/2024;2900.0;senza_impegno;0
2654651;2024;DD 5398/2024;322.87;senza_impegno;0
2654661;2024;DD 5395/2024;;impegno_perso;0
2654653;2024;DD 5394/2024;42361.53;impegno_perso;0
2654666;2024;DD 5393/2024;146000.0;impegno_perso;0
2654688;2024;DD 5392/2024;;senza_impegno;0
2654620;2024;DD 5380/2024;;impegno_perso;1
2654615;2024;DD 5367/2024;2000.0;impegno_perso;0
2654606;2024;DD 5366/2024;;senza_impegno;0
2654564;2024;DD 5365/2024;;senza_impegno;0
2654567;2024;DD 5364/2024;156000.0;senza_impegno;0
2655361;2024;DD 5355/2024;;impegno_perso;0
2654600;2024;DD 5351/2024;320.0;impegno_perso;1
2654581;2024;DD 5335/2024;4540.18;impegno_perso;0
2654611;2024;DD 5334/2024;2000.0;senza_impegno;0
2654517;2024;DD 5329/2024;63135.08;impegno_perso;1
2654526;2024;DD 5305/2024;;impegno_perso;1
2654494;2024;DD 5287/2024;366.0;impegno_perso;0
2655600;2024;DD 5258/2024;10000.0;senza_impegno;0
2654372;2024;DD 5243/2024;3146.0;impegno_perso;1
2654410;2024;DD 5242/2024;;senza_impegno;0
2654379;2024;DD 5234/2024;;senza_impegno;0
2654287;2024;DD 5210/2024;;impegno_perso;0
2654300;2024;DD 5209/2024;12500.0;senza_impegno;0
2654299;2024;DD 5200/2024;;impegno_perso;0
2654240;2024;DD 5193/2024;12500.0;senza_impegno;0
2655438;2024;DD 5173/2024;350000.0;impegno_perso;1
2654162;2024;DD 5172/2024;320000.0;impegno_perso;1
2654179;2024;DD 5171/2024;139289.87;senza_impegno;0
2654175;2024;DD 5149/2024;12700.0;senza_impegno;0
2654159;2024;DD 5141/2024;30000.0;senza_impegno;0
2654155;2024;DD 5137/2024;17000.0;senza_impegno;0
2654177;2024;DD 5135/2024;25620.0;impegno_perso;0
2654176;2024;DD 5134/2024;;senza_impegno;0
2654147;2024;DD 5124/2024;500000.0;impegno_perso;1
2655339;2024;DD 5119/2024;60270.01;senza_impegno;1
2654061;2024;DD 5104/2024;;impegno_perso;0
2654095;2024;DD 5101/2024;;impegno_perso;0
2654091;2024;DD 5090/2024;85925.85;impegno_perso;1
2654041;2024;DD 5078/2024;5000.0;impegno_perso;0
2654040;2024;DD 5077/2024;;senza_impegno;0
2654056;2024;DD 5072/2024;2000.0;senza_impegno;0
2654052;2024;DD 5068/2024;;senza_impegno;0
2654051;2024;DD 5067/2024;410000.0;senza_impegno;0
2655595;2024;DD 5058/2024;;impegno_perso;0
2654050;2024;DD 5057/2024;28200.0;impegno_perso;1
2653985;2024;DD 5054/2024;40388.73;impegno_perso;1
2653984;2024;DD 5053/2024;20937.4;impegno_perso;1
2655593;2024;DD 5051/2024;;impegno_perso;0
2655611;2024;DD 5050/2024;;impegno_perso;0
2655594;2024;DD 5049/2024;70000.0;senza_impegno;0
2653995;2024;DD 5043/2024;;senza_impegno;0
2653989;2024;DD 5031/2024;;senza_impegno;0
2653988;2024;DD 5028/2024;;senza_impegno;0
2653952;2024;DD 5040/2024;348080.26;impegno_perso;0
2653951;2024;DD 5039/2024;;senza_impegno;0
2653947;2024;DD 5037/2024;35331.0;senza_impegno;0
2653941;2024;DD 5030/2024;;senza_impegno;1
2653940;2024;DD 5029/2024;;senza_impegno;1
2653909;2024;DD 5022/2024;12800.0;senza_impegno;0
2653906;2024;DD 5020/2024;;impegno_perso;0
2653860;2024;DD 5009/2024;3132225.23;impegno_perso;1
2653845;2024;DD 5004/2024;;senza_impegno;0
2653850;2024;DD 5001/2024;17000.0;senza_impegno;0
2655592;2024;DD 5000/2024;30000.0;senza_impegno;0
2653841;2024;DD 4989/2024;3200.0;senza_impegno;0
2653761;2024;DD 4981/2024;66300.0;senza_impegno;0
2653779;2024;DD 4977/2024;12245.1;impegno_perso;0
2653773;2024;DD 4968/2024;;senza_impegno;0
2653758;2024;DD 4961/2024;56.11;impegno_perso;1
2653757;2024;DD 4960/2024;10781.88;impegno_perso;1
2653742;2024;DD 4956/2024;4587.2;senza_impegno;0
2653726;2024;DD 4942/2024;;impegno_perso;0
2653720;2024;DD 4939/2024;1370962.14;impegno_perso;0
2653715;2024;DD 4936/2024;;impegno_perso;0
2653712;2024;DD 4932/2024;88169.4;impegno_perso;1
2653702;2024;DD 4917/2024;16571.7;impegno_perso;0
2653696;2024;DD 4911/2024;3800.0;impegno_perso;1
2653654;2024;DD 4900/2024;268.4;impegno_perso;1
2653647;2024;DD 4898/2024;8641.31;impegno_perso;1
2653633;2024;DD 4893/2024;5440.0;impegno_perso;0
2653651;2024;DD 4892/2024;12825.0;impegno_perso;0
2653609;2024;DD 4879/2024;;senza_impegno;0
2653600;2024;DD 4876/2024;1000.0;impegno_perso;1
2656594;2024;DD 6332/2024;207234.93;senza_impegno;0
2656556;2024;DD 6324/2024;2700.73;impegno_perso;0
2656586;2024;DD 6323/2024;215.95;impegno_perso;0
2656537;2024;DD 6309/2024;1999.58;impegno_perso;1
2656534;2024;DD 6304/2024;506.3;impegno_perso;1
2657119;2024;DD 6282/2024;2152.08;impegno_perso;1
2657096;2024;DD 6171/2024;585587.8;impegno_perso;1
2656406;2024;DD 6266/2024;174750.99;impegno_perso;0
2657090;2024;DD 6259/2024;;senza_impegno;0
2657079;2024;DD 6257/2024;80000.0;senza_impegno;0
2656427;2024;DD 6254/2024;790000.0;impegno_perso;0
2656407;2024;DD 6252/2024;;impegno_perso;0
2656412;2024;DD 6248/2024;157308.28;impegno_perso;0
2656428;2024;DD 6247/2024;152277.24;impegno_perso;0
2657083;2024;DD 6245/2024;;senza_impegno;0
2657088;2024;DD 6244/2024;;impegno_perso;0
2657092;2024;DD 6240/2024;12845.0;impegno_perso;1
2656404;2024;DD 6239/2024;5000.0;impegno_perso;1
2656387;2024;DD 6234/2024;19916.5;impegno_perso;1
2657073;2024;DD 6233/2024;6039.0;impegno_perso;1
2656397;2024;DD 6229/2024;14640.0;impegno_perso;1
2656403;2024;DD 6228/2024;15000.0;senza_impegno;0
2656424;2024;DD 6222/2024;20500.0;impegno_perso;1
2656373;2024;DD 6221/2024;183.0;impegno_perso;1
2657067;2024;DD 6204/2024;36.85;impegno_perso;1
2656365;2024;DD 6192/2024;30000.0;senza_impegno;0
2656319;2024;DD 6170/2024;2419.5;impegno_perso;1
2656350;2024;DD 6168/2024;4800.0;senza_impegno;0
2656173;2024;DD 6144/2024;62708.0;impegno_perso;1
2656148;2024;DD 6139/2024;80000.0;impegno_perso;0
2656209;2024;DD 6136/2024;52056.7;impegno_perso;0
2656166;2024;DD 6135/2024;20000.0;impegno_perso;0
2656211;2024;DD 6134/2024;8000.0;impegno_perso;0
2656335;2024;DD 6132/2024;30000.0;senza_impegno;0
2657029;2024;DD 6130/2024;52076.45;impegno_perso;1
2656149;2024;DD 6128/2024;8999.99;impegno_perso;0
2656158;2024;DD 6129/2024;;impegno_perso;0
2656151;2024;DD 6127/2024;1633635.24;impegno_perso;0
2657031;2024;DD 6126/2024;;senza_impegno;0
2656177;2024;DD 6114/2024;640.0;impegno_perso;1
2656299;2024;DD 6113/2024;21081.6;impegno_perso;1
2656172;2024;DD 6112/2024;71000.0;impegno_perso;0
2656127;2024;DD 6093/2024;;senza_impegno;0
2656105;2024;DD 6091/2024;33184.0;impegno_perso;1
2656138;2024;DD 6089/2024;2287.41;impegno_perso;0
2656134;2024;DD 6088/2024;1300297.75;impegno_perso;1
2656111;2024;DD 6073/2024;;impegno_perso;0
2656091;2024;DD 6061/2024;825.0;impegno_perso;1
2656082;2024;DD 6056/2024;15000.0;senza_impegno;0
2656015;2024;DD 6055/2024;44000.0;senza_impegno;0
2656016;2024;DD 6054/2024;;impegno_perso;0
2656036;2024;DD 6048/2024;;impegno_perso;0
2656076;2024;DD 6038/2024;140000.0;impegno_perso;0
2656075;2024;DD 6033/2024;300.0;impegno_perso;1
2655993;2024;DD 6025/2024;15616458.33;impegno_perso;1
2655990;2024;DD 6024/2024;155000.0;senza_impegno;0
2655979;2024;DD 6022/2024;172750.0;impegno_perso;0
2655923;2024;DD 6021/2024;;senza_impegno;0
2655919;2024;DD 6019/2024;129304.8;impegno_perso;0
2655946;2024;DD 6018/2024;;senza_impegno;0
2655912;2024;DD 6013/2024;1800000.0;senza_impegno;0
2655939;2024;DD 6000/2024;20000.0;senza_impegno;0
2655953;2024;DD 5992/2024;1000.0;senza_impegno;0
2655879;2024;DD 5970/2024;2363.85;impegno_perso;1
2655890;2024;DD 5966/2024;500.0;impegno_perso;1
2655856;2024;DD 5957/2024;;impegno_perso;1
2655874;2024;DD 5956/2024;201993.59;impegno_perso;0
2655827;2024;DD 5932/2024;2150.0;impegno_perso;1
2655801;2024;DD 5929/2024;60612.6;impegno_perso;1
2655789;2024;DD 5930/2024;;senza_impegno;0
2655815;2024;DD 5923/2024;3333.5;impegno_perso;1
2655836;2024;DD 5918/2024;61400.0;senza_impegno;0
2655834;2024;DD 5911/2024;;senza_impegno;0
2655806;2024;DD 5908/2024;;impegno_perso;0
2655807;2024;DD 5906/2024;2359.0;impegno_perso;1
2655829;2024;DD 5903/2024;;senza_impegno;0
2655729;2024;DD 5901/2024;;senza_impegno;0
2655744;2024;DD 5900/2024;;senza_impegno;0
2655745;2024;DD 5897/2024;;senza_impegno;0
2655750;2024;DD 5895/2024;;impegno_perso;0
2655703;2024;DD 5890/2024;;senza_impegno;0
2657023;2024;DD 5888/2024;39458.97;impegno_perso;1
2655769;2024;DD 5885/2024;25000.0;senza_impegno;0
2655714;2024;DD 5883/2024;40000.0;senza_impegno;0
2655710;2024;DD 5882/2024;15000.0;impegno_perso;0
2655756;2024;DD 5874/2024;33672.0;impegno_perso;1
2655690;2024;DD 5868/2024;;senza_impegno;0
2655643;2024;DD 5867/2024;;senza_impegno;0
2655692;2024;DD 5853/2024;330620.0;impegno_perso;1
2655688;2024;DD 5846/2024;1840.4;impegno_perso;0
2655553;2024;DD 5835/2024;1500.0;senza_impegno;0
2655537;2024;DD 5831/2024;;senza_impegno;0
2657021;2024;DD 5830/2024;;impegno_perso;0
2655515;2024;DD 5815/2024;3440.4;impegno_perso;0
2655444;2024;DD 5800/2024;150000.0;impegno_perso;0
2655469;2024;DD 5799/2024;150000.0;impegno_perso;0
2655459;2024;DD 5798/2024;30000.0;impegno_perso;0
2655448;2024;DD 5797/2024;;impegno_perso;0
2655390;2024;DD 5770/2024;950.0;impegno_perso;1
2655404;2024;DD 5749/2024;;senza_impegno;0
2655418;2024;DD 5746/2024;;senza_impegno;0
2658789;2024;DD 6687/2024;;senza_impegno;0
2658094;2024;DD 7072/2024;802950.32;impegno_perso;0
2658120;2024;DD 7071/2024;522207.88;impegno_perso;0
2658131;2024;DD 7058/2024;27000.0;senza_impegno;0
2658113;2024;DD 7057/2024;5000.0;senza_impegno;0
2658071;2024;DD 7056/2024;1011.0;impegno_perso;1
2658080;2024;DD 7052/2024;10000.0;impegno_perso;1
2657983;2024;DD 7040/2024;91400.0;impegno_perso;0
2658039;2024;DD 7037/2024;;senza_impegno;0
2657999;2024;DD 7035/2024;;senza_impegno;0
2658007;2024;DD 7032/2024;;senza_impegno;0
2657968;2024;DD 7024/2024;;impegno_perso;1
2657996;2024;DD 7008/2024;4758.0;impegno_perso;1
2657967;2024;DD 7007/2024;24400.0;impegno_perso;0
2657982;2024;DD 7005/2024;366.04;senza_impegno;0
2657949;2024;DD 6997/2024;;senza_impegno;0
2657868;2024;DD 6967/2024;;impegno_perso;0
2657881;2024;DD 6965/2024;;senza_impegno;0
2657877;2024;DD 6954/2024;200900.0;impegno_perso;1
2657896;2024;DD 6952/2024;3154.7;pdf_illeggibile;
2657860;2024;DD 6950/2024;;senza_impegno;0
2658046;2024;DD 6724/2024;;senza_impegno;0
2657879;2024;DD 6937/2024;;impegno_perso;0
2657905;2024;DD 6938/2024;;senza_impegno;0
2657878;2024;DD 6931/2024;22243.69;senza_impegno;0
2657887;2024;DD 6930/2024;9777.52;impegno_perso;1
2657856;2024;DD 6932/2024;7200.0;senza_impegno;0
2657774;2024;DD 6899/2024;619.11;impegno_perso;0
2657754;2024;DD 6897/2024;;senza_impegno;0
2657829;2024;DD 6898/2024;;senza_impegno;0
2657792;2024;DD 6895/2024;;impegno_perso;0
2657761;2024;DD 6878/2024;5673.0;impegno_perso;1
2657739;2024;DD 6866/2024;27439.89;impegno_perso;1
2657607;2024;DD 6827/2024;30225.35;impegno_perso;0
2657601;2024;DD 6815/2024;2500.0;senza_impegno;0
2657617;2024;DD 6814/2024;33184.0;impegno_perso;0
2657627;2024;DD 6813/2024;1000.0;senza_impegno;0
2657588;2024;DD 6812/2024;1000.0;senza_impegno;0
2657630;2024;DD 6802/2024;;senza_impegno;1
2657523;2024;DD 6784/2024;;impegno_perso;0
2657526;2024;DD 6771/2024;1407.07;impegno_perso;1
2657520;2024;DD 6766/2024;;senza_impegno;0
2657554;2024;DD 6758/2024;7667.85;senza_impegno;0
2657577;2024;DD 6756/2024;97494.12;impegno_perso;0
2657552;2024;DD 6757/2024;67000.0;senza_impegno;0
2657451;2024;DD 6741/2024;;senza_impegno;0
2657445;2024;DD 6740/2024;;impegno_perso;0
2657469;2024;DD 6739/2024;4500.0;senza_impegno;0
2657449;2024;DD 6738/2024;38000.0;impegno_perso;0
2657442;2024;DD 6735/2024;;senza_impegno;0
2657421;2024;DD 6703/2024;1007.11;impegno_perso;0
2657436;2024;DD 6711/2024;;senza_impegno;0
2657346;2024;DD 6694/2024;41199.4;impegno_perso;0
2657328;2024;DD 6693/2024;52056.7;impegno_perso;0
2657355;2024;DD 6685/2024;;senza_impegno;0
2657341;2024;DD 6669/2024;;impegno_perso;1
2657250;2024;DD 6626/2024;;senza_impegno;0
2657280;2024;DD 6620/2024;2000.0;senza_impegno;0
2657251;2024;DD 6608/2024;139676.03;impegno_perso;0
2657149;2024;DD 6591/2024;;senza_impegno;0
2657136;2024;DD 6590/2024;40834.27;senza_impegno;0
2657198;2024;DD 6588/2024;;senza_impegno;0
2657141;2024;DD 6577/2024;;senza_impegno;0
2657139;2024;DD 6575/2024;;impegno_perso;0
2657158;2024;DD 6576/2024;;impegno_perso;0
2657140;2024;DD 6563/2024;2830.4;impegno_perso;1
2657210;2024;DD 6560/2024;;impegno_perso;0
2657167;2024;DD 6558/2024;;senza_impegno;0
2657156;2024;DD 6554/2024;;senza_impegno;0
2656890;2024;DD 6543/2024;;senza_impegno;0
2656927;2024;DD 6541/2024;3500.0;senza_impegno;0
2656746;2024;DD 6505/2024;16000.0;senza_impegno;0
2656779;2024;DD 6501/2024;;impegno_perso;1
2656807;2024;DD 6474/2024;;senza_impegno;0
2656817;2024;DD 6462/2024;;impegno_perso;1
2656696;2024;DD 6443/2024;3146276.5;impegno_perso;1
2661269;2024;DD 6425/2024;;impegno_perso;0
2661270;2024;DD 6425/2024;;impegno_perso;0
2656720;2024;DD 6410/2024;125.0;impegno_perso;0
2656623;2024;DD 6409/2024;;impegno_perso;0
2656723;2024;DD 6408/2024;;impegno_perso;0
2656625;2024;DD 6392/2024;3550.0;senza_impegno;0
2656684;2024;DD 6391/2024;893.5;impegno_perso;1
2656665;2024;DD 6382/2024;1500.0;senza_impegno;0
2656705;2024;DD 6380/2024;15332.92;impegno_perso;1
2656689;2024;DD 6346/2024;;impegno_perso;0
2656606;2024;DD 6341/2024;50000.0;senza_impegno;0
2661093;2024;DD 7410/2024;;senza_impegno;0
2659940;2024;DD 7749/2024;2921628.5;impegno_perso;1
2660941;2024;DD 8089/2024;4606.92;impegno_perso;1
2659799;2024;DD 8072/2024;39500.0;impegno_perso;0
2659734;2024;DD 8062/2024;4941.0;impegno_perso;1
2659731;2024;DD 8051/2024;1178084.0;impegno_perso;1
2659813;2024;DD 8049/2024;5300.41;impegno_perso;1
2659688;2024;DD 8044/2024;54000.0;impegno_perso;0
2659792;2024;DD 8028/2024;2000.0;impegno_perso;1
2659702;2024;DD 8009/2024;823.5;impegno_perso;0
2659728;2024;DD 8007/2024;;senza_impegno;0
2659780;2024;DD 8006/2024;;senza_impegno;0
2659684;2024;DD 7999/2024;4997.12;impegno_perso;0
2659764;2024;DD 7998/2024;3355.7;impegno_perso;0
2661062;2024;DD 7996/2024;366000.0;impegno_perso;1
2659621;2024;DD 7969/2024;5670.08;impegno_perso;0
2659560;2024;DD 7966/2024;300000.0;impegno_perso;0
2659583;2024;DD 7945/2024;49289.0;senza_impegno;0
2659636;2024;DD 7944/2024;;senza_impegno;0
2659512;2024;DD 7925/2024;4845.84;impegno_perso;1
2659497;2024;DD 7908/2024;4000.0;impegno_perso;0
2659518;2024;DD 7905/2024;8000.0;impegno_perso;0
2659524;2024;DD 7897/2024;5400.0;impegno_perso;1
2659536;2024;DD 7902/2024;;senza_impegno;0
2659390;2024;DD 7876/2024;;senza_impegno;0
2659418;2024;DD 7874/2024;;senza_impegno;0
2661058;2024;DD 7875/2024;;senza_impegno;0
2661037;2024;DD 7860/2024;;senza_impegno;0
2661036;2024;DD 7857/2024;;senza_impegno;0
2660930;2024;DD 7858/2024;;senza_impegno;0
2659439;2024;DD 7871/2024;;senza_impegno;0
2659413;2024;DD 7873/2024;;senza_impegno;0
2661005;2024;DD 7872/2024;;senza_impegno;0
2659372;2024;DD 7868/2024;;senza_impegno;0
2660931;2024;DD 7862/2024;;senza_impegno;0
2660924;2024;DD 7870/2024;;senza_impegno;0
2661059;2024;DD 7865/2024;;senza_impegno;0
2659464;2024;DD 7869/2024;;senza_impegno;0
2659376;2024;DD 7867/2024;;senza_impegno;0
2661004;2024;DD 7861/2024;;senza_impegno;0
2659447;2024;DD 7864/2024;;senza_impegno;0
2660927;2024;DD 7866/2024;;senza_impegno;0
2659395;2024;DD 7851/2024;;senza_impegno;0
2659381;2024;DD 7850/2024;;senza_impegno;0
2659385;2024;DD 7853/2024;;senza_impegno;0
2659416;2024;DD 7854/2024;;senza_impegno;0
2660928;2024;DD 7855/2024;;senza_impegno;0
2659431;2024;DD 7856/2024;;senza_impegno;0
2659362;2024;DD 7852/2024;;senza_impegno;0
2659377;2024;DD 7845/2024;4999.0;impegno_perso;1
2659402;2024;DD 7844/2024;109844.52;impegno_perso;1
2659367;2024;DD 7833/2024;1468.99;impegno_perso;1
2659404;2024;DD 7832/2024;;senza_impegno;0
2659460;2024;DD 7821/2024;;senza_impegno;0
2659412;2024;DD 7818/2024;3322.55;impegno_perso;1
2659443;2024;DD 7813/2024;39534.0;impegno_perso;1
2659388;2024;DD 7812/2024;69466.0;impegno_perso;1
2659407;2024;DD 7802/2024;149944.34;impegno_perso;0
2659294;2024;DD 7793/2024;350000.0;impegno_perso;1
2659313;2024;DD 7788/2024;320000.0;impegno_perso;0
2659315;2024;DD 7786/2024;;senza_impegno;0
2659323;2024;DD 7782/2024;;impegno_perso;0
2659295;2024;DD 7780/2024;59000.0;impegno_perso;0
2659276;2024;DD 7771/2024;1000.0;impegno_perso;0
2659316;2024;DD 7769/2024;1045440.25;impegno_perso;1
2659360;2024;DD 7762/2024;;senza_impegno;0
2659324;2024;DD 7761/2024;;impegno_perso;0
2659325;2024;DD 7745/2024;9266.4;impegno_perso;0
2659234;2024;DD 7742/2024;;senza_impegno;0
2660919;2024;DD 7741/2024;;senza_impegno;0
2659241;2024;DD 7733/2024;;senza_impegno;0
2659165;2024;DD 7731/2024;4429155.57;impegno_perso;1
2659209;2024;DD 7728/2024;11000.0;senza_impegno;0
2659193;2024;DD 7727/2024;11000.0;senza_impegno;0
2659267;2024;DD 7726/2024;;senza_impegno;0
2659179;2024;DD 7711/2024;;senza_impegno;0
2659173;2024;DD 7710/2024;7993.44;impegno_perso;0
2659259;2024;DD 7683/2024;2696.0;impegno_perso;1
2661034;2024;DD 7660/2024;30000.0;impegno_perso;1
2659224;2024;DD 7655/2024;59000.0;impegno_perso;0
2659121;2024;DD 7636/2024;6492.3;impegno_perso;1
2659070;2024;DD 7626/2024;;impegno_perso;1
2659086;2024;DD 7622/2024;295850.0;impegno_perso;0
2659074;2024;DD 7617/2024;7500.0;impegno_perso;1
2659117;2024;DD 7615/2024;231900.0;senza_impegno;0
2659051;2024;DD 7614/2024;;senza_impegno;0
2659082;2024;DD 7607/2024;;impegno_perso;0
2659041;2024;DD 7603/2024;10000.0;impegno_perso;0
2659103;2024;DD 7592/2024;10000.0;impegno_perso;0
2659122;2024;DD 7586/2024;19000.0;senza_impegno;0
2659116;2024;DD 7585/2024;12500.0;senza_impegno;0
2659030;2024;DD 7583/2024;7708.93;impegno_perso;1
2658928;2024;DD 7563/2024;;impegno_perso;0
2658979;2024;DD 7561/2024;193816.56;impegno_perso;0
2658939;2024;DD 7559/2024;9850.0;senza_impegno;0
2658995;2024;DD 7558/2024;;impegno_perso;0
2658988;2024;DD 7555/2024;15494.0;impegno_perso;1
2658930;2024;DD 7544/2024;2000.0;senza_impegno;0
2658977;2024;DD 7540/2024;;impegno_perso;0
2658950;2024;DD 7536/2024;115497.83;senza_impegno;0
2658963;2024;DD 7533/2024;4500.0;senza_impegno;0
2658955;2024;DD 7531/2024;;senza_impegno;0
2659001;2024;DD 7505/2024;;senza_impegno;0
2658745;2024;DD 7452/2024;;senza_impegno;0
2658755;2024;DD 7439/2024;6000.0;impegno_perso;0
2658800;2024;DD 7436/2024;;impegno_perso;1
2658798;2024;DD 7429/2024;35526.52;impegno_perso;1
2658779;2024;DD 7422/2024;;senza_impegno;0
2658668;2024;DD 7404/2024;74702.0;senza_impegno;0
2658626;2024;DD 7401/2024;2200.0;senza_impegno;0
2658652;2024;DD 7399/2024;14000.0;senza_impegno;0
2658656;2024;DD 7398/2024;2250.0;senza_impegno;0
2658693;2024;DD 7390/2024;;impegno_perso;0
2658651;2024;DD 7384/2024;1098.0;impegno_perso;1
2658648;2024;DD 7355/2024;3938099.08;impegno_perso;1
2658523;2024;DD 7340/2024;;impegno_perso;0
2658559;2024;DD 7316/2024;;senza_impegno;0
2658536;2024;DD 7315/2024;;senza_impegno;0
2658509;2024;DD 7312/2024;30000.0;senza_impegno;0
2658574;2024;DD 7299/2024;76278.25;impegno_perso;1
2658471;2024;DD 7291/2024;2.1;impegno_perso;1
2658472;2024;DD 7290/2024;;senza_impegno;0
2658429;2024;DD 7286/2024;;impegno_perso;0
2658426;2024;DD 7285/2024;50000.0;senza_impegno;0
2658449;2024;DD 7274/2024;;impegno_perso;0
2658413;2024;DD 7272/2024;11580.67;impegno_perso;1
2658386;2024;DD 7265/2024;66500.0;impegno_perso;1
2658390;2024;DD 7260/2024;;senza_impegno;0
2658401;2024;DD 7240/2024;578007.22;impegno_perso;0
2658397;2024;DD 7238/2024;35000.0;senza_impegno;0
2658482;2024;DD 7233/2024;;senza_impegno;0
2658274;2024;DD 7217/2024;64660.0;impegno_perso;1
2658264;2024;DD 7210/2024;20000.0;senza_impegno;0
2658314;2024;DD 7204/2024;1422400.0;impegno_perso;0
2658268;2024;DD 7191/2024;9760.0;impegno_perso;0
2658301;2024;DD 7182/2024;;impegno_perso;0
2658337;2024;DD 7180/2024;58000.0;impegno_perso;0
2658269;2024;DD 7176/2024;1800.0;senza_impegno;0
2658271;2024;DD 7175/2024;44000.0;senza_impegno;0
2658169;2024;DD 7166/2024;183257.6;impegno_perso;1
2658229;2024;DD 7153/2024;151000.0;senza_impegno;0
2658237;2024;DD 7144/2024;;impegno_perso;0
2658214;2024;DD 7131/2024;2107000.0;impegno_perso;1
2658259;2024;DD 7118/2024;;senza_impegno;0
2661134;2024;DD 8975/2024;568.7;impegno_perso;1
2661163;2024;DD 8972/2024;;impegno_perso;0
2661082;2024;DD 8967/2024;36987.06;impegno_perso;0
2661123;2024;DD 8965/2024;89504.51;impegno_perso;1
2661157;2024;DD 8958/2024;474380.0;senza_impegno;0
2661080;2024;DD 8952/2024;60390.0;impegno_perso;0
2661166;2024;DD 8926/2024;497724.94;impegno_perso;1
2660990;2024;DD 8916/2024;14327.68;impegno_perso;1
2660992;2024;DD 8913/2024;;senza_impegno;0
2660994;2024;DD 8912/2024;11500.0;senza_impegno;0
2660854;2024;DD 8906/2024;4000.0;impegno_perso;1
2660877;2024;DD 8890/2024;1800.0;impegno_perso;0
2661186;2024;DD 8885/2024;1527425.76;impegno_perso;1
2660876;2024;DD 8884/2024;;impegno_perso;0
2660913;2024;DD 8876/2024;;senza_impegno;0
2660838;2024;DD 8842/2024;;senza_impegno;0
2660793;2024;DD 8834/2024;14660.71;impegno_perso;1
2660824;2024;DD 8833/2024;3699.04;impegno_perso;0
2660763;2024;DD 8819/2024;;impegno_perso;0
2660760;2024;DD 8807/2024;139981.88;impegno_perso;1
2660757;2024;DD 8805/2024;;impegno_perso;0
2660812;2024;DD 8789/2024;60125.26;impegno_perso;0
2660833;2024;DD 8781/2024;36094.72;impegno_perso;1
2660829;2024;DD 8780/2024;16559910.78;impegno_perso;0
2660827;2024;DD 8770/2024;;impegno_perso;1
2660780;2024;DD 8423/2024;;senza_impegno;0
2660743;2024;DD 8754/2024;13810.51;impegno_perso;1
2660735;2024;DD 8753/2024;66526.63;impegno_perso;1
2660727;2024;DD 8751/2024;285435.87;impegno_perso;0
2660744;2024;DD 8749/2024;237882.92;impegno_perso;0
2660721;2024;DD 8748/2024;;impegno_perso;0
2660746;2024;DD 8747/2024;;senza_impegno;0
2660752;2024;DD 8746/2024;;senza_impegno;0
2660738;2024;DD 8745/2024;6946.68;impegno_perso;1
2661029;2024;DD 8744/2024;2246.02;impegno_perso;1
2660686;2024;DD 8732/2024;210515.13;impegno_perso;0
2660605;2024;DD 8731/2024;;senza_impegno;0
2660640;2024;DD 8723/2024;157894.42;impegno_perso;0
2661075;2024;DD 8721/2024;82694.42;senza_impegno;0
2660697;2024;DD 8718/2024;394133.18;impegno_perso;0
2660679;2024;DD 8717/2024;1952.0;impegno_perso;0
2660703;2024;DD 8716/2024;16000.0;impegno_perso;0
2660598;2024;DD 8713/2024;16960.44;impegno_perso;1
2660687;2024;DD 8708/2024;308000.0;impegno_perso;0
2660613;2024;DD 8703/2024;;senza_impegno;0
2660671;2024;DD 8702/2024;;impegno_perso;0
2660663;2024;DD 8692/2024;187121.65;impegno_perso;0
2660654;2024;DD 8677/2024;4000.0;impegno_perso;1
2660596;2024;DD 8686/2024;73000.0;senza_impegno;0
2660631;2024;DD 8685/2024;;senza_impegno;0
2660625;2024;DD 8684/2024;19000.0;senza_impegno;0
2660689;2024;DD 8683/2024;40000.0;senza_impegno;0
2660668;2024;DD 8681/2024;;senza_impegno;0
2660704;2024;DD 8678/2024;56909.0;impegno_perso;0
2660537;2024;DD 8668/2024;38093.5;impegno_perso;1
2660569;2024;DD 8660/2024;4867.64;impegno_perso;1
2660551;2024;DD 8633/2024;330620.0;senza_impegno;0
2660521;2024;DD 8613/2024;59358.32;senza_impegno;0
2660530;2024;DD 8610/2024;139670.9;senza_impegno;0
2660467;2024;DD 8581/2024;1037.5;impegno_perso;1
2660475;2024;DD 8578/2024;13000.0;impegno_perso;1
2660443;2024;DD 8576/2024;;senza_impegno;0
2660962;2024;DD 8522/2024;;senza_impegno;0
2660327;2024;DD 8495/2024;;senza_impegno;0
2660351;2024;DD 8487/2024;60125.26;impegno_perso;1
2660333;2024;DD 8484/2024;40000.0;senza_impegno;0
2660320;2024;DD 8472/2024;209.0;impegno_perso;1
2660288;2024;DD 8471/2024;4199.24;impegno_perso;1
2660307;2024;DD 8470/2024;36000.0;impegno_perso;0
2660355;2024;DD 8440/2024;;impegno_perso;0
2660319;2024;DD 8439/2024;180000.0;impegno_perso;1
2660331;2024;DD 8434/2024;5063.0;impegno_perso;0
2660173;2024;DD 8400/2024;23626698.69;impegno_perso;1
2660244;2024;DD 8385/2024;7000.0;impegno_perso;1
2660273;2024;DD 8382/2024;160000.0;impegno_perso;0
2660252;2024;DD 8371/2024;53000.0;impegno_perso;1
2660185;2024;DD 8370/2024;324.98;impegno_perso;1
2660248;2024;DD 8366/2024;43920.0;impegno_perso;1
2660221;2024;DD 8363/2024;3750.0;senza_impegno;0
2661016;2024;DD 8357/2024;12010.9;senza_impegno;0
2660232;2024;DD 8343/2024;570.96;impegno_perso;1
2660223;2024;DD 8323/2024;57371.08;impegno_perso;0
2660177;2024;DD 8321/2024;85000.0;impegno_perso;1
2661018;2024;DD 8317/2024;2000.0;impegno_perso;0
2660142;2024;DD 8297/2024;150479.48;impegno_perso;1
2660138;2024;DD 8304/2024;118224.1;impegno_perso;1
2660100;2024;DD 8298/2024;;senza_impegno;0
2660123;2024;DD 8291/2024;;senza_impegno;0
2660106;2024;DD 8285/2024;170678.8;impegno_perso;1
2660036;2024;DD 8233/2024;2000.0;impegno_perso;0
2660064;2024;DD 8231/2024;14017.8;impegno_perso;0
2660061;2024;DD 8226/2024;;senza_impegno;0
2659956;2024;DD 8201/2024;141862.25;impegno_perso;0
2659920;2024;DD 8177/2024;7414.0;impegno_perso;1
2659989;2024;DD 8167/2024;1500.0;impegno_perso;0
2659867;2024;DD 8160/2024;;impegno_perso;0
2659834;2024;DD 8157/2024;;impegno_perso;0
2659869;2024;DD 8151/2024;110000.0;impegno_perso;0
2659875;2024;DD 8142/2024;2206.35;impegno_perso;1
2659858;2024;DD 8141/2024;;senza_impegno;0
2659907;2024;DD 8140/2024;25000.0;senza_impegno;0
2659897;2024;DD 8127/2024;33000.0;impegno_perso;1
2659908;2024;DD 8126/2024;6734.4;impegno_perso;0
2659851;2024;DD 8125/2024;1425.42;impegno_perso;1
2659892;2024;DD 8117/2024;65000.0;impegno_perso;1
2659913;2024;DD 8116/2024;7910.5;impegno_perso;1
2659883;2024;DD 8095/2024;;senza_impegno;0
2665204;2025;DD 884/2025;181125.42;impegno_perso;1
2665199;2025;DD 890/2025;;impegno_perso;1
2662983;2025;DD 882/2025;800.0;senza_impegno;0
2665193;2025;DD 881/2025;;senza_impegno;0
2662990;2025;DD 880/2025;;senza_impegno;0
2662996;2025;DD 874/2025;490.0;impegno_perso;0
2662995;2025;DD 873/2025;;senza_impegno;0
2665194;2025;DD 871/2025;3207916.02;impegno_perso;0
2662954;2025;DD 869/2025;;senza_impegno;0
2662959;2025;DD 863/2025;5000.0;senza_impegno;0
2662967;2025;DD 860/2025;33000.0;impegno_perso;0
2662929;2025;DD 858/2025;30000.0;senza_impegno;0
2662930;2025;DD 850/2025;;senza_impegno;0
2662969;2025;DD 846/2025;;senza_impegno;0
2662891;2025;DD 843/2025;;senza_impegno;0
2662895;2025;DD 834/2025;;senza_impegno;0
2662894;2025;DD 832/2025;5600.0;senza_impegno;0
2662892;2025;DD 831/2025;5600.0;senza_impegno;0
2662893;2025;DD 829/2025;448.0;impegno_perso;0
2662888;2025;DD 824/2025;;impegno_perso;0
2662910;2025;DD 823/2025;79998.51;impegno_perso;0
2662836;2025;DD 816/2025;;impegno_perso;0
2662791;2025;DD 784/2025;48000.0;impegno_perso;0
2662854;2025;DD 774/2025;;senza_impegno;0
2662804;2025;DD 775/2025;3510.0;impegno_perso;1
2662705;2025;DD 756/2025;14865.88;senza_impegno;0
2662762;2025;DD 753/2025;270000.0;senza_impegno;0
2662713;2025;DD 754/2025;12400.0;senza_impegno;0
2662706;2025;DD 745/2025;;senza_impegno;0
2662767;2025;DD 743/2025;896.0;impegno_perso;0
2662683;2025;DD 735/2025;2971864.8;impegno_perso;0
2662691;2025;DD 718/2025;254050.0;senza_impegno;0
2662600;2025;DD 711/2025;;senza_impegno;0
2662597;2025;DD 710/2025;19000.0;senza_impegno;0
2662611;2025;DD 709/2025;4522084.3;impegno_perso;0
2662640;2025;DD 691/2025;75115.77;impegno_perso;0
2662616;2025;DD 692/2025;2000.0;senza_impegno;0
2662650;2025;DD 689/2025;21767.35;impegno_perso;0
2662647;2025;DD 686/2025;14900.0;impegno_perso;0
2662631;2025;DD 679/2025;;impegno_perso;0
2662620;2025;DD 678/2025;22500.0;senza_impegno;0
2662630;2025;DD 677/2025;;senza_impegno;0
2662610;2025;DD 669/2025;4330.0;senza_impegno;0
2662556;2025;DD 649/2025;;impegno_perso;0
2662563;2025;DD 647/2025;;senza_impegno;0
2662541;2025;DD 645/2025;;senza_impegno;0
2662545;2025;DD 622/2025;;impegno_perso;0
2662532;2025;DD 620/2025;400.0;impegno_perso;1
2662530;2025;DD 612/2025;95000.0;senza_impegno;0
2662512;2025;DD 603/2025;40000.0;senza_impegno;0
2662498;2025;DD 601/2025;6000.0;impegno_perso;0
2662514;2025;DD 600/2025;;senza_impegno;0
2662519;2025;DD 599/2025;319415.28;senza_impegno;0
2662499;2025;DD 587/2025;149994.41;impegno_perso;0
2662474;2025;DD 585/2025;;impegno_perso;0
2662477;2025;DD 584/2025;;impegno_perso;0
2662473;2025;DD 583/2025;;impegno_perso;0
2662476;2025;DD 582/2025;;impegno_perso;0
2662394;2025;DD 580/2025;;impegno_perso;0
2662374;2025;DD 563/2025;30000.0;senza_impegno;0
2662378;2025;DD 562/2025;145000.0;senza_impegno;0
2662385;2025;DD 561/2025;790.56;senza_impegno;0
2662380;2025;DD 560/2025;;senza_impegno;0
2662379;2025;DD 559/2025;;senza_impegno;0
2662290;2025;DD 531/2025;;senza_impegno;0
2662312;2025;DD 530/2025;1560.0;senza_impegno;0
2662307;2025;DD 514/2025;;impegno_perso;1
2662246;2025;DD 505/2025;;senza_impegno;0
2662253;2025;DD 500/2025;155000.0;impegno_perso;0
2662222;2025;DD 489/2025;3750.0;senza_impegno;0
2662210;2025;DD 485/2025;149000.0;senza_impegno;0
2662174;2025;DD 484/2025;;impegno_perso;0
2662218;2025;DD 483/2025;100000.0;senza_impegno;0
2662163;2025;DD 481/2025;250000.0;impegno_perso;0
2662206;2025;DD 480/2025;319415.28;impegno_perso;0
2662157;2025;DD 479/2025;;senza_impegno;0
2662178;2025;DD 470/2025;;impegno_perso;0
2662137;2025;DD 445/2025;;senza_impegno;0
2662122;2025;DD 439/2025;;impegno_perso;0
2662126;2025;DD 430/2025;342.2;impegno_perso;0
2662117;2025;DD 424/2025;89682.73;impegno_perso;0
2662135;2025;DD 425/2025;87843.37;impegno_perso;0
2662089;2025;DD 422/2025;5245989.22;impegno_perso;0
2662068;2025;DD 408/2025;;impegno_perso;0
2662051;2025;DD 383/2025;1023.0;impegno_perso;1
2662035;2025;DD 402/2025;;senza_impegno;0
2662050;2025;DD 400/2025;671.0;impegno_perso;1
2662060;2025;DD 401/2025;;senza_impegno;0
2662032;2025;DD 399/2025;;senza_impegno;0
2662058;2025;DD 393/2025;;senza_impegno;0
2662059;2025;DD 392/2025;;senza_impegno;0
2662047;2025;DD 384/2025;;impegno_perso;0
2661971;2025;DD 357/2025;;impegno_perso;0
2661970;2025;DD 356/2025;16000.0;impegno_perso;0
2661966;2025;DD 349/2025;;impegno_perso;0
2661995;2025;DD 348/2025;;senza_impegno;0
2662011;2025;DD 347/2025;;senza_impegno;0
2661989;2025;DD 341/2025;;senza_impegno;0
2661964;2025;DD 329/2025;;impegno_perso;0
2661987;2025;DD 323/2025;49826588.59;impegno_perso;0
2661865;2025;DD 322/2025;5000.0;impegno_perso;0
2661882;2025;DD 321/2025;;senza_impegno;0
2661854;2025;DD 311/2025;;senza_impegno;0
2661929;2025;DD 309/2025;;senza_impegno;0
2661910;2025;DD 310/2025;;senza_impegno;0
2661938;2025;DD 294/2025;42000.0;senza_impegno;0
2661838;2025;DD 286/2025;4032.0;impegno_perso;1
2661835;2025;DD 285/2025;729.6;impegno_perso;1
2661944;2025;DD 284/2025;3936.0;impegno_perso;1
2661839;2025;DD 283/2025;1144.8;impegno_perso;1
2661792;2025;DD 264/2025;;senza_impegno;0
2661748;2025;DD 248/2025;149582.53;impegno_perso;0
2661774;2025;DD 247/2025;;senza_impegno;0
2661784;2025;DD 232/2025;10000.0;impegno_perso;0
2661725;2025;DD 230/2025;;impegno_perso;0
2661711;2025;DD 225/2025;;senza_impegno;0
2661762;2025;DD 224/2025;;impegno_perso;0
2661673;2025;DD 218/2025;149000.0;senza_impegno;0
2661650;2025;DD 195/2025;166630.1;impegno_perso;1
2661624;2025;DD 156/2025;;senza_impegno;0
2661627;2025;DD 140/2025;;impegno_perso;0
2661626;2025;DD 141/2025;45000.0;senza_impegno;0
2661558;2025;DD 128/2025;49289.0;senza_impegno;0
2661553;2025;DD 127/2025;405808.98;impegno_perso;0
2661568;2025;DD 124/2025;;senza_impegno;0
2661590;2025;DD 123/2025;261758.76;impegno_perso;0
2661564;2025;DD 120/2025;;senza_impegno;1
2661598;2025;DD 112/2025;3816.0;impegno_perso;1
2661588;2025;DD 111/2025;954.0;impegno_perso;1
2661517;2025;DD 110/2025;41000.0;impegno_perso;0
2661547;2025;DD 109/2025;414000.0;impegno_perso;0
2661505;2025;DD 108/2025;430000.0;impegno_perso;0
2661503;2025;DD 100/2025;;senza_impegno;0
2661532;2025;DD 99/2025;;senza_impegno;0
2661488;2025;DD 87/2025;100000.0;senza_impegno;0
2661405;2025;DD 79/2025;944.8;senza_impegno;0
2661469;2025;DD 73/2025;24440.0;impegno_perso;0
2661417;2025;DD 72/2025;;senza_impegno;0
2661394;2025;DD 67/2025;30000.0;senza_impegno;0
2661397;2025;DD 66/2025;8000.0;impegno_perso;0
2661384;2025;DD 65/2025;;senza_impegno;0
2661389;2025;DD 53/2025;;impegno_perso;0
2661329;2025;DD 41/2025;;senza_impegno;0
2661341;2025;DD 37/2025;;senza_impegno;0
2661309;2025;DD 25/2025;17400.0;impegno_perso;0
2661308;2025;DD 24/2025;11403.4;impegno_perso;0
2661310;2025;DD 17/2025;;senza_impegno;0
2661304;2025;DD 13/2025;30394.12;senza_impegno;1
2661284;2025;DD 9/2025;4000.0;impegno_perso;0
2661282;2025;DD 8/2025;30000.0;impegno_perso;0
2661279;2025;DD 7/2025;;senza_impegno;0
2661283;2025;DD 5/2025;15000.0;senza_impegno;0
2661276;2025;DD 4/2025;7000.0;impegno_perso;0
2665290;2025;DD 1469/2025;;senza_impegno;0
2664097;2025;DD 1465/2025;4248.0;impegno_perso;0
2664077;2025;DD 1464/2025;300.0;impegno_perso;0
2665288;2025;DD 1461/2025;;senza_impegno;0
2664137;2025;DD 1460/2025;80000.0;impegno_perso;0
2664130;2025;DD 1451/2025;7712.56;impegno_perso;0
2664104;2025;DD 1449/2025;700.0;senza_impegno;0
2664105;2025;DD 1447/2025;7600.0;senza_impegno;0
2664126;2025;DD 1446/2025;2164.0;senza_impegno;0
2664091;2025;DD 1444/2025;21850.0;senza_impegno;0
2664110;2025;DD 1441/2025;50000.0;senza_impegno;0
2664146;2025;DD 1439/2025;;impegno_perso;0
2664112;2025;DD 1429/2025;;senza_impegno;0
2664018;2025;DD 1398/2025;;impegno_perso;0
2664024;2025;DD 1395/2025;;senza_impegno;0
2663944;2025;DD 1392/2025;129.0;impegno_perso;0
2663951;2025;DD 1389/2025;8400.0;senza_impegno;0
2663988;2025;DD 1388/2025;526400.0;senza_impegno;0
2665281;2025;DD 1384/2025;600.0;impegno_perso;1
2663960;2025;DD 1381/2025;3000.0;senza_impegno;0
2663987;2025;DD 1380/2025;148000.0;impegno_perso;0
2663969;2025;DD 1377/2025;30000.0;senza_impegno;0
2663983;2025;DD 1376/2025;14000.0;senza_impegno;0
2663966;2025;DD 1374/2025;2400.0;senza_impegno;0
2663949;2025;DD 1373/2025;377.09;senza_impegno;0
2663980;2025;DD 1372/2025;2400.0;senza_impegno;0
2663955;2025;DD 1366/2025;;impegno_perso;0
2663910;2025;DD 1360/2025;434.69;impegno_perso;0
2663908;2025;DD 1346/2025;100000.0;senza_impegno;0
2665280;2025;DD 1343/2025;;impegno_perso;1
2663844;2025;DD 1333/2025;370000.0;impegno_perso;1
2665274;2025;DD 1328/2025;;senza_impegno;0
2663831;2025;DD 1327/2025;14000.0;senza_impegno;0
2663824;2025;DD 1321/2025;;senza_impegno;0
2663839;2025;DD 1319/2025;;impegno_perso;0
2663822;2025;DD 1312/2025;6500.0;senza_impegno;0
2663823;2025;DD 1307/2025;;senza_impegno;0
2663857;2025;DD 1305/2025;;senza_impegno;0
2665277;2025;DD 1304/2025;;senza_impegno;0
2665276;2025;DD 1303/2025;90000.0;impegno_perso;1
2663828;2025;DD 1302/2025;409.92;impegno_perso;1
2663766;2025;DD 1300/2025;22345.0;impegno_perso;0
2663797;2025;DD 1283/2025;;senza_impegno;0
2663756;2025;DD 1278/2025;80000.0;senza_impegno;0
2665266;2025;DD 1271/2025;14335.0;impegno_perso;1
2663801;2025;DD 1270/2025;35000.0;senza_impegno;0
2663727;2025;DD 1257/2025;72.0;impegno_perso;0
2663718;2025;DD 1254/2025;743.55;senza_impegno;0
2663687;2025;DD 1251/2025;25.0;impegno_perso;1
2663728;2025;DD 1243/2025;;impegno_perso;0
2663733;2025;DD 1242/2025;1550.0;impegno_perso;0
2663735;2025;DD 1241/2025;4900.0;senza_impegno;0
2663705;2025;DD 1200/2025;;impegno_perso;0
2665259;2025;DD 1233/2025;;impegno_perso;1
2663700;2025;DD 1231/2025;;senza_impegno;0
2663677;2025;DD 1229/2025;;senza_impegno;0
2663628;2025;DD 1221/2025;;impegno_perso;0
2663630;2025;DD 1216/2025;150.0;senza_impegno;0
2663631;2025;DD 1204/2025;2196.0;impegno_perso;0
2663615;2025;DD 1201/2025;;impegno_perso;0
2663644;2025;DD 1199/2025;;senza_impegno;0
2663622;2025;DD 1198/2025;693662.85;impegno_perso;1
2665256;2025;DD 1193/2025;;senza_impegno;0
2665253;2025;DD 1173/2025;;impegno_perso;1
2663523;2025;DD 1171/2025;732.0;impegno_perso;0
2663551;2025;DD 1164/2025;;impegno_perso;0
2663591;2025;DD 1160/2025;1169.98;impegno_perso;1
2663511;2025;DD 1145/2025;;impegno_perso;0
2663481;2025;DD 1144/2025;6371.56;impegno_perso;0
2663495;2025;DD 1143/2025;;senza_impegno;0
2663492;2025;DD 1142/2025;;senza_impegno;0
2663486;2025;DD 1139/2025;70300.0;impegno_perso;0
2663490;2025;DD 1138/2025;119332.09;senza_impegno;0
2663512;2025;DD 1124/2025;18217.59;impegno_perso;0
2663513;2025;DD 1120/2025;;senza_impegno;0
2663479;2025;DD 1116/2025;;impegno_perso;0
2663496;2025;DD 1115/2025;;senza_impegno;0
2663506;2025;DD 1114/2025;16100.0;impegno_perso;0
2663491;2025;DD 1113/2025;38000.0;impegno_perso;0
2663519;2025;DD 1111/2025;;senza_impegno;0
2663407;2025;DD 1110/2025;99000.0;senza_impegno;0
2663408;2025;DD 1109/2025;;senza_impegno;0
2665239;2025;DD 1108/2025;;senza_impegno;0
2663441;2025;DD 1102/2025;;senza_impegno;0
2665238;2025;DD 1100/2025;5000.0;senza_impegno;0
2663456;2025;DD 1091/2025;149000.0;senza_impegno;0
2663434;2025;DD 1090/2025;149000.0;senza_impegno;0
2663471;2025;DD 1089/2025;;impegno_perso;0
2663438;2025;DD 1084/2025;;senza_impegno;0
2663380;2025;DD 1075/2025;28000.0;senza_impegno;0
2663397;2025;DD 1074/2025;;senza_impegno;0
2663354;2025;DD 1071/2025;;senza_impegno;1
2663356;2025;DD 1064/2025;3742.63;impegno_perso;0
2663363;2025;DD 1057/2025;70300.0;impegno_perso;0
2663247;2025;DD 1043/2025;19000.0;senza_impegno;0
2665232;2025;DD 1028/2025;;senza_impegno;0
2663208;2025;DD 1019/2025;43575.78;impegno_perso;0
2663214;2025;DD 1006/2025;1102.5;impegno_perso;0
2663225;2025;DD 998/2025;30000.0;senza_impegno;0
2663197;2025;DD 997/2025;35900.0;impegno_perso;0
2665222;2025;DD 987/2025;;impegno_perso;0
2663159;2025;DD 982/2025;;senza_impegno;0
2663178;2025;DD 983/2025;;senza_impegno;0
2663187;2025;DD 984/2025;;senza_impegno;0
2663184;2025;DD 981/2025;;senza_impegno;0
2663171;2025;DD 976/2025;;senza_impegno;0
2663166;2025;DD 971/2025;161.2;impegno_perso;1
2663155;2025;DD 966/2025;30000.0;senza_impegno;0
2663119;2025;DD 965/2025;190958.09;impegno_perso;0
2663150;2025;DD 961/2025;;impegno_perso;0
2665389;2025;DD 1974/2025;5000.0;senza_impegno;0
2665128;2025;DD 1973/2025;;impegno_perso;0
2665159;2025;DD 1961/2025;;senza_impegno;0
2665398;2025;DD 1954/2025;;impegno_perso;0
2665134;2025;DD 1947/2025;;senza_impegno;0
2665390;2025;DD 1946/2025;;senza_impegno;0
2665136;2025;DD 1941/2025;100000.0;impegno_perso;1
2665384;2025;DD 1940/2025;;impegno_perso;0
2665056;2025;DD 1928/2025;80000.0;impegno_perso;0
2665071;2025;DD 1939/2025;;impegno_perso;0
2665061;2025;DD 1938/2025;266.66;senza_impegno;0
2665062;2025;DD 1933/2025;683.2;impegno_perso;1
2665080;2025;DD 1930/2025;300.0;impegno_perso;1
2665052;2025;DD 1927/2025;156.75;impegno_perso;0
2665058;2025;DD 1924/2025;;senza_impegno;0
2665065;2025;DD 1911/2025;448.96;impegno_perso;0
2665070;2025;DD 1916/2025;10000.0;senza_impegno;0
2665041;2025;DD 1915/2025;148700.0;impegno_perso;0
2665024;2025;DD 1914/2025;20000.0;impegno_perso;0
2665050;2025;DD 1913/2025;45715.4;senza_impegno;0
2665382;2025;DD 1909/2025;3950.0;impegno_perso;1
2665379;2025;DD 1903/2025;;senza_impegno;0
2665010;2025;DD 1901/2025;18000.0;senza_impegno;0
2665015;2025;DD 1898/2025;3940357.97;impegno_perso;1
2665007;2025;DD 1897/2025;1617511.01;impegno_perso;1
2664991;2025;DD 1894/2025;2900.0;senza_impegno;0
2665021;2025;DD 1886/2025;;impegno_perso;0
2665378;2025;DD 1885/2025;17375.5;impegno_perso;0
2664999;2025;DD 1884/2025;19000.0;senza_impegno;0
2664986;2025;DD 1878/2025;3999.84;impegno_perso;0
2665380;2025;DD 1876/2025;;impegno_perso;0
2665049;2025;DD 1877/2025;20000.0;senza_impegno;0
2664963;2025;DD 1866/2025;450744.54;impegno_perso;0
2664953;2025;DD 1856/2025;;impegno_perso;0
2664959;2025;DD 1854/2025;;senza_impegno;0
2664951;2025;DD 1851/2025;350000.0;senza_impegno;0
2664936;2025;DD 1849/2025;19000.0;senza_impegno;0
2664923;2025;DD 1853/2025;40000.0;impegno_perso;0
2664937;2025;DD 1850/2025;;senza_impegno;0
2664873;2025;DD 1840/2025;;senza_impegno;0
2664912;2025;DD 1833/2025;;impegno_perso;0
2664865;2025;DD 1824/2025;2789.6;impegno_perso;1
2664870;2025;DD 1823/2025;341.6;impegno_perso;1
2664896;2025;DD 1821/2025;4148.0;impegno_perso;1
2664911;2025;DD 1820/2025;;senza_impegno;0
2664806;2025;DD 1814/2025;20000.0;impegno_perso;0
2664809;2025;DD 1813/2025;;senza_impegno;0
2664821;2025;DD 1811/2025;5000.0;senza_impegno;0
2665359;2025;DD 1808/2025;3492.01;impegno_perso;1
2665357;2025;DD 1807/2025;5000000.0;impegno_perso;1
2664813;2025;DD 1806/2025;;impegno_perso;0
2665358;2025;DD 1801/2025;1910.0;impegno_perso;1
2664804;2025;DD 1798/2025;2467.45;impegno_perso;1
2664759;2025;DD 1796/2025;62000.0;senza_impegno;0
2664746;2025;DD 1795/2025;467500.0;senza_impegno;0
2664783;2025;DD 1788/2025;14335.0;impegno_perso;0
2664774;2025;DD 1781/2025;1018444.73;impegno_perso;0
2664792;2025;DD 1777/2025;20000.0;impegno_perso;0
2664697;2025;DD 1761/2025;10000.0;impegno_perso;0
2664703;2025;DD 1757/2025;674230.8;impegno_perso;0
2664651;2025;DD 1745/2025;94000.0;senza_impegno;0
2664634;2025;DD 1734/2025;366.54;impegno_perso;0
2664596;2025;DD 1704/2025;;impegno_perso;1
2664569;2025;DD 1702/2025;;senza_impegno;0
2664601;2025;DD 1701/2025;298465.13;impegno_perso;0
2664615;2025;DD 1700/2025;58300.0;impegno_perso;0
2664589;2025;DD 1699/2025;47730.0;impegno_perso;0
2664606;2025;DD 1696/2025;;senza_impegno;0
2664600;2025;DD 1693/2025;20000.0;senza_impegno;0
2664614;2025;DD 1692/2025;;impegno_perso;0
2665331;2025;DD 1673/2025;;senza_impegno;0
2664462;2025;DD 1651/2025;;impegno_perso;0
2664486;2025;DD 1649/2025;3523.3;impegno_perso;0
2664510;2025;DD 1647/2025;37400.0;senza_impegno;0
2664480;2025;DD 1642/2025;41500.0;senza_impegno;0
2664514;2025;DD 1639/2025;30000.0;senza_impegno;0
2664491;2025;DD 1636/2025;;impegno_perso;0
2664504;2025;DD 1635/2025;50000.0;senza_impegno;0
2665323;2025;DD 1630/2025;;senza_impegno;0
2665325;2025;DD 1627/2025;8728.77;impegno_perso;1
2664389;2025;DD 1621/2025;;senza_impegno;0
2664386;2025;DD 1620/2025;;impegno_perso;0
2664387;2025;DD 1617/2025;46000.0;impegno_perso;0
2664410;2025;DD 1616/2025;30600.0;senza_impegno;0
2664415;2025;DD 1615/2025;20000.0;senza_impegno;0
2664411;2025;DD 1613/2025;265081.18;senza_impegno;0
2664395;2025;DD 1604/2025;1600.0;impegno_perso;1
2664406;2025;DD 1603/2025;400.0;impegno_perso;0
2664418;2025;DD 1600/2025;;senza_impegno;0
2664422;2025;DD 1602/2025;;senza_impegno;0
2664390;2025;DD 1601/2025;;senza_impegno;0
2664427;2025;DD 1599/2025;45715.4;senza_impegno;0
2664403;2025;DD 1598/2025;52500.0;impegno_perso;0
2665319;2025;DD 1596/2025;;senza_impegno;0
2665320;2025;DD 1595/2025;45058.0;impegno_perso;1
2664414;2025;DD 1591/2025;19000.0;senza_impegno;0
2665312;2025;DD 1568/2025;;senza_impegno;0
2665315;2025;DD 1567/2025;;impegno_perso;0
2665314;2025;DD 1563/2025;;senza_impegno;0
2664365;2025;DD 1553/2025;;senza_impegno;0
2664295;2025;DD 1526/2025;500.0;impegno_perso;0
2664310;2025;DD 1519/2025;;impegno_perso;0
2664206;2025;DD 1503/2025;;senza_impegno;0
2664193;2025;DD 1504/2025;;senza_impegno;0
2665305;2025;DD 1494/2025;72055.32;senza_impegno;1
2664161;2025;DD 1491/2025;;impegno_perso;0
2664165;2025;DD 1480/2025;199719.19;impegno_perso;0
2664153;2025;DD 1479/2025;90000.0;senza_impegno;0
2664164;2025;DD 1474/2025;;impegno_perso;0
2667339;2025;DD 2941/2025;4000.0;senza_impegno;0
2667357;2025;DD 2938/2025;67590.6;senza_impegno;0
2667394;2025;DD 2924/2025;2000.0;senza_impegno;0
2667383;2025;DD 2918/2025;150000.0;senza_impegno;0
2667386;2025;DD 2917/2025;350000.0;senza_impegno;0
2667356;2025;DD 2916/2025;;senza_impegno;0
2667338;2025;DD 2915/2025;;senza_impegno;0
2667385;2025;DD 2913/2025;119996.78;impegno_perso;0
2667379;2025;DD 2912/2025;;impegno_perso;0
2667315;2025;DD 2910/2025;33500.0;senza_impegno;0
2667334;2025;DD 2908/2025;10760.0;senza_impegno;0
2667330;2025;DD 2907/2025;;senza_impegno;0
2667308;2025;DD 2903/2025;40000.0;senza_impegno;0
2667332;2025;DD 2892/2025;;senza_impegno;0
2667292;2025;DD 2882/2025;30000.0;impegno_perso;1
2667310;2025;DD 2886/2025;;senza_impegno;0
2667287;2025;DD 2885/2025;674230.8;impegno_perso;0
2667306;2025;DD 2884/2025;;impegno_perso;0
2667246;2025;DD 2860/2025;;senza_impegno;0
2667251;2025;DD 2818/2025;;impegno_perso;0
2667272;2025;DD 2813/2025;50000.0;impegno_perso;1
2667223;2025;DD 2862/2025;40923.6;senza_impegno;0
2667232;2025;DD 2821/2025;200000.0;senza_impegno;0
2667219;2025;DD 2844/2025;;impegno_perso;0
2667265;2025;DD 2832/2025;16600.0;impegno_perso;1
2667215;2025;DD 2756/2025;93879.55;impegno_perso;1
2667241;2025;DD 2848/2025;900.0;impegno_perso;0
2667187;2025;DD 2847/2025;;impegno_perso;0
2667186;2025;DD 2845/2025;41000.0;senza_impegno;0
2667212;2025;DD 2840/2025;;senza_impegno;0
2667190;2025;DD 2827/2025;500.0;impegno_perso;0
2667195;2025;DD 2825/2025;500.0;impegno_perso;0
2667201;2025;DD 2824/2025;800.0;impegno_perso;0
2667194;2025;DD 2828/2025;15500.0;senza_impegno;0
2667119;2025;DD 2812/2025;8816.46;senza_impegno;0
2667116;2025;DD 2808/2025;7198.0;impegno_perso;0
2667150;2025;DD 2806/2025;;impegno_perso;0
2667168;2025;DD 2803/2025;440.93;senza_impegno;0
2667127;2025;DD 2802/2025;7550.0;senza_impegno;0
2667131;2025;DD 2800/2025;147509.3;senza_impegno;0
2667108;2025;DD 2798/2025;484070.0;senza_impegno;0
2667072;2025;DD 2797/2025;;impegno_perso;0
2667130;2025;DD 2767/2025;;senza_impegno;0
2667104;2025;DD 2775/2025;65.02;impegno_perso;1
2667126;2025;DD 2771/2025;;impegno_perso;1
2667136;2025;DD 2765/2025;36826.92;impegno_perso;1
2667147;2025;DD 2787/2025;62107.25;impegno_perso;0
2667043;2025;DD 2782/2025;;impegno_perso;0
2667102;2025;DD 2780/2025;3000.0;senza_impegno;0
2666972;2025;DD 2762/2025;10000.0;senza_impegno;0
2666992;2025;DD 2760/2025;30000.0;senza_impegno;0
2667031;2025;DD 2759/2025;;senza_impegno;0
2667028;2025;DD 2744/2025;30000.0;impegno_perso;1
2667017;2025;DD 2743/2025;800.0;impegno_perso;0
2667021;2025;DD 2739/2025;10000.0;senza_impegno;0
2666879;2025;DD 2724/2025;15000.0;senza_impegno;0
2666888;2025;DD 2718/2025;;senza_impegno;0
2666922;2025;DD 2717/2025;;senza_impegno;0
2666828;2025;DD 2699/2025;;impegno_perso;0
2666846;2025;DD 2715/2025;4257.8;impegno_perso;0
2666874;2025;DD 2707/2025;458.38;senza_impegno;0
2666835;2025;DD 2706/2025;280000.0;impegno_perso;0
2666870;2025;DD 2702/2025;;impegno_perso;0
2666827;2025;DD 2686/2025;;impegno_perso;0
2666877;2025;DD 2685/2025;17500.0;senza_impegno;0
2666804;2025;DD 2653/2025;27500.0;impegno_perso;1
2666762;2025;DD 2676/2025;;impegno_perso;0
2666761;2025;DD 2658/2025;;senza_impegno;0
2666747;2025;DD 2654/2025;;senza_impegno;0
2666723;2025;DD 2636/2025;603.5;impegno_perso;0
2666654;2025;DD 2634/2025;573.75;impegno_perso;0
2666650;2025;DD 2632/2025;10000.0;senza_impegno;0
2666714;2025;DD 2628/2025;449.48;impegno_perso;1
2666657;2025;DD 2621/2025;300000.0;impegno_perso;0
2666669;2025;DD 2604/2025;;senza_impegno;0
2666634;2025;DD 2603/2025;32871.59;impegno_perso;1
2666651;2025;DD 2601/2025;;senza_impegno;0
2666565;2025;DD 2592/2025;369632.85;impegno_perso;0
2666632;2025;DD 2588/2025;20965.53;impegno_perso;1
2666622;2025;DD 2586/2025;;senza_impegno;0
2666558;2025;DD 2581/2025;;impegno_perso;0
2666588;2025;DD 2576/2025;;senza_impegno;0
2666592;2025;DD 2568/2025;58848.62;senza_impegno;0
2666531;2025;DD 2547/2025;142426.03;impegno_perso;1
2666509;2025;DD 2546/2025;;senza_impegno;0
2666497;2025;DD 2545/2025;6914.96;impegno_perso;1
2666520;2025;DD 2543/2025;21114.91;impegno_perso;0
2666524;2025;DD 2541/2025;3806.4;impegno_perso;0
2666516;2025;DD 2530/2025;;senza_impegno;0
2666500;2025;DD 2526/2025;1250.08;impegno_perso;1
2666517;2025;DD 2505/2025;;senza_impegno;0
2666488;2025;DD 2508/2025;27268.5;senza_impegno;0
2666428;2025;DD 2503/2025;;impegno_perso;0
2666423;2025;DD 2492/2025;27554.67;impegno_perso;0
2666424;2025;DD 2490/2025;;senza_impegno;0
2666438;2025;DD 2489/2025;65000.0;impegno_perso;0
2666451;2025;DD 2487/2025;;impegno_perso;0
2666409;2025;DD 2486/2025;;impegno_perso;0
2666436;2025;DD 2481/2025;;senza_impegno;0
2666435;2025;DD 2479/2025;;impegno_perso;0
2666388;2025;DD 2478/2025;31439.6;impegno_perso;1
2666373;2025;DD 2472/2025;;impegno_perso;0
2666379;2025;DD 2467/2025;;senza_impegno;0
2666347;2025;DD 2457/2025;;impegno_perso;0
2666351;2025;DD 2456/2025;;impegno_perso;0
2666331;2025;DD 2417/2025;363.0;impegno_perso;1
2666292;2025;DD 2410/2025;9567.58;impegno_perso;1
2666310;2025;DD 2409/2025;543517.72;impegno_perso;0
2666318;2025;DD 2405/2025;;senza_impegno;0
2666230;2025;DD 2395/2025;51200555.34;impegno_perso;0
2666204;2025;DD 2391/2025;3500.0;impegno_perso;1
2666225;2025;DD 2382/2025;4126.04;impegno_perso;0
2666161;2025;DD 2376/2025;5000000.0;impegno_perso;0
2666122;2025;DD 2373/2025;;impegno_perso;0
2666119;2025;DD 2360/2025;1100.0;senza_impegno;0
2666099;2025;DD 2358/2025;;senza_impegno;0
2666100;2025;DD 2355/2025;2700.0;impegno_perso;0
2666129;2025;DD 2351/2025;2400.0;impegno_perso;0
2666135;2025;DD 2344/2025;;senza_impegno;0
2666101;2025;DD 2342/2025;1000.0;impegno_perso;1
2666142;2025;DD 2338/2025;;senza_impegno;0
2666007;2025;DD 2324/2025;190.32;impegno_perso;1
2666085;2025;DD 2326/2025;33364.0;impegno_perso;1
2666058;2025;DD 2325/2025;569.92;impegno_perso;1
2666035;2025;DD 2323/2025;412.37;senza_impegno;0
2666015;2025;DD 2319/2025;19500.0;impegno_perso;0
2666021;2025;DD 2301/2025;15918.04;impegno_perso;1
2666051;2025;DD 2297/2025;50000.0;impegno_perso;0
2666076;2025;DD 2296/2025;50000.0;impegno_perso;0
2666049;2025;DD 2295/2025;17244.33;impegno_perso;1
2665995;2025;DD 2283/2025;;impegno_perso;0
2665992;2025;DD 2263/2025;;senza_impegno;0
2665976;2025;DD 2261/2025;432.33;senza_impegno;0
2665965;2025;DD 2260/2025;80000.0;senza_impegno;0
2665974;2025;DD 2259/2025;458.32;impegno_perso;0
2665967;2025;DD 2257/2025;105000.0;senza_impegno;0
2665984;2025;DD 2251/2025;320.0;impegno_perso;1
2665986;2025;DD 2250/2025;1902.12;impegno_perso;0
2665899;2025;DD 2247/2025;8296.0;impegno_perso;1
2665925;2025;DD 2243/2025;;senza_impegno;0
2665927;2025;DD 2227/2025;2500.0;senza_impegno;0
2665937;2025;DD 2225/2025;23000.0;senza_impegno;0
2665924;2025;DD 2224/2025;1300.0;impegno_perso;0
2665888;2025;DD 2216/2025;;impegno_perso;0
2665788;2025;DD 2199/2025;18382899.82;impegno_perso;0
2665804;2025;DD 2198/2025;;impegno_perso;0
2665821;2025;DD 2197/2025;200000.0;impegno_perso;1
2665873;2025;DD 2191/2025;105551.57;impegno_perso;0
2665848;2025;DD 2189/2025;11902.38;impegno_perso;0
2665862;2025;DD 2185/2025;4000.0;senza_impegno;0
2665865;2025;DD 2184/2025;245300.0;impegno_perso;0
2665820;2025;DD 2177/2025;3660.0;impegno_perso;1
2665853;2025;DD 2170/2025;;senza_impegno;0
2665766;2025;DD 2168/2025;62000.0;senza_impegno;0
2665740;2025;DD 2167/2025;62000.0;senza_impegno;0
2665722;2025;DD 2166/2025;62000.0;senza_impegno;0
2665769;2025;DD 2165/2025;438.83;impegno_perso;0
2665771;2025;DD 2164/2025;;senza_impegno;0
2665727;2025;DD 2163/2025;;senza_impegno;0
2665780;2025;DD 2146/2025;3200.0;senza_impegno;0
2665756;2025;DD 2145/2025;15000.0;senza_impegno;0
2665721;2025;DD 2139/2025;;impegno_perso;0
2665731;2025;DD 2138/2025;15000.0;senza_impegno;0
2665707;2025;DD 2129/2025;100000.0;impegno_perso;0
2665694;2025;DD 2128/2025;4600.0;impegno_perso;0
2665716;2025;DD 2127/2025;28959.04;impegno_perso;0
2665706;2025;DD 2126/2025;;senza_impegno;0
2665713;2025;DD 2118/2025;;senza_impegno;0
2665709;2025;DD 2117/2025;55000.0;senza_impegno;0
2683376;2025;DD 2116/2025;51000.0;senza_impegno;0
2665677;2025;DD 2107/2025;467500.0;senza_impegno;0
2665636;2025;DD 2106/2025;23653.22;impegno_perso;0
2665620;2025;DD 2105/2025;100000.0;impegno_perso;0
2665672;2025;DD 2099/2025;;impegno_perso;1
2665668;2025;DD 2094/2025;;senza_impegno;0
2665641;2025;DD 2084/2025;;senza_impegno;0
2665586;2025;DD 2068/2025;;senza_impegno;0
2665569;2025;DD 2059/2025;2700.0;senza_impegno;0
2665558;2025;DD 2057/2025;156160.0;impegno_perso;0
2665527;2025;DD 2055/2025;12069.99;impegno_perso;1
2665601;2025;DD 2054/2025;11475.0;impegno_perso;1
2665584;2025;DD 2053/2025;12000.0;impegno_perso;1
2665544;2025;DD 2052/2025;11175.0;impegno_perso;1
2665554;2025;DD 2050/2025;149000.0;senza_impegno;0
2665541;2025;DD 2048/2025;44500.0;senza_impegno;0
2665577;2025;DD 2043/2025;;senza_impegno;0
2665459;2025;DD 2033/2025;6289.0;senza_impegno;0
2665469;2025;DD 2032/2025;8000.0;impegno_perso;0
2665486;2025;DD 2028/2025;6700.0;senza_impegno;0
2665462;2025;DD 2016/2025;;senza_impegno;0
2665419;2025;DD 1997/2025;109844.52;impegno_perso;0
2665456;2025;DD 1995/2025;200.0;impegno_perso;1
2665452;2025;DD 1987/2025;;impegno_perso;0
2665449;2025;DD 1984/2025;98000.0;senza_impegno;0
2665407;2025;DD 1983/2025;1000000.0;senza_impegno;0
2665447;2025;DD 1982/2025;109000.0;senza_impegno;0
2665454;2025;DD 1976/2025;467500.0;senza_impegno;0
2669593;2025;DD 3956/2025;;impegno_perso;0
2669636;2025;DD 3954/2025;3117.24;impegno_perso;0
2683383;2025;DD 3947/2025;;senza_impegno;0
2669625;2025;DD 3940/2025;20000.0;senza_impegno;0
2669646;2025;DD 3939/2025;1500.0;senza_impegno;0
2669612;2025;DD 3937/2025;;senza_impegno;0
2669638;2025;DD 3919/2025;;impegno_perso;0
2669584;2025;DD 3905/2025;120000.0;impegno_perso;0
2669528;2025;DD 3896/2025;101.0;impegno_perso;1
2669543;2025;DD 3898/2025;4562.8;impegno_perso;1
2669548;2025;DD 3915/2025;27000.0;senza_impegno;0
2669472;2025;DD 3913/2025;;senza_impegno;0
2669492;2025;DD 3897/2025;;senza_impegno;0
2669435;2025;DD 3892/2025;;senza_impegno;0
2669447;2025;DD 3881/2025;6435.34;impegno_perso;1
2669443;2025;DD 3875/2025;95310.36;senza_impegno;0
2669471;2025;DD 3876/2025;86000.0;senza_impegno;0
2669459;2025;DD 3868/2025;29442.44;impegno_perso;0
2669465;2025;DD 3871/2025;;impegno_perso;1
2669330;2025;DD 3840/2025;597.8;impegno_perso;1
2669350;2025;DD 3817/2025;4990.0;impegno_perso;1
2669308;2025;DD 3805/2025;6832.0;impegno_perso;1
2669271;2025;DD 3818/2025;;impegno_perso;0
2669260;2025;DD 3813/2025;90000.0;senza_impegno;0
2669251;2025;DD 3812/2025;;impegno_perso;0
2669277;2025;DD 3742/2025;49814.51;senza_impegno;0
2669250;2025;DD 3777/2025;64777.8;impegno_perso;1
2669283;2025;DD 3761/2025;100000.0;impegno_perso;1
2669281;2025;DD 3758/2025;279757.96;impegno_perso;1
2669192;2025;DD 3795/2025;;senza_impegno;0
2669214;2025;DD 3791/2025;28000.0;senza_impegno;0
2669186;2025;DD 3778/2025;20000.0;senza_impegno;0
2669211;2025;DD 3764/2025;1454205.3;senza_impegno;0
2669229;2025;DD 3762/2025;175000.0;impegno_perso;0
2669191;2025;DD 3757/2025;;impegno_perso;0
2669205;2025;DD 3756/2025;37841.73;senza_impegno;0
2669185;2025;DD 3749/2025;23593.38;impegno_perso;0
2669126;2025;DD 3744/2025;1259922.84;impegno_perso;0
2669089;2025;DD 3741/2025;4842.84;impegno_perso;1
2669156;2025;DD 3732/2025;140000.0;senza_impegno;0
2669087;2025;DD 3725/2025;;impegno_perso;0
2669129;2025;DD 3715/2025;;impegno_perso;0
2669176;2025;DD 3689/2025;8000.0;impegno_perso;0
2669077;2025;DD 3686/2025;75600.0;impegno_perso;0
2669160;2025;DD 3683/2025;;impegno_perso;1
2669161;2025;DD 3704/2025;12010.9;senza_impegno;0
2669024;2025;DD 3707/2025;45000.0;senza_impegno;0
2669006;2025;DD 3705/2025;;impegno_perso;0
2669055;2025;DD 3692/2025;25000.0;senza_impegno;0
2669056;2025;DD 3680/2025;11928.01;impegno_perso;1
2669059;2025;DD 3669/2025;;senza_impegno;0
2668974;2025;DD 3671/2025;4200.0;senza_impegno;0
2668973;2025;DD 3658/2025;275000.0;senza_impegno;0
2668969;2025;DD 3649/2025;;impegno_perso;0
2668909;2025;DD 3647/2025;;senza_impegno;0
2668825;2025;DD 3616/2025;;impegno_perso;0
2668781;2025;DD 3614/2025;;senza_impegno;0
2668853;2025;DD 3612/2025;5070.12;impegno_perso;1
2668808;2025;DD 3611/2025;;impegno_perso;0
2668778;2025;DD 3610/2025;1500.0;senza_impegno;0
2668816;2025;DD 3607/2025;;senza_impegno;0
2668794;2025;DD 3597/2025;3050.0;impegno_perso;1
2668798;2025;DD 3595/2025;114192.0;impegno_perso;1
2668845;2025;DD 3570/2025;430.42;impegno_perso;1
2668792;2025;DD 3588/2025;;senza_impegno;0
2668739;2025;DD 3556/2025;902.0;impegno_perso;1
2668747;2025;DD 3555/2025;;impegno_perso;0
2668691;2025;DD 3554/2025;4000.0;senza_impegno;0
2668718;2025;DD 3501/2025;8754.82;impegno_perso;1
2668700;2025;DD 3545/2025;;senza_impegno;0
2668706;2025;DD 3543/2025;21500.0;senza_impegno;0
2668707;2025;DD 3538/2025;1605.15;impegno_perso;1
2668720;2025;DD 3500/2025;8839.02;impegno_perso;1
2668658;2025;DD 3524/2025;;senza_impegno;0
2668595;2025;DD 3521/2025;45000.0;senza_impegno;0
2668648;2025;DD 3515/2025;;senza_impegno;0
2668607;2025;DD 3511/2025;160000.0;impegno_perso;0
2668599;2025;DD 3506/2025;32300.0;impegno_perso;0
2668675;2025;DD 3505/2025;30000.0;senza_impegno;0
2668602;2025;DD 3504/2025;;impegno_perso;0
2668661;2025;DD 3496/2025;;senza_impegno;0
2668621;2025;DD 3488/2025;;impegno_perso;0
2668633;2025;DD 3486/2025;;senza_impegno;0
2668600;2025;DD 3485/2025;;impegno_perso;0
2668632;2025;DD 3483/2025;9740.0;impegno_perso;0
2668555;2025;DD 3477/2025;;impegno_perso;1
2668558;2025;DD 3456/2025;4818.39;impegno_perso;1
2668561;2025;DD 3453/2025;825.0;impegno_perso;0
2668560;2025;DD 3476/2025;;impegno_perso;0
2668578;2025;DD 3466/2025;25000.0;senza_impegno;0
2668583;2025;DD 3462/2025;20000.0;impegno_perso;0
2668572;2025;DD 3459/2025;;senza_impegno;0
2668549;2025;DD 3427/2025;;senza_impegno;0
2668518;2025;DD 3430/2025;;senza_impegno;0
2668536;2025;DD 3415/2025;17000.0;impegno_perso;1
2668525;2025;DD 3422/2025;;senza_impegno;0
2668517;2025;DD 3421/2025;5000.0;senza_impegno;0
2668470;2025;DD 3407/2025;71883.97;impegno_perso;0
2668418;2025;DD 3406/2025;21000.0;senza_impegno;0
2668483;2025;DD 3405/2025;20000.0;senza_impegno;0
2668436;2025;DD 3396/2025;;senza_impegno;0
2668382;2025;DD 3381/2025;;senza_impegno;0
2668342;2025;DD 3368/2025;65000.0;impegno_perso;0
2668331;2025;DD 3367/2025;8600.0;senza_impegno;0
2668338;2025;DD 3366/2025;73900.0;impegno_perso;0
2668337;2025;DD 3359/2025;49975.66;impegno_perso;0
2668362;2025;DD 3341/2025;21990185.81;impegno_perso;0
2668303;2025;DD 3337/2025;;impegno_perso;0
2668300;2025;DD 3336/2025;73900.0;impegno_perso;0
2668283;2025;DD 3321/2025;;senza_impegno;0
2668277;2025;DD 3332/2025;222.0;impegno_perso;1
2668278;2025;DD 3331/2025;;senza_impegno;0
2668274;2025;DD 3330/2025;;impegno_perso;1
2668305;2025;DD 3325/2025;446.31;senza_impegno;0
2668251;2025;DD 3310/2025;86674.02;impegno_perso;1
2668255;2025;DD 3309/2025;;senza_impegno;0
2668252;2025;DD 3308/2025;;senza_impegno;0
2668214;2025;DD 3305/2025;;senza_impegno;0
2668207;2025;DD 3303/2025;46559.34;senza_impegno;0
2668229;2025;DD 3302/2025;91769.01;impegno_perso;0
2668245;2025;DD 3285/2025;599923.14;impegno_perso;0
2668219;2025;DD 3271/2025;49927.81;impegno_perso;1
2668109;2025;DD 3287/2025;100.0;impegno_perso;1
2668111;2025;DD 3282/2025;239694.09;impegno_perso;1
2668072;2025;DD 3276/2025;80000.0;senza_impegno;0
2668149;2025;DD 3277/2025;20000.0;senza_impegno;0
2668170;2025;DD 3250/2025;1952.0;impegno_perso;1
2668134;2025;DD 3249/2025;;senza_impegno;0
2668081;2025;DD 3247/2025;;senza_impegno;0
2668097;2025;DD 3261/2025;;senza_impegno;0
2668018;2025;DD 3252/2025;40000.0;senza_impegno;0
2667992;2025;DD 3248/2025;3200.0;senza_impegno;0
2668044;2025;DD 3245/2025;;senza_impegno;0
2667980;2025;DD 3239/2025;32871.37;senza_impegno;0
2667958;2025;DD 3228/2025;18410.0;impegno_perso;1
2667957;2025;DD 3225/2025;1072.62;impegno_perso;0
2667913;2025;DD 3195/2025;;impegno_perso;0
2667906;2025;DD 3192/2025;225000.0;senza_impegno;0
2667881;2025;DD 3184/2025;5000.0;impegno_perso;0
2667921;2025;DD 3187/2025;;impegno_perso;0
2667935;2025;DD 3186/2025;;impegno_perso;0
2667937;2025;DD 3168/2025;121.0;impegno_perso;1
2667923;2025;DD 3167/2025;;senza_impegno;0
2667889;2025;DD 3162/2025;599923.14;impegno_perso;0
2667929;2025;DD 3166/2025;;senza_impegno;0
2667931;2025;DD 3175/2025;2490.0;senza_impegno;0
2667833;2025;DD 3163/2025;12200.0;senza_impegno;0
2667877;2025;DD 3157/2025;;impegno_perso;0
2667848;2025;DD 3156/2025;;senza_impegno;0
2667831;2025;DD 3136/2025;;senza_impegno;0
2667689;2025;DD 3144/2025;;senza_impegno;0
2667771;2025;DD 3143/2025;;senza_impegno;0
2667732;2025;DD 3141/2025;;senza_impegno;0
2667757;2025;DD 3139/2025;;senza_impegno;0
2667683;2025;DD 3138/2025;;senza_impegno;0
2667690;2025;DD 3124/2025;;senza_impegno;0
2667724;2025;DD 3121/2025;;senza_impegno;0
2667686;2025;DD 3065/2025;346646.36;impegno_perso;0
2667737;2025;DD 3109/2025;;impegno_perso;0
2667703;2025;DD 3107/2025;790000.0;impegno_perso;0
2667753;2025;DD 3098/2025;;impegno_perso;0
2667666;2025;DD 3087/2025;2500.0;senza_impegno;0
2667647;2025;DD 3082/2025;3750.0;senza_impegno;0
2667630;2025;DD 3071/2025;;senza_impegno;0
2667650;2025;DD 3070/2025;3000.0;senza_impegno;0
2667655;2025;DD 3068/2025;;senza_impegno;0
2667597;2025;DD 3047/2025;;impegno_perso;0
2667627;2025;DD 3029/2025;2305.8;impegno_perso;1
2667558;2025;DD 3058/2025;;senza_impegno;0
2667556;2025;DD 3052/2025;;senza_impegno;0
2667621;2025;DD 3044/2025;120000.0;senza_impegno;0
2667613;2025;DD 3042/2025;;senza_impegno;0
2667593;2025;DD 3041/2025;;impegno_perso;0
2667608;2025;DD 3039/2025;;senza_impegno;0
2667606;2025;DD 3037/2025;;senza_impegno;0
2667615;2025;DD 3036/2025;;senza_impegno;0
2667575;2025;DD 3031/2025;;impegno_perso;0
2667529;2025;DD 2995/2025;;impegno_perso;0
2667536;2025;DD 2998/2025;39650.0;impegno_perso;0
2667546;2025;DD 3006/2025;;senza_impegno;0
2667452;2025;DD 2990/2025;;senza_impegno;0
2667414;2025;DD 2964/2025;19340.75;impegno_perso;0
2667440;2025;DD 2963/2025;3500.0;senza_impegno;0
2671660;2025;DD 4948/2025;;impegno_perso;0
2671680;2025;DD 4946/2025;34976.67;impegno_perso;1
2671669;2025;DD 4945/2025;200000.0;impegno_perso;1
2671681;2025;DD 4942/2025;;senza_impegno;0
2671641;2025;DD 4939/2025;;senza_impegno;0
2671594;2025;DD 4921/2025;76000.0;senza_impegno;0
2671560;2025;DD 4923/2025;60987.8;impegno_perso;0
2671592;2025;DD 4922/2025;;senza_impegno;0
2671563;2025;DD 4920/2025;744965.81;impegno_perso;0
2671551;2025;DD 4915/2025;1076.04;impegno_perso;1
2671546;2025;DD 4913/2025;182218.48;senza_impegno;0
2671545;2025;DD 4905/2025;;senza_impegno;0
2671521;2025;DD 4899/2025;822.61;senza_impegno;0
2671363;2025;DD 4819/2025;17896.94;impegno_perso;1
2671373;2025;DD 4853/2025;;senza_impegno;0
2671392;2025;DD 4851/2025;10000.0;senza_impegno;0
2671385;2025;DD 4847/2025;;impegno_perso;0
2671382;2025;DD 4846/2025;16470.0;impegno_perso;0
2671387;2025;DD 4842/2025;5873.74;impegno_perso;0
2671388;2025;DD 4841/2025;;impegno_perso;0
2671348;2025;DD 4829/2025;298465.13;impegno_perso;1
2671316;2025;DD 4823/2025;;impegno_perso;0
2671306;2025;DD 4815/2025;;impegno_perso;0
2671283;2025;DD 4809/2025;297.0;impegno_perso;1
2671282;2025;DD 4798/2025;50000.0;senza_impegno;0
2671275;2025;DD 4796/2025;12500.0;senza_impegno;0
2671274;2025;DD 4793/2025;2557.5;impegno_perso;1
2671266;2025;DD 4780/2025;83000.0;impegno_perso;0
2671263;2025;DD 4779/2025;;impegno_perso;0
2671131;2025;DD 4744/2025;70000.0;impegno_perso;0
2671119;2025;DD 4755/2025;46192.0;senza_impegno;0
2671128;2025;DD 4754/2025;25000.0;impegno_perso;0
2671161;2025;DD 4750/2025;20000.0;impegno_perso;0
2671155;2025;DD 4747/2025;;senza_impegno;0
2671077;2025;DD 4725/2025;3000.0;senza_impegno;0
2671048;2025;DD 4720/2025;581.25;impegno_perso;0
2671076;2025;DD 4719/2025;5000.0;senza_impegno;0
2671100;2025;DD 4718/2025;;senza_impegno;0
2671051;2025;DD 4714/2025;;senza_impegno;0
2671053;2025;DD 4709/2025;;senza_impegno;0
2670956;2025;DD 4675/2025;;senza_impegno;0
2670984;2025;DD 4666/2025;;impegno_perso;0
2670974;2025;DD 4665/2025;403.75;impegno_perso;0
2670995;2025;DD 4662/2025;344.25;impegno_perso;0
2670958;2025;DD 4661/2025;480.25;impegno_perso;0
2670985;2025;DD 4660/2025;311.25;impegno_perso;0
2670998;2025;DD 4659/2025;3599.0;impegno_perso;1
2670970;2025;DD 4654/2025;129000.0;senza_impegno;0
2670938;2025;DD 4646/2025;;senza_impegno;0
2670940;2025;DD 4643/2025;;senza_impegno;0
2670913;2025;DD 4639/2025;;impegno_perso;0
2670937;2025;DD 4636/2025;;impegno_perso;0
2670944;2025;DD 4635/2025;;impegno_perso;0
2670915;2025;DD 4633/2025;;impegno_perso;0
2670946;2025;DD 4625/2025;29280.0;impegno_perso;0
2670934;2025;DD 4618/2025;;senza_impegno;0
2670910;2025;DD 4606/2025;;senza_impegno;0
2670863;2025;DD 4587/2025;859768.48;impegno_perso;1
2670893;2025;DD 4577/2025;125599.0;impegno_perso;0
2670842;2025;DD 4575/2025;184750.0;senza_impegno;0
2670839;2025;DD 4572/2025;53000.0;senza_impegno;0
2670886;2025;DD 4570/2025;10000.0;senza_impegno;0
2670858;2025;DD 4564/2025;;senza_impegno;0
2670825;2025;DD 4558/2025;;impegno_perso;1
2670773;2025;DD 4549/2025;2400.0;senza_impegno;0
2670816;2025;DD 4548/2025;12200.0;senza_impegno;0
2670784;2025;DD 4543/2025;35000.0;impegno_perso;0
2670778;2025;DD 4537/2025;9995.0;impegno_perso;0
2670814;2025;DD 4525/2025;400000.0;impegno_perso;1
2670730;2025;DD 4532/2025;175.01;impegno_perso;0
2670703;2025;DD 4522/2025;34934978.93;impegno_perso;0
2670745;2025;DD 4514/2025;160000.0;impegno_perso;0
2670664;2025;DD 4513/2025;1820.85;impegno_perso;0
2670708;2025;DD 4509/2025;;impegno_perso;0
2670705;2025;DD 4508/2025;81000.0;senza_impegno;0
2670758;2025;DD 4502/2025;190.02;impegno_perso;1
2670733;2025;DD 4496/2025;;impegno_perso;0
2670739;2025;DD 4495/2025;6300.0;senza_impegno;0
2670619;2025;DD 4482/2025;19000.0;senza_impegno;0
2670655;2025;DD 4472/2025;15000.0;senza_impegno;0
2670620;2025;DD 4462/2025;;senza_impegno;0
2670635;2025;DD 4453/2025;2635.2;impegno_perso;1
2670583;2025;DD 4424/2025;;impegno_perso;0
2670585;2025;DD 4416/2025;;senza_impegno;0
2670574;2025;DD 4412/2025;2858518.26;impegno_perso;0
2670567;2025;DD 4406/2025;4994.56;impegno_perso;1
2670563;2025;DD 4403/2025;24000.0;impegno_perso;0
2670562;2025;DD 4401/2025;;impegno_perso;0
2670529;2025;DD 4392/2025;130000.0;impegno_perso;0
2670526;2025;DD 4388/2025;;senza_impegno;0
2670556;2025;DD 4382/2025;;senza_impegno;0
2670549;2025;DD 4370/2025;25000.0;impegno_perso;0
2670543;2025;DD 4367/2025;;senza_impegno;0
2670518;2025;DD 4363/2025;;impegno_perso;0
2670517;2025;DD 4358/2025;87685.0;impegno_perso;0
2670441;2025;DD 4355/2025;12015.54;impegno_perso;1
2670501;2025;DD 4354/2025;271594.88;impegno_perso;0
2670456;2025;DD 4351/2025;8821.34;impegno_perso;1
2670407;2025;DD 4350/2025;149886.45;impegno_perso;0
2670483;2025;DD 4349/2025;;impegno_perso;0
2670392;2025;DD 4348/2025;461.86;impegno_perso;0
2670466;2025;DD 4331/2025;;senza_impegno;0
2670415;2025;DD 4339/2025;;senza_impegno;0
2670426;2025;DD 4336/2025;;senza_impegno;0
2670452;2025;DD 4328/2025;63000.0;impegno_perso;1
2670494;2025;DD 4323/2025;37000.0;senza_impegno;0
2670413;2025;DD 4319/2025;1200.0;senza_impegno;0
2670504;2025;DD 4310/2025;;senza_impegno;0
2670454;2025;DD 4307/2025;1560.0;impegno_perso;1
2670360;2025;DD 4297/2025;150000.0;senza_impegno;0
2670355;2025;DD 4292/2025;10000.0;senza_impegno;0
2670374;2025;DD 4287/2025;;senza_impegno;0
2670352;2025;DD 4285/2025;1793.0;impegno_perso;1
2670368;2025;DD 4283/2025;2850.0;senza_impegno;0
2670371;2025;DD 4280/2025;;senza_impegno;0
2670325;2025;DD 4273/2025;3453.73;impegno_perso;0
2670351;2025;DD 4272/2025;;senza_impegno;0
2670311;2025;DD 4269/2025;653.41;impegno_perso;0
2670301;2025;DD 4268/2025;43700.0;senza_impegno;0
2670294;2025;DD 4260/2025;2450.0;impegno_perso;0
2670277;2025;DD 4255/2025;;senza_impegno;0
2670274;2025;DD 4248/2025;;senza_impegno;0
2670279;2025;DD 4246/2025;;senza_impegno;0
2670299;2025;DD 4245/2025;;senza_impegno;0
2670292;2025;DD 4244/2025;;senza_impegno;0
2670262;2025;DD 4243/2025;;impegno_perso;0
2670282;2025;DD 4242/2025;220135.8;impegno_perso;0
2670271;2025;DD 4230/2025;35000.0;senza_impegno;0
2670188;2025;DD 4223/2025;3800.0;impegno_perso;1
2670240;2025;DD 4220/2025;;impegno_perso;0
2670225;2025;DD 4213/2025;;impegno_perso;0
2670165;2025;DD 4210/2025;205000.0;impegno_perso;0
2670150;2025;DD 4207/2025;16660.0;impegno_perso;1
2670163;2025;DD 4206/2025;5015.0;impegno_perso;1
2670169;2025;DD 4205/2025;6225.0;impegno_perso;1
2670154;2025;DD 4204/2025;11625.0;impegno_perso;1
2670171;2025;DD 4203/2025;9605.0;impegno_perso;1
2670151;2025;DD 4202/2025;6885.0;impegno_perso;1
2670172;2025;DD 4201/2025;4590.0;impegno_perso;1
2670173;2025;DD 4200/2025;8075.0;impegno_perso;1
2670158;2025;DD 4199/2025;;senza_impegno;0
2670166;2025;DD 4197/2025;12500.0;impegno_perso;0
2670152;2025;DD 4196/2025;12500.0;impegno_perso;0
2670160;2025;DD 4184/2025;10000.0;impegno_perso;0
2670143;2025;DD 4181/2025;6000.0;impegno_perso;0
2670105;2025;DD 4173/2025;;impegno_perso;0
2670104;2025;DD 4171/2025;110.66;impegno_perso;1
2670111;2025;DD 4169/2025;366.0;impegno_perso;1
2670121;2025;DD 4164/2025;;impegno_perso;0
2670081;2025;DD 4153/2025;65895.0;impegno_perso;0
2670095;2025;DD 4147/2025;;senza_impegno;0
2670089;2025;DD 4145/2025;;impegno_perso;0
2670014;2025;DD 4130/2025;;impegno_perso;0
2670022;2025;DD 4128/2025;1500000.0;senza_impegno;0
2670023;2025;DD 4114/2025;;impegno_perso;0
2670076;2025;DD 4113/2025;1469682.16;impegno_perso;0
2669914;2025;DD 4095/2025;25000.0;senza_impegno;0
2669918;2025;DD 4087/2025;;impegno_perso;1
2669902;2025;DD 4083/2025;22715.0;impegno_perso;0
2669900;2025;DD 4074/2025;;senza_impegno;0
2669870;2025;DD 4064/2025;;senza_impegno;0
2669877;2025;DD 4058/2025;1000.0;senza_impegno;0
2669869;2025;DD 4055/2025;2883.62;senza_impegno;0
2669865;2025;DD 4040/2025;8869.4;senza_impegno;0
2669868;2025;DD 4052/2025;76543.74;senza_impegno;1
2669861;2025;DD 4045/2025;454104.91;impegno_perso;1
2669898;2025;DD 4039/2025;;impegno_perso;0
2669779;2025;DD 4031/2025;;senza_impegno;0
2669793;2025;DD 4025/2025;;impegno_perso;1
2669770;2025;DD 4021/2025;15098966.24;impegno_perso;0
2669729;2025;DD 4016/2025;;senza_impegno;0
2669737;2025;DD 4012/2025;;senza_impegno;0
2669734;2025;DD 4006/2025;1360.0;impegno_perso;1
2669738;2025;DD 4004/2025;2465.0;impegno_perso;1
2669832;2025;DD 4005/2025;2170.0;impegno_perso;1
2669741;2025;DD 4003/2025;3315.0;impegno_perso;1
2669696;2025;DD 3982/2025;199964.63;impegno_perso;0
2669692;2025;DD 3981/2025;30000.0;senza_impegno;0
2669683;2025;DD 3974/2025;24542.59;senza_impegno;0
2669656;2025;DD 3965/2025;9800.0;senza_impegno;0
2672484;2025;DD 5358/2025;50000.0;senza_impegno;0
2672440;2025;DD 5348/2025;11000.0;impegno_perso;0
2672421;2025;DD 5349/2025;61500.0;senza_impegno;0
2672403;2025;DD 5344/2025;400000.0;senza_impegno;0
2672380;2025;DD 5338/2025;148.5;impegno_perso;1
2672400;2025;DD 5311/2025;2359.0;impegno_perso;0
2672348;2025;DD 5309/2025;;senza_impegno;0
2672276;2025;DD 5296/2025;19850.0;impegno_perso;0
2672315;2025;DD 5289/2025;640.0;impegno_perso;0
2672274;2025;DD 5288/2025;1580.0;impegno_perso;1
2672245;2025;DD 5278/2025;35000.0;senza_impegno;0
2672254;2025;DD 5271/2025;999.0;impegno_perso;1
2672163;2025;DD 5255/2025;1139.27;impegno_perso;0
2672157;2025;DD 5237/2025;;impegno_perso;0
2672096;2025;DD 5235/2025;1342.0;senza_impegno;0
2672086;2025;DD 5234/2025;57962.43;senza_impegno;0
2672069;2025;DD 5189/2025;357262.15;impegno_perso;0
2672017;2025;DD 5175/2025;427.0;impegno_perso;1
2672004;2025;DD 5163/2025;16500.0;impegno_perso;0
2671995;2025;DD 5153/2025;50000.0;senza_impegno;0
2671992;2025;DD 5151/2025;238000.0;senza_impegno;0
2671989;2025;DD 5143/2025;25500.0;senza_impegno;0
2671976;2025;DD 5138/2025;32000.0;impegno_perso;1
2671974;2025;DD 5135/2025;80000.0;senza_impegno;0
2671951;2025;DD 5133/2025;132136.75;impegno_perso;0
2671966;2025;DD 5131/2025;250506.34;impegno_perso;0
2671968;2025;DD 5129/2025;3050.0;impegno_perso;1
2671980;2025;DD 5128/2025;60000.0;senza_impegno;0
2671957;2025;DD 5122/2025;;senza_impegno;0
2671919;2025;DD 5117/2025;50000.0;senza_impegno;0
2671939;2025;DD 5116/2025;13594.86;impegno_perso;1
2671921;2025;DD 5114/2025;4270.0;impegno_perso;1
2671896;2025;DD 5088/2025;28691.35;senza_impegno;0
2671887;2025;DD 5082/2025;;senza_impegno;0
2671872;2025;DD 5051/2025;58500.0;impegno_perso;0
2671822;2025;DD 4957/2025;125599.0;impegno_perso;0
2671819;2025;DD 5045/2025;16839.06;impegno_perso;1
2671855;2025;DD 5039/2025;;senza_impegno;0
2671862;2025;DD 5037/2025;;senza_impegno;0
2671799;2025;DD 5027/2025;4047.35;impegno_perso;1
2671795;2025;DD 5026/2025;5094.11;impegno_perso;1
2671771;2025;DD 5014/2025;;impegno_perso;0
2671765;2025;DD 5016/2025;;senza_impegno;0
2671725;2025;DD 4997/2025;900.0;senza_impegno;0
2671733;2025;DD 4990/2025;27798.19;impegno_perso;1
2671738;2025;DD 4989/2025;16470.0;impegno_perso;1
2671732;2025;DD 4972/2025;2952.4;impegno_perso;1
2671707;2025;DD 4964/2025;;senza_impegno;0
2671735;2025;DD 4966/2025;2419.5;impegno_perso;1
2671701;2025;DD 4959/2025;;senza_impegno;0
2671743;2025;DD 4958/2025;;impegno_perso;0
2674858;2025;DD 5562/2025;;senza_impegno;0
2673720;2025;DD 5958/2025;4000.0;senza_impegno;0
2673699;2025;DD 5951/2025;;senza_impegno;0
2673722;2025;DD 5946/2025;;senza_impegno;0
2673715;2025;DD 5937/2025;10000.0;impegno_perso;0
2673679;2025;DD 5938/2025;79800.2;impegno_perso;0
2673693;2025;DD 5932/2025;6000.0;senza_impegno;0
2673703;2025;DD 5928/2025;75000.0;impegno_perso;0
2673677;2025;DD 5927/2025;4193.66;senza_impegno;0
2673688;2025;DD 5926/2025;;senza_impegno;0
2673632;2025;DD 5923/2025;2112134.09;impegno_perso;0
2673646;2025;DD 5919/2025;132250.0;impegno_perso;0
2673640;2025;DD 5918/2025;1912.35;impegno_perso;1
2673658;2025;DD 5913/2025;;senza_impegno;0
2673618;2025;DD 5912/2025;8509.48;impegno_perso;1
2673621;2025;DD 5911/2025;;senza_impegno;0
2673661;2025;DD 5903/2025;;senza_impegno;0
2673554;2025;DD 5889/2025;4280.8;impegno_perso;0
2673641;2025;DD 5886/2025;37910.0;impegno_perso;0
2673593;2025;DD 5885/2025;;senza_impegno;0
2673662;2025;DD 5882/2025;15098966.24;impegno_perso;0
2673551;2025;DD 5884/2025;;senza_impegno;0
2673525;2025;DD 5870/2025;5000.0;impegno_perso;0
2673521;2025;DD 5848/2025;3000.0;impegno_perso;1
2673408;2025;DD 5835/2025;674.0;impegno_perso;1
2673386;2025;DD 5821/2025;;impegno_perso;0
2673416;2025;DD 5816/2025;14914.98;impegno_perso;1
2673340;2025;DD 5803/2025;30514.42;impegno_perso;1
2673309;2025;DD 5799/2025;51625.0;impegno_perso;0
2673368;2025;DD 5793/2025;;senza_impegno;0
2673279;2025;DD 5792/2025;;senza_impegno;0
2673367;2025;DD 5788/2025;;impegno_perso;0
2673357;2025;DD 5781/2025;11533.88;impegno_perso;1
2673325;2025;DD 5779/2025;48740240.88;impegno_perso;0
2673305;2025;DD 5774/2025;77000.0;impegno_perso;0
2673298;2025;DD 5773/2025;380000.0;senza_impegno;0
2673294;2025;DD 5769/2025;25000.0;impegno_perso;0
2673370;2025;DD 5767/2025;30000.0;senza_impegno;0
2673312;2025;DD 5765/2025;20000.0;impegno_perso;0
2673332;2025;DD 5758/2025;;senza_impegno;0
2673225;2025;DD 5755/2025;;senza_impegno;0
2673204;2025;DD 5737/2025;;impegno_perso;0
2673215;2025;DD 5735/2025;22215.35;impegno_perso;1
2673271;2025;DD 5722/2025;198860.0;senza_impegno;0
2673135;2025;DD 5688/2025;245.72;impegno_perso;1
2673171;2025;DD 5687/2025;;senza_impegno;0
2673146;2025;DD 5684/2025;300.56;senza_impegno;0
2673115;2025;DD 5682/2025;45000.0;senza_impegno;0
2673178;2025;DD 5681/2025;168874.98;impegno_perso;0
2673141;2025;DD 5680/2025;10100.0;senza_impegno;0
2673081;2025;DD 5667/2025;41236.0;impegno_perso;1
2673023;2025;DD 5647/2025;;senza_impegno;0
2673024;2025;DD 5646/2025;4900.0;senza_impegno;0
2673021;2025;DD 5645/2025;11888.9;impegno_perso;0
2672982;2025;DD 5641/2025;29280.0;impegno_perso;1
2673002;2025;DD 5624/2025;60524.2;impegno_perso;1
2672970;2025;DD 5635/2025;122000.0;impegno_perso;1
2672987;2025;DD 5629/2025;14057.4;impegno_perso;0
2672992;2025;DD 5622/2025;366000.0;impegno_perso;1
2672965;2025;DD 5613/2025;;senza_impegno;0
2672964;2025;DD 5609/2025;;impegno_perso;1
2672881;2025;DD 5595/2025;;senza_impegno;0
2672945;2025;DD 5591/2025;97600.0;impegno_perso;0
2672957;2025;DD 5590/2025;353000.0;senza_impegno;0
2672897;2025;DD 5578/2025;;impegno_perso;0
2672824;2025;DD 5571/2025;676.23;impegno_perso;1
2672830;2025;DD 5570/2025;3513.98;senza_impegno;0
2672818;2025;DD 5569/2025;1822.09;senza_impegno;0
2672829;2025;DD 5568/2025;16225.0;impegno_perso;0
2672862;2025;DD 5565/2025;;impegno_perso;0
2672776;2025;DD 5547/2025;5757.23;impegno_perso;1
2672790;2025;DD 5546/2025;2753.54;impegno_perso;1
2672802;2025;DD 5539/2025;80000.0;impegno_perso;1
2672781;2025;DD 5534/2025;3451.28;senza_impegno;0
2672801;2025;DD 5522/2025;;senza_impegno;0
2672737;2025;DD 5519/2025;;senza_impegno;0
2672739;2025;DD 5518/2025;;senza_impegno;0
2672752;2025;DD 5511/2025;5000.0;impegno_perso;0
2672753;2025;DD 5512/2025;106000.0;senza_impegno;0
2672769;2025;DD 5513/2025;46200.0;impegno_perso;0
2672729;2025;DD 5508/2025;;impegno_perso;0
2672755;2025;DD 5488/2025;;senza_impegno;0
2672735;2025;DD 5487/2025;50000.0;senza_impegno;0
2672761;2025;DD 5485/2025;;senza_impegno;0
2672635;2025;DD 5479/2025;1712000.0;impegno_perso;1
2672626;2025;DD 5474/2025;4026.0;impegno_perso;1
2672693;2025;DD 5447/2025;20000.0;senza_impegno;0
2672533;2025;DD 5434/2025;788000.0;impegno_perso;1
2672567;2025;DD 5415/2025;6039.0;impegno_perso;0
2672544;2025;DD 5413/2025;833.0;impegno_perso;0
2672531;2025;DD 5412/2025;250.75;impegno_perso;0
2672598;2025;DD 5408/2025;463.6;impegno_perso;1
2672599;2025;DD 5406/2025;;senza_impegno;0
2672497;2025;DD 5392/2025;9000.0;senza_impegno;0
2672504;2025;DD 5388/2025;;impegno_perso;0
2672516;2025;DD 5385/2025;54500.0;senza_impegno;0
2672517;2025;DD 5384/2025;18500.0;senza_impegno;0
2675067;2025;DD 6623/2025;;senza_impegno;0
2675092;2025;DD 6613/2025;30390.56;senza_impegno;0
2675050;2025;DD 6612/2025;2400.0;senza_impegno;0
2675049;2025;DD 6611/2025;249000.0;impegno_perso;0
2675079;2025;DD 6599/2025;;impegno_perso;0
2675043;2025;DD 6597/2025;5000.0;senza_impegno;0
2674996;2025;DD 6588/2025;12600.0;impegno_perso;1
2674997;2025;DD 6585/2025;;impegno_perso;0
2674970;2025;DD 6574/2025;3000.0;impegno_perso;1
2674972;2025;DD 6556/2025;300.0;impegno_perso;1
2674916;2025;DD 6554/2025;;impegno_perso;0
2674962;2025;DD 6545/2025;;senza_impegno;0
2674982;2025;DD 6541/2025;16894.79;impegno_perso;1
2674850;2025;DD 6511/2025;;senza_impegno;0
2674848;2025;DD 6510/2025;;impegno_perso;0
2674902;2025;DD 6507/2025;24400.0;impegno_perso;1
2674870;2025;DD 6501/2025;18000.0;senza_impegno;0
2674793;2025;DD 6468/2025;170190.0;impegno_perso;1
2674700;2025;DD 6445/2025;;senza_impegno;0
2674689;2025;DD 6436/2025;85000.0;impegno_perso;1
2674750;2025;DD 6429/2025;;senza_impegno;0
2674724;2025;DD 6428/2025;;senza_impegno;0
2674728;2025;DD 6431/2025;;senza_impegno;0
2674727;2025;DD 6430/2025;;senza_impegno;0
2674626;2025;DD 6365/2025;2250.0;impegno_perso;1
2674612;2025;DD 6353/2025;59000.0;senza_impegno;0
2674515;2025;DD 6334/2025;353380.11;impegno_perso;1
2674585;2025;DD 6327/2025;7590.0;senza_impegno;0
2674568;2025;DD 6325/2025;950.0;senza_impegno;0
2674457;2025;DD 6300/2025;68320.0;senza_impegno;0
2674381;2025;DD 6295/2025;;senza_impegno;0
2674422;2025;DD 6292/2025;50000.0;senza_impegno;0
2674458;2025;DD 6287/2025;2283.84;impegno_perso;1
2674328;2025;DD 6268/2025;;senza_impegno;0
2674357;2025;DD 6266/2025;37958.25;impegno_perso;1
2674338;2025;DD 6262/2025;;senza_impegno;0
2674373;2025;DD 6253/2025;2002.0;impegno_perso;1
2674342;2025;DD 6249/2025;;senza_impegno;0
2674353;2025;DD 6247/2025;;senza_impegno;0
2674356;2025;DD 6246/2025;;senza_impegno;0
2674330;2025;DD 6245/2025;23600.0;senza_impegno;0
2674318;2025;DD 6219/2025;1920.0;impegno_perso;1
2674324;2025;DD 6218/2025;;impegno_perso;0
2683388;2025;DD 6216/2025;;impegno_perso;0
2674261;2025;DD 6202/2025;878.6;senza_impegno;0
2674144;2025;DD 6198/2025;;impegno_perso;0
2674138;2025;DD 6194/2025;25300.0;impegno_perso;0
2674170;2025;DD 6187/2025;;senza_impegno;0
2674169;2025;DD 6186/2025;50000.0;impegno_perso;0
2674165;2025;DD 6178/2025;;senza_impegno;0
2674225;2025;DD 6168/2025;95795.7;impegno_perso;0
2674108;2025;DD 6157/2025;80000.0;senza_impegno;0
2674092;2025;DD 6139/2025;1600.0;senza_impegno;0
2674116;2025;DD 6137/2025;8540.0;impegno_perso;1
2674066;2025;DD 6127/2025;130000.0;impegno_perso;0
2674065;2025;DD 6110/2025;;senza_impegno;0
2674063;2025;DD 6101/2025;;senza_impegno;0
2674060;2025;DD 6100/2025;;senza_impegno;0
2674052;2025;DD 6098/2025;;senza_impegno;0
2673979;2025;DD 6082/2025;2000.0;senza_impegno;0
2674004;2025;DD 6067/2025;;senza_impegno;0
2673914;2025;DD 6066/2025;;senza_impegno;0
2673938;2025;DD 6048/2025;9000.0;senza_impegno;0
2673942;2025;DD 6044/2025;;senza_impegno;0
2673932;2025;DD 6043/2025;336000.0;impegno_perso;0
2673838;2025;DD 6035/2025;;impegno_perso;0
2673883;2025;DD 6033/2025;39798.0;senza_impegno;0
2673835;2025;DD 6032/2025;;senza_impegno;0
2673869;2025;DD 6017/2025;86000.0;senza_impegno;0
2673860;2025;DD 6001/2025;1000.0;senza_impegno;0
2673778;2025;DD 5992/2025;1220.0;impegno_perso;1
2673746;2025;DD 5990/2025;36260.0;impegno_perso;1
2673747;2025;DD 5977/2025;;senza_impegno;0
2676481;2025;DD 7400/2025;7947.0;impegno_perso;0
2676407;2025;DD 7382/2025;120.0;impegno_perso;0
2676335;2025;DD 7376/2025;1657.46;impegno_perso;1
2676333;2025;DD 7371/2025;43563.43;impegno_perso;0
2676334;2025;DD 7369/2025;45520.5;impegno_perso;0
2676205;2025;DD 7325/2025;33184.0;impegno_perso;1
2676207;2025;DD 7319/2025;;senza_impegno;0
2676241;2025;DD 7312/2025;;impegno_perso;0
2676239;2025;DD 7310/2025;93500.0;impegno_perso;0
2676291;2025;DD 7303/2025;8007.34;impegno_perso;1
2676254;2025;DD 7294/2025;1740.0;senza_impegno;0
2676236;2025;DD 7293/2025;28624.11;senza_impegno;0
2676224;2025;DD 7290/2025;8186.2;impegno_perso;0
2676218;2025;DD 7286/2025;7000.0;senza_impegno;0
2676148;2025;DD 7280/2025;4331.0;impegno_perso;1
2676165;2025;DD 7277/2025;;senza_impegno;0
2676141;2025;DD 7274/2025;;impegno_perso;1
2676151;2025;DD 7272/2025;683.2;impegno_perso;1
2676152;2025;DD 7271/2025;150000.0;senza_impegno;0
2676182;2025;DD 7270/2025;20000.0;impegno_perso;0
2676146;2025;DD 7267/2025;150000.0;senza_impegno;0
2676138;2025;DD 7265/2025;25000.0;senza_impegno;0
2676183;2025;DD 7264/2025;3000.0;senza_impegno;0
2676133;2025;DD 7258/2025;2900.0;impegno_perso;0
2676166;2025;DD 7256/2025;111500.0;impegno_perso;0
2676157;2025;DD 7252/2025;;senza_impegno;0
2676128;2025;DD 7241/2025;352829.42;senza_impegno;0
2676197;2025;DD 7233/2025;15000.0;senza_impegno;0
2676167;2025;DD 7227/2025;9551.76;impegno_perso;1
2676145;2025;DD 7224/2025;159820.0;impegno_perso;1
2676121;2025;DD 7218/2025;48312.0;impegno_perso;1
2676071;2025;DD 7214/2025;34500.0;senza_impegno;0
2676029;2025;DD 7213/2025;76532.74;impegno_perso;1
2676062;2025;DD 7212/2025;;impegno_perso;0
2676073;2025;DD 7211/2025;;senza_impegno;0
2676083;2025;DD 7203/2025;6306.1;senza_impegno;0
2676030;2025;DD 7202/2025;2684.0;senza_impegno;0
2676043;2025;DD 7199/2025;62356.35;impegno_perso;0
2676117;2025;DD 7197/2025;;senza_impegno;0
2675989;2025;DD 7157/2025;5757.23;impegno_perso;0
2675963;2025;DD 7156/2025;131000.0;senza_impegno;0
2675968;2025;DD 7127/2025;84790.0;impegno_perso;1
2675961;2025;DD 7150/2025;1000.0;impegno_perso;1
2675979;2025;DD 7148/2025;4900.0;impegno_perso;1
2675996;2025;DD 7133/2025;;impegno_perso;0
2675964;2025;DD 7121/2025;12200.0;impegno_perso;1
2675997;2025;DD 7116/2025;170800.0;impegno_perso;1
2675856;2025;DD 7079/2025;5000.0;senza_impegno;0
2675918;2025;DD 7078/2025;5000.0;senza_impegno;0
2675914;2025;DD 7074/2025;;impegno_perso;0
2675928;2025;DD 7069/2025;389969.48;impegno_perso;1
2675941;2025;DD 7042/2025;;senza_impegno;0
2675944;2025;DD 7067/2025;2500.0;senza_impegno;0
2675932;2025;DD 7063/2025;;impegno_perso;0
2675820;2025;DD 7056/2025;620809.99;impegno_perso;1
2675794;2025;DD 7048/2025;;senza_impegno;0
2675827;2025;DD 7045/2025;40545.16;senza_impegno;0
2675823;2025;DD 7038/2025;;impegno_perso;1
2675812;2025;DD 7035/2025;125387.8;impegno_perso;1
2675825;2025;DD 7023/2025;;senza_impegno;0
2675680;2025;DD 7000/2025;;senza_impegno;0
2675655;2025;DD 6969/2025;2160.0;impegno_perso;1
2675645;2025;DD 6962/2025;8000.0;senza_impegno;0
2675672;2025;DD 6948/2025;36508.05;impegno_perso;1
2675633;2025;DD 6937/2025;25000.0;senza_impegno;0
2675667;2025;DD 6932/2025;26375.0;senza_impegno;0
2675671;2025;DD 6931/2025;39000.0;senza_impegno;0
2675614;2025;DD 6921/2025;69859.0;impegno_perso;0
2675518;2025;DD 6910/2025;;senza_impegno;0
2675554;2025;DD 6874/2025;2700835.67;impegno_perso;1
2675525;2025;DD 6872/2025;13420.0;impegno_perso;1
2675534;2025;DD 6871/2025;;senza_impegno;0
2675514;2025;DD 6870/2025;20000.0;impegno_perso;0
2675592;2025;DD 6864/2025;104347.82;impegno_perso;0
2675581;2025;DD 6861/2025;2700.0;senza_impegno;0
2675523;2025;DD 6860/2025;;impegno_perso;0
2675601;2025;DD 6857/2025;19000.0;impegno_perso;1
2675494;2025;DD 6845/2025;156.18;impegno_perso;1
2675416;2025;DD 6832/2025;1344700.5;impegno_perso;1
2675430;2025;DD 6829/2025;2376.0;senza_impegno;0
2675414;2025;DD 6819/2025;18300.0;impegno_perso;1
2675462;2025;DD 6818/2025;5002.0;impegno_perso;1
2675365;2025;DD 6802/2025;;senza_impegno;0
2675401;2025;DD 6799/2025;230000.0;senza_impegno;0
2675354;2025;DD 6794/2025;;senza_impegno;0
2675363;2025;DD 6776/2025;;senza_impegno;0
2675352;2025;DD 6770/2025;;senza_impegno;0
2675394;2025;DD 6764/2025;30000.0;senza_impegno;1
2675351;2025;DD 6763/2025;;senza_impegno;0
2675300;2025;DD 6746/2025;5000.0;senza_impegno;0
2675320;2025;DD 6745/2025;737000.0;senza_impegno;0
2675272;2025;DD 6744/2025;170000.0;senza_impegno;0
2675261;2025;DD 6737/2025;;impegno_perso;0
2675290;2025;DD 6735/2025;6100.0;senza_impegno;0
2675327;2025;DD 6724/2025;;senza_impegno;0
2675269;2025;DD 6721/2025;49550.0;impegno_perso;0
2675296;2025;DD 6720/2025;4000.0;impegno_perso;0
2675328;2025;DD 6714/2025;37000.0;impegno_perso;0
2675336;2025;DD 6712/2025;3886330.88;impegno_perso;0
2675228;2025;DD 6707/2025;;senza_impegno;0
2675221;2025;DD 6703/2025;;senza_impegno;0
2675253;2025;DD 6700/2025;5670.0;impegno_perso;0
2675238;2025;DD 6687/2025;70000.0;senza_impegno;0
2675136;2025;DD 6677/2025;;senza_impegno;0
2675117;2025;DD 6671/2025;18000.0;senza_impegno;0
2675194;2025;DD 6665/2025;;senza_impegno;0
2675170;2025;DD 6647/2025;;senza_impegno;0
2678054;2025;DD 8349/2025;160500.0;senza_impegno;0
2678090;2025;DD 8345/2025;1683.36;impegno_perso;1
2678065;2025;DD 8288/2025;1114.76;impegno_perso;0
2678021;2025;DD 8281/2025;7320.0;impegno_perso;0
2677917;2025;DD 8257/2025;;senza_impegno;0
2677979;2025;DD 8256/2025;6552.62;impegno_perso;1
2677963;2025;DD 8254/2025;140000.0;impegno_perso;0
2677971;2025;DD 8240/2025;;impegno_perso;0
2677912;2025;DD 8228/2025;1875.0;impegno_perso;0
2677984;2025;DD 8223/2025;;senza_impegno;0
2677930;2025;DD 8222/2025;9852.25;impegno_perso;1
2677855;2025;DD 8186/2025;13000.0;impegno_perso;0
2677873;2025;DD 8175/2025;;senza_impegno;0
2677897;2025;DD 8167/2025;85000.0;impegno_perso;1
2677801;2025;DD 8159/2025;;senza_impegno;0
2677868;2025;DD 8156/2025;;senza_impegno;0
2677887;2025;DD 8139/2025;120000.0;senza_impegno;0
2677748;2025;DD 8117/2025;;impegno_perso;1
2677745;2025;DD 8089/2025;20000.0;impegno_perso;0
2677709;2025;DD 8088/2025;30825.6;impegno_perso;1
2677654;2025;DD 8086/2025;;impegno_perso;0
2677533;2025;DD 8068/2025;10877.86;impegno_perso;0
2677577;2025;DD 8063/2025;213.5;impegno_perso;1
2677552;2025;DD 8045/2025;3489.2;impegno_perso;1
2677519;2025;DD 8044/2025;;senza_impegno;0
2677615;2025;DD 7998/2025;388662.56;impegno_perso;0
2677605;2025;DD 8021/2025;;impegno_perso;0
2677544;2025;DD 8020/2025;30000.0;senza_impegno;0
2677529;2025;DD 8013/2025;24000.0;senza_impegno;0
2677541;2025;DD 8000/2025;;senza_impegno;0
2677416;2025;DD 7985/2025;4000.0;senza_impegno;0
2677443;2025;DD 7980/2025;;senza_impegno;0
2677479;2025;DD 7970/2025;;impegno_perso;0
2677323;2025;DD 7918/2025;12444.0;impegno_perso;1
2677313;2025;DD 7908/2025;15200.0;senza_impegno;0
2677395;2025;DD 7905/2025;;impegno_perso;0
2677338;2025;DD 7890/2025;16875.0;senza_impegno;0
2677297;2025;DD 7889/2025;500000.0;senza_impegno;0
2677387;2025;DD 7891/2025;54000.0;senza_impegno;0
2683382;2025;DD 7888/2025;;senza_impegno;0
2677305;2025;DD 7884/2025;;senza_impegno;0
2677246;2025;DD 7822/2025;2229.56;impegno_perso;1
2677169;2025;DD 7820/2025;12132.9;impegno_perso;0
2677127;2025;DD 7819/2025;900.0;impegno_perso;0
2677111;2025;DD 7818/2025;935091.39;impegno_perso;0
2677172;2025;DD 7814/2025;480034.27;senza_impegno;0
2677174;2025;DD 7812/2025;10000.0;impegno_perso;0
2677109;2025;DD 7809/2025;150000.0;impegno_perso;0
2677181;2025;DD 7808/2025;150000.0;impegno_perso;0
2677121;2025;DD 7803/2025;6000.0;senza_impegno;0
2677159;2025;DD 7802/2025;6000.0;senza_impegno;0
2677144;2025;DD 7798/2025;;senza_impegno;0
2677154;2025;DD 7797/2025;;senza_impegno;0
2677123;2025;DD 7796/2025;;senza_impegno;0
2677132;2025;DD 7773/2025;400000.0;senza_impegno;0
2677094;2025;DD 7740/2025;10000.0;impegno_perso;0
2676983;2025;DD 7738/2025;;senza_impegno;0
2676910;2025;DD 7712/2025;;senza_impegno;0
2676922;2025;DD 7703/2025;800.0;impegno_perso;0
2676949;2025;DD 7695/2025;641.74;senza_impegno;0
2676907;2025;DD 7694/2025;16875.0;senza_impegno;0
2676950;2025;DD 7692/2025;;senza_impegno;0
2676923;2025;DD 7691/2025;;senza_impegno;0
2676912;2025;DD 7690/2025;;senza_impegno;0
2676936;2025;DD 7686/2025;;senza_impegno;0
2676951;2025;DD 7682/2025;719.8;impegno_perso;1
2676913;2025;DD 7683/2025;;impegno_perso;0
2676939;2025;DD 7679/2025;;senza_impegno;1
2676920;2025;DD 7677/2025;;senza_impegno;0
2676952;2025;DD 7673/2025;34900.0;senza_impegno;0
2676938;2025;DD 7672/2025;669.5;impegno_perso;0
2676846;2025;DD 7651/2025;;impegno_perso;1
2676851;2025;DD 7649/2025;25000.0;senza_impegno;0
2676835;2025;DD 7648/2025;;impegno_perso;0
2676823;2025;DD 7637/2025;;impegno_perso;1
2676871;2025;DD 7619/2025;3050.0;impegno_perso;1
2676786;2025;DD 7607/2025;10000.0;senza_impegno;0
2676774;2025;DD 7606/2025;;senza_impegno;0
2676708;2025;DD 7599/2025;;senza_impegno;0
2676720;2025;DD 7592/2025;949.16;impegno_perso;1
2676765;2025;DD 7573/2025;3415160.24;impegno_perso;1
2676801;2025;DD 7570/2025;364288.0;impegno_perso;1
2676789;2025;DD 7562/2025;4355.73;senza_impegno;1
2676696;2025;DD 7554/2025;6000.0;senza_impegno;0
2676748;2025;DD 7550/2025;15368.45;impegno_perso;1
2676746;2025;DD 7549/2025;5002.0;impegno_perso;1
2676634;2025;DD 7509/2025;16500.0;senza_impegno;0
2676570;2025;DD 7489/2025;3500.0;impegno_perso;1
2676596;2025;DD 7477/2025;71835.77;impegno_perso;0
2676606;2025;DD 7474/2025;186706.28;impegno_perso;1
2676542;2025;DD 7457/2025;39100.0;impegno_perso;0
2676588;2025;DD 7459/2025;148945.87;impegno_perso;0
2676626;2025;DD 7458/2025;82800.0;impegno_perso;0
2676575;2025;DD 7453/2025;;impegno_perso;0
2676527;2025;DD 7433/2025;130000.0;senza_impegno;0
2676512;2025;DD 7426/2025;;impegno_perso;0
2676528;2025;DD 7408/2025;;senza_impegno;0
2679220;2025;DD 9100/2025;;senza_impegno;0
2679224;2025;DD 9091/2025;;impegno_perso;0
2679182;2025;DD 9084/2025;104264.21;impegno_perso;0
2679176;2025;DD 9083/2025;127863.74;impegno_perso;0
2679200;2025;DD 9080/2025;91577.13;impegno_perso;0
2679196;2025;DD 9079/2025;;senza_impegno;0
2679211;2025;DD 9061/2025;65189.18;impegno_perso;0
2679175;2025;DD 9057/2025;;senza_impegno;0
2679184;2025;DD 9054/2025;431200.0;impegno_perso;1
2679132;2025;DD 9042/2025;423.79;senza_impegno;0
2679126;2025;DD 9025/2025;;senza_impegno;0
2679168;2025;DD 9021/2025;;senza_impegno;0
2679120;2025;DD 9018/2025;21571.49;impegno_perso;1
2679129;2025;DD 9009/2025;;impegno_perso;0
2679102;2025;DD 9006/2025;;impegno_perso;0
2679094;2025;DD 8998/2025;23668.0;impegno_perso;1
2679053;2025;DD 8996/2025;24997.8;impegno_perso;1
2679076;2025;DD 8990/2025;199320.56;impegno_perso;0
2679061;2025;DD 8985/2025;129369.45;impegno_perso;0
2679063;2025;DD 8983/2025;176909.2;impegno_perso;1
2679042;2025;DD 8982/2025;;impegno_perso;1
2679090;2025;DD 8979/2025;15920386.36;impegno_perso;0
2679079;2025;DD 8974/2025;154200.0;senza_impegno;0
2678938;2025;DD 8952/2025;13969.0;senza_impegno;0
2678963;2025;DD 8951/2025;11967426.1;impegno_perso;0
2679030;2025;DD 8950/2025;;senza_impegno;0
2678947;2025;DD 8947/2025;82000.0;senza_impegno;0
2678942;2025;DD 8945/2025;60000.0;senza_impegno;0
2678943;2025;DD 8915/2025;190.0;impegno_perso;1
2678970;2025;DD 8898/2025;;impegno_perso;0
2678991;2025;DD 8899/2025;600000.0;senza_impegno;0
2678936;2025;DD 8897/2025;;senza_impegno;0
2678844;2025;DD 8889/2025;14769769.95;impegno_perso;0
2678876;2025;DD 8882/2025;;senza_impegno;0
2678839;2025;DD 8881/2025;17000.0;impegno_perso;0
2678856;2025;DD 8879/2025;260.0;impegno_perso;1
2678927;2025;DD 8864/2025;;senza_impegno;0
2678833;2025;DD 8863/2025;206165.86;impegno_perso;0
2678849;2025;DD 8862/2025;40077.0;impegno_perso;1
2678915;2025;DD 8853/2025;221382.05;senza_impegno;0
2678893;2025;DD 8838/2025;1608.87;impegno_perso;1
2678860;2025;DD 8832/2025;7077.0;impegno_perso;1
2678841;2025;DD 8829/2025;60000.0;impegno_perso;1
2678890;2025;DD 8815/2025;5540.64;senza_impegno;0
2678810;2025;DD 8810/2025;59095.07;impegno_perso;0
2678714;2025;DD 8792/2025;;impegno_perso;0
2678736;2025;DD 8787/2025;;impegno_perso;1
2678772;2025;DD 8775/2025;328500.0;impegno_perso;0
2678732;2025;DD 8774/2025;;senza_impegno;0
2678760;2025;DD 8768/2025;;senza_impegno;0
2678722;2025;DD 8767/2025;;impegno_perso;0
2678715;2025;DD 8765/2025;;senza_impegno;0
2678811;2025;DD 8764/2025;;senza_impegno;0
2678737;2025;DD 8763/2025;;senza_impegno;0
2678700;2025;DD 8758/2025;;senza_impegno;0
2678705;2025;DD 8752/2025;40000.0;impegno_perso;1
2678755;2025;DD 8751/2025;;impegno_perso;0
2678618;2025;DD 8724/2025;35990.0;impegno_perso;1
2678664;2025;DD 8733/2025;32000.0;senza_impegno;0
2678662;2025;DD 8728/2025;10000.0;senza_impegno;0
2678666;2025;DD 8726/2025;;senza_impegno;0
2678681;2025;DD 8709/2025;;senza_impegno;0
2678628;2025;DD 8706/2025;16775040.71;impegno_perso;0
2678684;2025;DD 8703/2025;;impegno_perso;0
2678619;2025;DD 8697/2025;60000.0;impegno_perso;1
2678638;2025;DD 8684/2025;;senza_impegno;0
2678516;2025;DD 8673/2025;28548.0;impegno_perso;1
2678590;2025;DD 8666/2025;;senza_impegno;0
2678567;2025;DD 8665/2025;;senza_impegno;0
2678557;2025;DD 8660/2025;;senza_impegno;0
2678504;2025;DD 8652/2025;;senza_impegno;0
2678533;2025;DD 8651/2025;700000.0;senza_impegno;0
2678558;2025;DD 8637/2025;34953.0;impegno_perso;0
2678560;2025;DD 8634/2025;;senza_impegno;0
2678526;2025;DD 8631/2025;138197.35;impegno_perso;1
2678502;2025;DD 8623/2025;12280.0;senza_impegno;0
2678468;2025;DD 8615/2025;;impegno_perso;0
2678453;2025;DD 8610/2025;500000.0;impegno_perso;1
2678474;2025;DD 8602/2025;;senza_impegno;0
2678488;2025;DD 8601/2025;;senza_impegno;0
2678473;2025;DD 8599/2025;;impegno_perso;1
2678475;2025;DD 8597/2025;12000.0;senza_impegno;0
2678455;2025;DD 8595/2025;94689.89;senza_impegno;0
2678500;2025;DD 8596/2025;130000.0;senza_impegno;0
2678499;2025;DD 8590/2025;;senza_impegno;0
2678483;2025;DD 8574/2025;5110.67;impegno_perso;1
2678449;2025;DD 8584/2025;;senza_impegno;0
2678489;2025;DD 8578/2025;5000.0;impegno_perso;0
2678376;2025;DD 8567/2025;27000.0;impegno_perso;0
2678426;2025;DD 8565/2025;1700.0;impegno_perso;0
2678388;2025;DD 8555/2025;50089.41;senza_impegno;0
2678381;2025;DD 8538/2025;60000.0;impegno_perso;1
2678374;2025;DD 8532/2025;;impegno_perso;1
2678370;2025;DD 8512/2025;376154.73;impegno_perso;0
2678439;2025;DD 8513/2025;1561.6;impegno_perso;0
2678367;2025;DD 8506/2025;569.74;impegno_perso;1
2678383;2025;DD 8510/2025;93500.0;senza_impegno;0
2678393;2025;DD 8509/2025;;senza_impegno;0
2678294;2025;DD 8484/2025;48176.79;impegno_perso;1
2678267;2025;DD 8470/2025;;impegno_perso;1
2678257;2025;DD 8453/2025;10086.23;impegno_perso;1
2678175;2025;DD 8440/2025;;impegno_perso;0
2678231;2025;DD 8423/2025;857.7;impegno_perso;1
2678218;2025;DD 8422/2025;480034.27;senza_impegno;0
2678168;2025;DD 8415/2025;7081.58;impegno_perso;0
2678197;2025;DD 8399/2025;;senza_impegno;0
2678164;2025;DD 8388/2025;61000.0;impegno_perso;0
2678183;2025;DD 8384/2025;;impegno_perso;0
2678134;2025;DD 8374/2025;;impegno_perso;0
2678132;2025;DD 8370/2025;;senza_impegno;0
2678147;2025;DD 8361/2025;19300.0;senza_impegno;0
