dd_numero;capitolo;anno_imp;importo;missione;missione_nome;programma;macro;denominazione;match
DD 1039/2025;118630008005;2025;51.626,00;01;Servizi istituzionali, generali e di gestione;8;2;SISTEMI INFORMATIVI - PN METRO PLUS - GESTIONE DELLA RELAZIONE CITTADINO - IMPRESE - TO1.1.2.1.E - VEDASI CAP.032500002001 ENTRATA - SETT.27;exact
DD 1085/2025;118630008004;2025;189.027,38;01;Servizi istituzionali, generali e di gestione;8;2;SISTEMI INFORMATIVI - PN METRO PLUS - CONDIVISIONE TRASPARENZA E GOVERNO DATI -TO1.1.2.1.D - VEDASI CAP.032500002001 ENTRATA - SETT.27;exact
DD 1132/2025;060500010001;2025;12.200,00;07;Turismo;1;3;TURISMO - ACQUISTO DI BENI E SERVIZI - PROGETTO UNESCO RESIDENZE DELLA FAMIGLIA REALE DI SAVOIA - VEDASI CAP. 6500002 ENTRATA - SETT. 69;exact
DD 1135/2025;060500008002;2025;12.200,00;07;Turismo;1;3;TURISMO - ACQUISTO DI BENI E SERVIZI - EVENTI DI PROMOZIONE TORINO - Settore 69;exact
DD 1234/2025;012600029001;2025;609,76;01;Servizi istituzionali, generali e di gestione;4;3;TRIBUTI E CATASTO - ACQUISTO DI SERVIZI - ACCESSO A BANCHE DATI E PUBBLICAZIONI ONLINE - settore 013;exact
DD 1234/2025;012600029001;2026;609,76;01;Servizi istituzionali, generali e di gestione;4;3;TRIBUTI E CATASTO - ACQUISTO DI SERVIZI - ACCESSO A BANCHE DATI E PUBBLICAZIONI ONLINE - settore 013;exact
DD 1234/2025;012600029001;2027;609,76;01;Servizi istituzionali, generali e di gestione;4;3;TRIBUTI E CATASTO - ACQUISTO DI SERVIZI - ACCESSO A BANCHE DATI E PUBBLICAZIONI ONLINE - settore 013;exact
DD 1234/2025;012600029001;2028;609,76;01;Servizi istituzionali, generali e di gestione;4;3;TRIBUTI E CATASTO - ACQUISTO DI SERVIZI - ACCESSO A BANCHE DATI E PUBBLICAZIONI ONLINE - settore 013;exact
DD 1234/2025;012600029001;2029;609,76;01;Servizi istituzionali, generali e di gestione;4;3;TRIBUTI E CATASTO - ACQUISTO DI SERVIZI - ACCESSO A BANCHE DATI E PUBBLICAZIONI ONLINE - settore 013;exact
DD 1250/2025;140380004001;2025;27.708,49;10;Trasporti e diritto alla mobilità;5;2;PONTI - VIE D'ACQUA - INFRASTRUTTURE - PNRR - C16E19000190001- PIANO COMPLEMENTARE - PROGETTO PARCO DEL VALENTINO - RIPRISTINO NAVIGABILITA' FIUME PO - VEDASI CAP. 32390002 ENTRATA - Sett. 34;exact
DD 1265/2025;048700001003;2025;15.500,00;05;Tutela e valorizzazione dei beni e attività culturali;2;3;BIBLIOTECHE CIVICHE - ACQUISTO MATERIALI PER PROGETTO LA STAMPA - VEDASI CAP. 15100078001 ENTRATA - SETT.25 1564;exact
DD 1265/2025;048700001001;2025;700,00;05;Tutela e valorizzazione dei beni e attività culturali;2;3;BIBLIOTECHE CIVICHE - ACQUISTO DI MATERIALI - GIORNALI E RIVISTE - settore 025;exact
DD 1265/2025;048800003007;2025;12.322,00;05;Tutela e valorizzazione dei beni e attività culturali;2;3;BIBLIOTECHE CIVICHE - ACQUISTO DI SERVIZI PER PROGETTO LA STAMPA - VEDASI CAP. 1510078001 ENTRATA - SETT.25 1564;exact
DD 1344/2025;078630003001;2025;;01;Servizi istituzionali, generali e di gestione;6;3;GESTIONE GRANDI OPERE - PRESTAZIONI DI SERVIZI - INCARICHI E SERVIZI PROFESSIONALI - settore 117;base9-unique
DD 1430/2025;021750006001;2025;62.000,00;01;Servizi istituzionali, generali e di gestione;7;3;SERVIZIO ELETTORALE - SPESE DERIVANTI DA AGGIORNAMENTO LISTE ELETTORALI DA DISPOSIZIONI MINISTERIALI - Sett.018;exact
DD 1430/2025;021750006001;2026;58.000,00;01;Servizi istituzionali, generali e di gestione;7;3;SERVIZIO ELETTORALE - SPESE DERIVANTI DA AGGIORNAMENTO LISTE ELETTORALI DA DISPOSIZIONI MINISTERIALI - Sett.018;exact
DD 1454/2025;010900000001;2025;23.058,00;01;Servizi istituzionali, generali e di gestione;3;3;SPESE GENERALI PER GESTIONE INDEBITAMENTO - settore 024;exact
DD 1472/2025;123100203003;2025;;03;Ordine pubblico e sicurezza;1;2;APP. AVANZO TRASFERIMENTI - POLIZIA LOCALE - ACQUISTI ATTREZZATURE - VEICOLI - PROGETTO SCUOLE SICURE - VEDASI CAP. 31500000 ENTRATA - sett. 048;exact
DD 1472/2025;123100203003;;;03;Ordine pubblico e sicurezza;1;2;APP. AVANZO TRASFERIMENTI - POLIZIA LOCALE - ACQUISTI ATTREZZATURE - VEICOLI - PROGETTO SCUOLE SICURE - VEDASI CAP. 31500000 ENTRATA - sett. 048;base9-multi
DD 1490/2025;091700002002;2025;25.889,86;14;Sviluppo economico e competitività;4;3;MANUTENZIONE ORDINARIA DEGLI IMPIANTI PUBBLICITARI - settore 013;exact
DD 1540/2025;119400002002;2025;23.994,47;01;Servizi istituzionali, generali e di gestione;11;2;ALTRI SERVIZI GENERALI - MANUTENZIONE STRAORDINARIA - settore 030;exact
DD 1573/2025;098700001004;2025;18.961,00;14;Sviluppo economico e competitività;2;3;DA AVANZO - COMMERCIO E ATTIVITA' PRODUTTIVE - ACQUISTO DI SERVIZI - GESTIONE E SISTEMAZIONE AREE MERCATALI - MANUT. E GESTIONE ATTREZZATURE DIVERSE E SERVIZI DIVERSI PER IL COMMERCIO - sett 016;base9-multi
DD 1573/2025;098700011001;2025;5.317,00;14;Sviluppo economico e competitività;2;3;COMMERCIO E MERCATI - ACQUISTO DI BENI E SERVIZI - ATTIVITA' DI PROMOZIONE DEL COMMERCIO - SETT. 134;exact
DD 1574/2025;078300001001;2025;48.806,45;09;Sviluppo sostenibile e tutela del territorio e dell'ambiente;2;3;VERDE PUBBLICO - ACQUISTO DI MATERIALI - MATERIALI VARI - settore 046;exact
DD 1739/2025;054200001006;2025;32.159,20;06;Politiche giovanili, sport e tempo libero;1;3;SPORT E TEMPO LIBERO - SPESE GENERALI - MANUTENZIONE E PULIZIA LOCALI - settore 062 - S.R.E. IVA;exact
DD 1771/2025;098700013003;2025;25.000,00;14;Sviluppo economico e competitività;2;3;COMMERCIO E MERCATI - ACQUISTO DI BENI E SERVIZI - SPAZI PUBLICITARI TV RADIO WEB CARTA STAMPATA - SETT. 134;exact
DD 1771/2025;098700011001;2025;3.060,00;14;Sviluppo economico e competitività;2;3;COMMERCIO E MERCATI - ACQUISTO DI BENI E SERVIZI - ATTIVITA' DI PROMOZIONE DEL COMMERCIO - SETT. 134;exact
DD 1772/2025;122900009001;2025;7.612,80;03;Ordine pubblico e sicurezza;2;2;POLIZIA MUNICIPALE - ACQUISTI - ATTREZZ.TECN.HARDWARE PER RETI DI RADIOCOMUNICAZIONE - SISTEMI DI TELECOMUNICAZIONE E SICUREZZA - VEDASI CAP. 37450022 E - settore 48;exact
DD 1773/2025;122900009003;2025;19.520,00;03;Ordine pubblico e sicurezza;2;2;APP. AVANZO TRASFERIMENTI - POLIZIA MUNICIPALE - ACQUISTI - ATTREZZ. TECN.HARDWARE PER RETI DI RADIOCOMUNICAZIONE - SISTEMI DI TELECOMUNICAZIONE E SICUREZZA - VEDASI CAP. 37450022 E - settore 48;exact
DD 1776/2025;020100006001;2025;24.960,80;01;Servizi istituzionali, generali e di gestione;11;3;GESTIONE PARCO VEICOLI - UTILIZZO BENI DI TERZI - NOLEGGIO AUTOMOTOVEICOLI - settore 055;exact
DD 1776/2025;020100006001;2026;36.332,40;01;Servizi istituzionali, generali e di gestione;11;3;GESTIONE PARCO VEICOLI - UTILIZZO BENI DI TERZI - NOLEGGIO AUTOMOTOVEICOLI - settore 055;exact
DD 1776/2025;020100006001;2027;36.332,40;01;Servizi istituzionali, generali e di gestione;11;3;GESTIONE PARCO VEICOLI - UTILIZZO BENI DI TERZI - NOLEGGIO AUTOMOTOVEICOLI - settore 055;exact
DD 1776/2025;020100006001;2028;36.332,40;01;Servizi istituzionali, generali e di gestione;11;3;GESTIONE PARCO VEICOLI - UTILIZZO BENI DI TERZI - NOLEGGIO AUTOMOTOVEICOLI - settore 055;exact
DD 1776/2025;020100006001;2029;36.332,40;01;Servizi istituzionali, generali e di gestione;11;3;GESTIONE PARCO VEICOLI - UTILIZZO BENI DI TERZI - NOLEGGIO AUTOMOTOVEICOLI - settore 055;exact
DD 1810/2025;068620008001;2025;642.054,17;08;Assetto del territorio ed edilizia abitativa;1;3;EDILIZIA - PRESTAZIONI DI SERVIZI - ATTIVITA' DI MANTENIMENTO ED AGGIORNAMENTO DEL SISTEMA INFORMATIVO TERRITORIALE (SIT) - settore 020;exact
DD 1867/2025;075700006001;2026;82.350,00;09;Sviluppo sostenibile e tutela del territorio e dell'ambiente;5;3;TUTELA ANIMALI - ACQUISTO DI SERVIZI - TUTELA ANIMALI IN CITTA' - settore 110;exact
DD 1867/2025;075700006001;2027;20.587,50;09;Sviluppo sostenibile e tutela del territorio e dell'ambiente;5;3;TUTELA ANIMALI - ACQUISTO DI SERVIZI - TUTELA ANIMALI IN CITTA' - settore 110;exact
DD 1867/2025;075700006001;2027;270,00;09;Sviluppo sostenibile e tutela del territorio e dell'ambiente;5;3;TUTELA ANIMALI - ACQUISTO DI SERVIZI - TUTELA ANIMALI IN CITTA' - settore 110;exact
DD 1880/2025;002610001001;2025;7.856,80;01;Servizi istituzionali, generali e di gestione;11;3;ALTRI SERVIZI GENERALI - ACQUISTO BENI DI CONSUMO - CARTA CANCELLERIA E STAMPATI - settore 005;exact
DD 1888/2025;108500002005;2025;6.100,00;01;Servizi istituzionali, generali e di gestione;1;2;APP. AVANZO MUTUI - ORGANI ISTITUZIONALI PARTECIPAZIONE E DECENTRAMENTO - MANUTENZIONE STRAORDINARIA - settore 030;exact
DD 1888/2025;108500002005;2025;1.564,30;01;Servizi istituzionali, generali e di gestione;1;2;APP. AVANZO MUTUI - ORGANI ISTITUZIONALI PARTECIPAZIONE E DECENTRAMENTO - MANUTENZIONE STRAORDINARIA - settore 030;exact
DD 1893/2025;144500001006;2025;15.131,04;08;Assetto del territorio ed edilizia abitativa;1;2;ATTUAZIONE LEGGI NN. 167/62-865/71-10/77-457/78 - OPERE DI URB. PRIM. E SEC. RESTAURI DEL PATRIMONIO COM.LE E RISANAMENTO DI COMPLESSI EDILIZI - VEDANSI CAPP. 36200001/002/003/004/005/006 E - sett 030;exact
DD 2000/2025;002610005001;2025;5.000,00;01;Servizi istituzionali, generali e di gestione;11;3;ALTRI SERVIZI GENERALI - ACQUISTO BENI DI CONSUMO - ACQUISTO MATERIALI DI CONSUMO - MATERIALE VARIO - settore 005;exact
DD 2072/2025;086300010004;2025;7.500,00;12;Diritti sociali, politiche sociali e famiglia;1;3;SERVIZI SOCIALI - PRESTAZIONI DI SERVIZI - INTERVENTI A FAVORE DI MINORI A RISCHIO - FORMAZIONE - VEDASI CAP. 4850000 ENTRATA - settore 019;exact
DD 2073/2025;086300008009;2025;20.000,00;12;Diritti sociali, politiche sociali e famiglia;4;3;SERVIZI SOCIALI - PRESTAZIONI DI SERVIZI - INTERVENTI A FAVORE DI STRANIERI E NOMADI - FORMAZIONE - VEDASI CAP. 6570000- ENTRATA - settore 019;exact
DD 2074/2025;086300008009;2025;20.000,00;12;Diritti sociali, politiche sociali e famiglia;4;3;SERVIZI SOCIALI - PRESTAZIONI DI SERVIZI - INTERVENTI A FAVORE DI STRANIERI E NOMADI - FORMAZIONE - VEDASI CAP. 6570000- ENTRATA - settore 019;exact
DD 2080/2025;157900002001;2025;5.000,00;12;Diritti sociali, politiche sociali e famiglia;7;2;SCUOLE MATERNE - ACQUISTO ATTREZZATURE PER ALUNNI DISABILI - set. 005;exact
DD 2080/2025;130700003001;2025;674,38;04;Istruzione e diritto allo studio;6;2;DIREZIONE ISTRUZIONE - ACQUISTI - MATERIALI DIVERSI - settore 005;exact
DD 2083/2025;020100006001;2025;5.893,42;01;Servizi istituzionali, generali e di gestione;11;3;GESTIONE PARCO VEICOLI - UTILIZZO BENI DI TERZI - NOLEGGIO AUTOMOTOVEICOLI - settore 055;exact
DD 2083/2025;020100006001;2026;29.993,83;01;Servizi istituzionali, generali e di gestione;11;3;GESTIONE PARCO VEICOLI - UTILIZZO BENI DI TERZI - NOLEGGIO AUTOMOTOVEICOLI - settore 055;exact
DD 2083/2025;020100006001;2027;29.993,83;01;Servizi istituzionali, generali e di gestione;11;3;GESTIONE PARCO VEICOLI - UTILIZZO BENI DI TERZI - NOLEGGIO AUTOMOTOVEICOLI - settore 055;exact
DD 2083/2025;020100006001;2028;29.993,83;01;Servizi istituzionali, generali e di gestione;11;3;GESTIONE PARCO VEICOLI - UTILIZZO BENI DI TERZI - NOLEGGIO AUTOMOTOVEICOLI - settore 055;exact
DD 2083/2025;020100006001;2029;29.993,83;01;Servizi istituzionali, generali e di gestione;11;3;GESTIONE PARCO VEICOLI - UTILIZZO BENI DI TERZI - NOLEGGIO AUTOMOTOVEICOLI - settore 055;exact
DD 2083/2025;020100006001;2030;34.028,93;01;Servizi istituzionali, generali e di gestione;11;3;GESTIONE PARCO VEICOLI - UTILIZZO BENI DI TERZI - NOLEGGIO AUTOMOTOVEICOLI - settore 055;exact
DD 2137/2025;068300001002;2025;417.693,78;08;Assetto del territorio ed edilizia abitativa;1;3;URBANISTICA - ACQUISTO DI SERVIZI - ATTIVITA' DI REVISIONE PRG - settore 125;exact
DD 2141/2025;118630008003;2025;1.556.388,76;01;Servizi istituzionali, generali e di gestione;8;2;SISTEMI INFORMATIVI - PN METRO PLUS - DIGITALIZZAZIONE E CHANGE MANAGEMENT - TO1.1.2.1.C - VEDASI CAP.032500002001 ENTRATA - SETT.27;exact
DD 2182/2025;034300009001;2025;38.900,00;03;Ordine pubblico e sicurezza;1;3;P0LIZIA MUNICIPALE - PRESTAZIONI DI SERVIZI - FORMAZIONE ED AGGIORNAMENTO PERSONALE POLIZIA MUNICIPALE - VEDASI CAP. 8700000 ENTRATA - settore 048;exact
DD 2182/2025;008700000001;2025;38.900,00;01;Servizi istituzionali, generali e di gestione;3;10;ERARIO C/I.V.A. - I.V.A. A DEBITO - settore 024;exact
DD 2187/2025;002610001001;2025;11.956,00;01;Servizi istituzionali, generali e di gestione;11;3;ALTRI SERVIZI GENERALI - ACQUISTO BENI DI CONSUMO - CARTA CANCELLERIA E STAMPATI - settore 005;exact
DD 2188/2025;009800001001;2025;12.148,00;01;Servizi istituzionali, generali e di gestione;11;3;ALTRI SERVIZI GENERALI - NOLEGGIO FOTOCOPIATORI E MACCHINE VARIE PER UFFICIO - settore 005;exact
DD 2188/2025;009800001001;2030;12.148,00;01;Servizi istituzionali, generali e di gestione;11;3;ALTRI SERVIZI GENERALI - NOLEGGIO FOTOCOPIATORI E MACCHINE VARIE PER UFFICIO - settore 005;exact
DD 2188/2025;009800001001;2025;9.855,15;01;Servizi istituzionali, generali e di gestione;11;3;ALTRI SERVIZI GENERALI - NOLEGGIO FOTOCOPIATORI E MACCHINE VARIE PER UFFICIO - settore 005;exact
DD 2223/2025;118630008004;2025;175.989,60;01;Servizi istituzionali, generali e di gestione;8;2;SISTEMI INFORMATIVI - PN METRO PLUS - CONDIVISIONE TRASPARENZA E GOVERNO DATI -TO1.1.2.1.D - VEDASI CAP.032500002001 ENTRATA - SETT.27;exact
DD 2235/2025;002610006001;2025;9.000,00;01;Servizi istituzionali, generali e di gestione;11;3;ALTRI SERVIZI GENERALI - ACQUISTO BENI DI CONSUMO - DISPOSITIVI ANTI- COVID - settore 005;exact
DD 2244/2025;028300002002;2025;31.476,00;01;Servizi istituzionali, generali e di gestione;1;3;COMUNICAZIONE ISTITUZIONALE ED INFORMAZIONE - SPESE PUBBLICITARIE A CARATTERE ISTITUZIONALE - QUOTIDIANI E PERIODICI - LEGGE N. 122/2010 - ART. 6 COMMA 8 - settore 001;exact
DD 2294/2025;021750006001;2025;5.826,52;01;Servizi istituzionali, generali e di gestione;7;3;SERVIZIO ELETTORALE - SPESE DERIVANTI DA AGGIORNAMENTO LISTE ELETTORALI DA DISPOSIZIONI MINISTERIALI - Sett.018;exact
DD 2310/2025;118630008003;2025;91.172,77;01;Servizi istituzionali, generali e di gestione;8;2;SISTEMI INFORMATIVI - PN METRO PLUS - DIGITALIZZAZIONE E CHANGE MANAGEMENT - TO1.1.2.1.C - VEDASI CAP.032500002001 ENTRATA - SETT.27;exact
DD 2330/2025;163600007001;2025;40.260,00;09;Sviluppo sostenibile e tutela del territorio e dell'ambiente;2;2;PNRR - DL. 50 ART. 42 - RIQUALIFICAZIONE SPAZIO PUBBLICO FRONTE COMPLESSO TO-EXPO - C12H23000030001 -VEDASI CAP. 31520012001 ENTRATA - SETTORE 117;exact
DD 2350/2025;118630008003;2025;230.000,00;01;Servizi istituzionali, generali e di gestione;8;2;SISTEMI INFORMATIVI - PN METRO PLUS - DIGITALIZZAZIONE E CHANGE MANAGEMENT - TO1.1.2.1.C - VEDASI CAP.032500002001 ENTRATA - SETT.27;exact
DD 2350/2025;118630008003;2026;282.216,06;01;Servizi istituzionali, generali e di gestione;8;2;SISTEMI INFORMATIVI - PN METRO PLUS - DIGITALIZZAZIONE E CHANGE MANAGEMENT - TO1.1.2.1.C - VEDASI CAP.032500002001 ENTRATA - SETT.27;exact
DD 2352/2025;075700006001;2025;18.350,02;09;Sviluppo sostenibile e tutela del territorio e dell'ambiente;5;3;TUTELA ANIMALI - ACQUISTO DI SERVIZI - TUTELA ANIMALI IN CITTA' - settore 110;exact
DD 2352/2025;075700006001;2025;204,56;09;Sviluppo sostenibile e tutela del territorio e dell'ambiente;5;3;TUTELA ANIMALI - ACQUISTO DI SERVIZI - TUTELA ANIMALI IN CITTA' - settore 110;exact
DD 2352/2025;075700006001;2025;51,14;09;Sviluppo sostenibile e tutela del territorio e dell'ambiente;5;3;TUTELA ANIMALI - ACQUISTO DI SERVIZI - TUTELA ANIMALI IN CITTA' - settore 110;exact
DD 2398/2025;002610006001;2025;35.500,00;01;Servizi istituzionali, generali e di gestione;11;3;ALTRI SERVIZI GENERALI - ACQUISTO BENI DI CONSUMO - DISPOSITIVI ANTI- COVID - settore 005;exact
DD 2398/2025;002610006001;2026;35.500,00;01;Servizi istituzionali, generali e di gestione;11;3;ALTRI SERVIZI GENERALI - ACQUISTO BENI DI CONSUMO - DISPOSITIVI ANTI- COVID - settore 005;exact
DD 2398/2025;002610006001;2027;34.500,00;01;Servizi istituzionali, generali e di gestione;11;3;ALTRI SERVIZI GENERALI - ACQUISTO BENI DI CONSUMO - DISPOSITIVI ANTI- COVID - settore 005;exact
DD 2400/2025;080200013001;2025;;12;Diritti sociali, politiche sociali e famiglia;1;3;ASILI NIDO ED INTERVENTI INNOVATIVI PER LA PRIMA INFANZIA - ACQUISTO DI SERVIZI - GESTIONE ESTERNA NIDI - SPESE VARIE - SRE IVA - settore 007;exact
DD 2406/2025;163700007002;2025;29.999,80;14;Sviluppo economico e competitività;3;2;INNOVAZIONE FONDI EUROPEI- PROGETTO 5G4LIVES ATTREZZATURE - VEDASI CAP. 035300018 - sett.028;exact
DD 2415/2025;028300002002;2025;13.054,00;01;Servizi istituzionali, generali e di gestione;1;3;COMUNICAZIONE ISTITUZIONALE ED INFORMAZIONE - SPESE PUBBLICITARIE A CARATTERE ISTITUZIONALE - QUOTIDIANI E PERIODICI - LEGGE N. 122/2010 - ART. 6 COMMA 8 - settore 001;exact
DD 2416/2025;098700011001;2025;41.358,00;14;Sviluppo economico e competitività;2;3;COMMERCIO E MERCATI - ACQUISTO DI BENI E SERVIZI - ATTIVITA' DI PROMOZIONE DEL COMMERCIO - SETT. 134;exact
DD 2506/2025;108500002001;2025;61.231,92;01;Servizi istituzionali, generali e di gestione;1;2;ORGANI ISTITUZIONALI PARTECIPAZIONE E DECENTRAMENTO - MANUTENZIONE STRAORDINARIA - settore 030;exact
DD 2511/2025;034100008004;2025;5.497,00;03;Ordine pubblico e sicurezza;1;3;POLIZIA MUNICIPALE - ACQUISTO DI MATERIALI - ACQUISTO DI PUBBLICAZIONI - VEDASI CAP. 8700000 ENTRATA - settore 048;exact
DD 2511/2025;008700000001;2025;5.497,00;01;Servizi istituzionali, generali e di gestione;3;10;ERARIO C/I.V.A. - I.V.A. A DEBITO - settore 024;exact
DD 2513/2025;021750002001;2025;4.566,09;01;Servizi istituzionali, generali e di gestione;7;3;ELEZIONI - SERVIZI IN OCCASIONE DI REFERENDUM - VEDASI CAP. 5000002 ENTRATA - settore 018;exact
DD 2525/2025;003610005001;2025;83.204,00;01;Servizi istituzionali, generali e di gestione;1;3;GABINETTO DEL SINDACO - COORD. ATTIVITA' DI SUPPORTO AL CAPO GABINETTO - LOOK E SPONSORIZZAZIONI DELLA CITTA' - STAND SALONE DEL LIBRO - sett. 01;exact
DD 2525/2025;003610005001;2025;934,50;01;Servizi istituzionali, generali e di gestione;1;3;GABINETTO DEL SINDACO - COORD. ATTIVITA' DI SUPPORTO AL CAPO GABINETTO - LOOK E SPONSORIZZAZIONI DELLA CITTA' - STAND SALONE DEL LIBRO - sett. 01;exact
DD 2528/2025;045800005001;2025;48.243,68;04;Istruzione e diritto allo studio;6;3;ASSISTENZA SCOLASTICA - ACQUISTO DI SERVIZI - PULIZIA EDIFICI SCOLASTICI - Sett. 007;exact
DD 2528/2025;045800005001;2026;21.709,66;04;Istruzione e diritto allo studio;6;3;ASSISTENZA SCOLASTICA - ACQUISTO DI SERVIZI - PULIZIA EDIFICI SCOLASTICI - Sett. 007;exact
DD 2551/2025;003850006001;2025;48.800,00;01;Servizi istituzionali, generali e di gestione;11;3;GABINETTO DEL SINDACO - COMUNICAZIONE ISTITUZIONALE ED INFORMAZIONE - PRESTAZIONI DI SERVIZI - SPESE PER LA COMUNICAZIONE - settore 001;exact
DD 2551/2025;003850006001;2026;24.400,00;01;Servizi istituzionali, generali e di gestione;11;3;GABINETTO DEL SINDACO - COMUNICAZIONE ISTITUZIONALE ED INFORMAZIONE - PRESTAZIONI DI SERVIZI - SPESE PER LA COMUNICAZIONE - settore 001;exact
DD 2553/2025;081200002001;2025;17.568,00;12;Diritti sociali, politiche sociali e famiglia;4;3;CONTRASTO ALLA DISPERSIONE, ORIENTAMENTO, INCLUSIONE - ACQUISTO DI SERVIZI - INTERVENTI PER IL SUCCESSO SCOLASTICO - settore 007;exact
DD 2553/2025;081200002001;2026;26.352,00;12;Diritti sociali, politiche sociali e famiglia;4;3;CONTRASTO ALLA DISPERSIONE, ORIENTAMENTO, INCLUSIONE - ACQUISTO DI SERVIZI - INTERVENTI PER IL SUCCESSO SCOLASTICO - settore 007;exact
DD 2553/2025;081200002001;2027;24.156,00;12;Diritti sociali, politiche sociali e famiglia;4;3;CONTRASTO ALLA DISPERSIONE, ORIENTAMENTO, INCLUSIONE - ACQUISTO DI SERVIZI - INTERVENTI PER IL SUCCESSO SCOLASTICO - settore 007;exact
DD 2556/2025;086300008009;2025;16.600,00;12;Diritti sociali, politiche sociali e famiglia;4;3;SERVIZI SOCIALI - PRESTAZIONI DI SERVIZI - INTERVENTI A FAVORE DI STRANIERI E NOMADI - FORMAZIONE - VEDASI CAP. 6570000- ENTRATA - settore 019;exact
DD 2570/2025;021750002001;2025;59.092,46;01;Servizi istituzionali, generali e di gestione;7;3;ELEZIONI - SERVIZI IN OCCASIONE DI REFERENDUM - VEDASI CAP. 5000002 ENTRATA - settore 018;exact
DD 2570/2025;021750002001;2025;59.347,17;01;Servizi istituzionali, generali e di gestione;7;3;ELEZIONI - SERVIZI IN OCCASIONE DI REFERENDUM - VEDASI CAP. 5000002 ENTRATA - settore 018;exact
DD 2570/2025;021750002001;2025;61.639,54;01;Servizi istituzionali, generali e di gestione;7;3;ELEZIONI - SERVIZI IN OCCASIONE DI REFERENDUM - VEDASI CAP. 5000002 ENTRATA - settore 018;exact
DD 2570/2025;021750002001;2025;53.998,27;01;Servizi istituzionali, generali e di gestione;7;3;ELEZIONI - SERVIZI IN OCCASIONE DI REFERENDUM - VEDASI CAP. 5000002 ENTRATA - settore 018;exact
DD 2580/2025;018300001002;2025;32.871,37;01;Servizi istituzionali, generali e di gestione;6;3;EDILIZIA SCOLASTICA - ACQUISTO DI SERVIZI - INCARICHI DI PROGETTAZIONE - settore 031;exact
DD 2607/2025;118630008001;2025;263.314,02;01;Servizi istituzionali, generali e di gestione;8;2;SISTEMI INFORMATIVI - PN METRO PLUS - SERVIZI DIGITALI ALLA PERSONA - TO1.1.2.1.A - VEDASI CAP.032500002001 ENTRATA - SETT.27;exact
DD 2607/2025;118630008001;2026;23.128,28;01;Servizi istituzionali, generali e di gestione;8;2;SISTEMI INFORMATIVI - PN METRO PLUS - SERVIZI DIGITALI ALLA PERSONA - TO1.1.2.1.A - VEDASI CAP.032500002001 ENTRATA - SETT.27;exact
DD 2629/2025;018940001006;2025;48.739,00;01;Servizi istituzionali, generali e di gestione;6;3;SISTEMA SICUREZZA E PRONTO INTERVENTO - PRESTAZIONI DI SERVIZI - MANUTENZIONE E PULIZIA LOCALI - settore 111;exact
DD 2635/2025;174800000020;2025;600,00;99;Servizi per conto terzi;1;2;DEPOSITI CAUZIONALI IN DENARO DA TERZI PRESSO LA CITTA' - settore 010;exact
DD 2637/2025;174800000020;2025;558,75;99;Servizi per conto terzi;1;2;DEPOSITI CAUZIONALI IN DENARO DA TERZI PRESSO LA CITTA' - settore 010;exact
DD 2721/2025;021750002001;2025;24.000,00;01;Servizi istituzionali, generali e di gestione;7;3;ELEZIONI - SERVIZI IN OCCASIONE DI REFERENDUM - VEDASI CAP. 5000002 ENTRATA - settore 018;exact
DD 2721/2025;021750006001;2025;24.000,00;01;Servizi istituzionali, generali e di gestione;7;3;SERVIZIO ELETTORALE - SPESE DERIVANTI DA AGGIORNAMENTO LISTE ELETTORALI DA DISPOSIZIONI MINISTERIALI - Sett.018;exact
DD 2754/2025;021750002001;2025;18.245,45;01;Servizi istituzionali, generali e di gestione;7;3;ELEZIONI - SERVIZI IN OCCASIONE DI REFERENDUM - VEDASI CAP. 5000002 ENTRATA - settore 018;exact
DD 2790/2025;034100008004;2025;5.606,25;03;Ordine pubblico e sicurezza;1;3;POLIZIA MUNICIPALE - ACQUISTO DI MATERIALI - ACQUISTO DI PUBBLICAZIONI - VEDASI CAP. 8700000 ENTRATA - settore 048;exact
DD 2790/2025;008700000001;2025;5.606,25;01;Servizi istituzionali, generali e di gestione;3;10;ERARIO C/I.V.A. - I.V.A. A DEBITO - settore 024;exact
DD 2809/2025;018940004001;2025;39.840,00;01;Servizi istituzionali, generali e di gestione;6;3;SISTEMA SICUREZZA E PRONTO INTERVENTO - PRESTAZIONI DI SERVIZI - FORMAZIONE ED INFORMAZIONE - PUBBLICAZIONI - D.LGS.81/2008 - settore 111;exact
DD 2836/2025;021750002001;2025;6.100,00;01;Servizi istituzionali, generali e di gestione;7;3;ELEZIONI - SERVIZI IN OCCASIONE DI REFERENDUM - VEDASI CAP. 5000002 ENTRATA - settore 018;exact
DD 2836/2025;021750002001;2025;2.197.422,12;01;Servizi istituzionali, generali e di gestione;7;3;ELEZIONI - SERVIZI IN OCCASIONE DI REFERENDUM - VEDASI CAP. 5000002 ENTRATA - settore 018;exact
DD 2864/2025;021750002001;2025;22.326,00;01;Servizi istituzionali, generali e di gestione;7;3;ELEZIONI - SERVIZI IN OCCASIONE DI REFERENDUM - VEDASI CAP. 5000002 ENTRATA - settore 018;exact
DD 2883/2025;021750002001;2025;;01;Servizi istituzionali, generali e di gestione;7;3;ELEZIONI - SERVIZI IN OCCASIONE DI REFERENDUM - VEDASI CAP. 5000002 ENTRATA - settore 018;exact
DD 2890/2025;098700014003;2025;12.572,10;14;Sviluppo economico e competitività;2;3;COMMERCIO E MERCATI - ACQUISTO DI MATERIALI - MATERIALI VARI - settore 134;exact
DD 2954/2025;078400002001;2025;14.274,00;09;Sviluppo sostenibile e tutela del territorio e dell'ambiente;2;3;VERDE PUBBLICO - ACQUISTO DI SERVIZI - POTATURE, INTERVENTI DENDROLOGICI, MANUTENZIONE VERDE VERTICALE - settore 046;exact
DD 2954/2025;078400002001;2026;20.313,00;09;Sviluppo sostenibile e tutela del territorio e dell'ambiente;2;3;VERDE PUBBLICO - ACQUISTO DI SERVIZI - POTATURE, INTERVENTI DENDROLOGICI, MANUTENZIONE VERDE VERTICALE - settore 046;exact
DD 2954/2025;078400002001;2027;20.313,00;09;Sviluppo sostenibile e tutela del territorio e dell'ambiente;2;3;VERDE PUBBLICO - ACQUISTO DI SERVIZI - POTATURE, INTERVENTI DENDROLOGICI, MANUTENZIONE VERDE VERTICALE - settore 046;exact
DD 2977/2025;098700014003;2025;7.363,92;14;Sviluppo economico e competitività;2;3;COMMERCIO E MERCATI - ACQUISTO DI MATERIALI - MATERIALI VARI - settore 134;exact
DD 3013/2025;075900003004;2025;;09;Sviluppo sostenibile e tutela del territorio e dell'ambiente;2;3;CIRCOSCRIZIONI COMUNALI - PRESTAZIONI DI SERVIZI - MANUTENZIONE AREE VERDI - settore 090;exact
DD 3023/2025;097200041004;2025;25.500,00;14;Sviluppo economico e competitività;3;3;APP. AVANZO TRASFERIMENTI - INNOVAZIONE FONDI EUROPEI - ACQUISTO DI BENI E SERVIZI - PROGETTO TIPS4PED - VEDASI CAP. 012500075 ENTRATA - sett. 068;exact
DD 3040/2025;157400005003;2025;44.411,66;12;Diritti sociali, politiche sociali e famiglia;7;2;APP. AVANZO LEGGI - SERVIZI SOCIALI - ACQUISTI - MOBILI E ARREDI - VEDASI CAP. 29400 ENTRATA - SETT. 05 - 900;exact
DD 3045/2025;021750002001;2025;;01;Servizi istituzionali, generali e di gestione;7;3;ELEZIONI - SERVIZI IN OCCASIONE DI REFERENDUM - VEDASI CAP. 5000002 ENTRATA - settore 018;exact
DD 3049/2025;020100005001;2026;115.757,60;03;Ordine pubblico e sicurezza;1;3;GESTIONE PARCO VEICOLI - UTILIZZO BENI DI TERZI - SERVIZI ESCLUSI - NOLEGGIO VEICOLI PER IL CORPO DI POLIZIA MUNICIPALE - settore 055;exact
DD 3049/2025;020100005001;2028;160.786,90;03;Ordine pubblico e sicurezza;1;3;GESTIONE PARCO VEICOLI - UTILIZZO BENI DI TERZI - SERVIZI ESCLUSI - NOLEGGIO VEICOLI PER IL CORPO DI POLIZIA MUNICIPALE - settore 055;exact
DD 3049/2025;020100005001;2029;160.786,90;03;Ordine pubblico e sicurezza;1;3;GESTIONE PARCO VEICOLI - UTILIZZO BENI DI TERZI - SERVIZI ESCLUSI - NOLEGGIO VEICOLI PER IL CORPO DI POLIZIA MUNICIPALE - settore 055;exact
DD 3049/2025;020100005001;2030;160.786,90;03;Ordine pubblico e sicurezza;1;3;GESTIONE PARCO VEICOLI - UTILIZZO BENI DI TERZI - SERVIZI ESCLUSI - NOLEGGIO VEICOLI PER IL CORPO DI POLIZIA MUNICIPALE - settore 055;exact
DD 3049/2025;020100005001;2031;67.849,73;03;Ordine pubblico e sicurezza;1;3;GESTIONE PARCO VEICOLI - UTILIZZO BENI DI TERZI - SERVIZI ESCLUSI - NOLEGGIO VEICOLI PER IL CORPO DI POLIZIA MUNICIPALE - settore 055;exact
DD 3173/2025;136100011001;2025;40.179,82;06;Politiche giovanili, sport e tempo libero;1;2;PNRR - M5C2 I3.1 - CUP C15B22000090006 - LOTTO 1 - PARCO DELLO SPORT E DELL'EDUCAZIONE AMBIENTALE REALIZZAZIONE CITTADELLA DELLO SPORT - VEDASI CAP. 32460007 ENTRATA - SETT 62;exact
DD 3179/2025;060500010001;2025;95.160,00;07;Turismo;1;3;TURISMO - ACQUISTO DI BENI E SERVIZI - PROGETTO UNESCO RESIDENZE DELLA FAMIGLIA REALE DI SAVOIA - VEDASI CAP. 6500002 ENTRATA - SETT. 69;exact
DD 3188/2025;157400005003;2025;11.342,07;12;Diritti sociali, politiche sociali e famiglia;7;2;APP. AVANZO LEGGI - SERVIZI SOCIALI - ACQUISTI - MOBILI E ARREDI - VEDASI CAP. 29400 ENTRATA - SETT. 05 - 900;exact
DD 3208/2025;021750002001;2025;18.300,00;01;Servizi istituzionali, generali e di gestione;7;3;ELEZIONI - SERVIZI IN OCCASIONE DI REFERENDUM - VEDASI CAP. 5000002 ENTRATA - settore 018;exact
DD 3212/2025;033900001018;2025;9.185,54;03;Ordine pubblico e sicurezza;1;3;POLIZIA LOCALE E AMMINISTRATIVA - SPESE GENERALI - SPESE DI FUNZIONAMENTO - MANUTENZIONE ORDINARIA E RIPARAZIONI DI ATTREZZATURE - settore 048;exact
DD 3212/2025;033900001018;2026;9.185,54;03;Ordine pubblico e sicurezza;1;3;POLIZIA LOCALE E AMMINISTRATIVA - SPESE GENERALI - SPESE DI FUNZIONAMENTO - MANUTENZIONE ORDINARIA E RIPARAZIONI DI ATTREZZATURE - settore 048;exact
DD 3226/2025;008700000001;2025;9.200,00;01;Servizi istituzionali, generali e di gestione;3;10;ERARIO C/I.V.A. - I.V.A. A DEBITO - settore 024;exact
DD 3231/2025;118630008002;2025;280.000,00;01;Servizi istituzionali, generali e di gestione;8;2;SISTEMI INFORMATIVI - PN METRO PLUS - SERVIZI DIGITALI ALLE IMPRESE - TO1.1.2.1.B - VEDASI CAP.032500002001 ENTRATA - SETT.27;exact
DD 3231/2025;118630008002;2026;117.818,33;01;Servizi istituzionali, generali e di gestione;8;2;SISTEMI INFORMATIVI - PN METRO PLUS - SERVIZI DIGITALI ALLE IMPRESE - TO1.1.2.1.B - VEDASI CAP.032500002001 ENTRATA - SETT.27;exact
DD 3256/2025;026900003001;2025;307.200,88;01;Servizi istituzionali, generali e di gestione;8;3;SISTEMI INFORMATIVI - ACQUISTO DI SERVIZI - SISTEMA INFORMATIVO COMUNALE - settore 027;exact
DD 3291/2025;118630008001;2025;154.917,04;01;Servizi istituzionali, generali e di gestione;8;2;SISTEMI INFORMATIVI - PN METRO PLUS - SERVIZI DIGITALI ALLA PERSONA - TO1.1.2.1.A - VEDASI CAP.032500002001 ENTRATA - SETT.27;exact
DD 3291/2025;118630008001;2026;330.684,59;01;Servizi istituzionali, generali e di gestione;8;2;SISTEMI INFORMATIVI - PN METRO PLUS - SERVIZI DIGITALI ALLA PERSONA - TO1.1.2.1.A - VEDASI CAP.032500002001 ENTRATA - SETT.27;exact
DD 3326/2025;020650007001;2025;16.532,04;01;Servizi istituzionali, generali e di gestione;6;3;EDILIZIA ABITATIVA PUBBLICA E PER IL SOCIALE - ACQUISTO DI SERVIZI - INCARICHI DI PROGETTAZIONE - Settore 063;exact
DD 3380/2025;046150024001;2025;21.275,00;04;Istruzione e diritto allo studio;6;10;PROGETTI EDUCATIVI - PRESTAZIONI DI SERVIZI - QUOTE ASSICURATIVE - ATTIVITA' EDUCATIVE - settore 007;exact
DD 3380/2025;046150024001;2026;21.275,00;04;Istruzione e diritto allo studio;6;10;PROGETTI EDUCATIVI - PRESTAZIONI DI SERVIZI - QUOTE ASSICURATIVE - ATTIVITA' EDUCATIVE - settore 007;exact
DD 3385/2025;157600004001;2025;9.638,00;12;Diritti sociali, politiche sociali e famiglia;4;2;PNRR M5C2-I2.2 CUP: C12B22000000001- PIU A9 - MANUTENZIONE STRAORDINARIA CENTRO PROTAGONISMO GIOVANILE E CENTRI SOCIO ASSISTENZIALI STRADA DELLE CACCE 36 - VEDASI CAP. 31520008 ENTRATA - SETT. 30;exact
DD 3404/2025;118630008003;2025;97.929,90;01;Servizi istituzionali, generali e di gestione;8;2;SISTEMI INFORMATIVI - PN METRO PLUS - DIGITALIZZAZIONE E CHANGE MANAGEMENT - TO1.1.2.1.C - VEDASI CAP.032500002001 ENTRATA - SETT.27;exact
DD 3480/2025;057200014001;2025;1.427,40;06;Politiche giovanili, sport e tempo libero;1;3;MANIFESTAZIONI SPORTIVE - ACQUISTO DI BENI E SERVIZI - SPESE PER OSPITALITA' E ACCOGLIENZA - sett. 010;exact
DD 3480/2025;057200011001;2025;16.701,80;06;Politiche giovanili, sport e tempo libero;1;3;MANIFESTAZIONI SPORTIVE - ACQUISTO DI BENI E SERVIZI - EVENTI DI PROMOZIONE SPORTIVA RIVOLTI ALLE SCUOLE DELL'OBBLIGO - sett. 010;exact
DD 3586/2025;113800009001;2025;5.873,74;01;Servizi istituzionali, generali e di gestione;5;2;PNRR M5C2-I2.2 CUP C12F22000100001 PIU A10 - MANUTENZIONE STRAORDINARIA E RIQUALIFICAZIONE EDIFICI VIA FREJUS 21 E VIA BIXIO 56 - VEDASI CAP. 31520008 ENTRATA - SETT. 30;exact
DD 3586/2025;113800009001;2025;61.844,24;01;Servizi istituzionali, generali e di gestione;5;2;PNRR M5C2-I2.2 CUP C12F22000100001 PIU A10 - MANUTENZIONE STRAORDINARIA E RIQUALIFICAZIONE EDIFICI VIA FREJUS 21 E VIA BIXIO 56 - VEDASI CAP. 31520008 ENTRATA - SETT. 30;exact
DD 3586/2025;113800009001;2025;23.664,69;01;Servizi istituzionali, generali e di gestione;5;2;PNRR M5C2-I2.2 CUP C12F22000100001 PIU A10 - MANUTENZIONE STRAORDINARIA E RIQUALIFICAZIONE EDIFICI VIA FREJUS 21 E VIA BIXIO 56 - VEDASI CAP. 31520008 ENTRATA - SETT. 30;exact
DD 3591/2025;034300004001;2025;;03;Ordine pubblico e sicurezza;1;3;P0LIZIA MUNICIPALE - PRESTAZIONI DI SERVIZI - VIOLAZIONI ALLA LEGGE SULLA CIRCOLAZIONE STRADALE - SPESE DI PROCEDURA - settore 048;exact
DD 3591/2025;034300004001;2026;;03;Ordine pubblico e sicurezza;1;3;P0LIZIA MUNICIPALE - PRESTAZIONI DI SERVIZI - VIOLAZIONI ALLA LEGGE SULLA CIRCOLAZIONE STRADALE - SPESE DI PROCEDURA - settore 048;exact
DD 3591/2025;034300004001;2027;;03;Ordine pubblico e sicurezza;1;3;P0LIZIA MUNICIPALE - PRESTAZIONI DI SERVIZI - VIOLAZIONI ALLA LEGGE SULLA CIRCOLAZIONE STRADALE - SPESE DI PROCEDURA - settore 048;exact
DD 3591/2025;034300004001;2028;;03;Ordine pubblico e sicurezza;1;3;P0LIZIA MUNICIPALE - PRESTAZIONI DI SERVIZI - VIOLAZIONI ALLA LEGGE SULLA CIRCOLAZIONE STRADALE - SPESE DI PROCEDURA - settore 048;exact
DD 3660/2025;034300041004;2025;;03;Ordine pubblico e sicurezza;1;3;APP. AVANZO TRASFERIMENTI - POLIZIA LOCALE - ACQUISTO DI BENI E SERVIZI - PRESTAZIONI DI SERVIZI - PROGETTO SCUOLE SICURE - VEDASI CAP. 6600000 ENTRATA - sett. 048;exact
DD 3660/2025;123100203004;2025;;03;Ordine pubblico e sicurezza;1;2;APP. AVANZO TRASFERIMENTI - POLIZIA LOCALE - ACQUISTI ATTREZZATURE VARIE - PROGETTO SCUOLE SICURE - VEDASI CAP. 31500000 ENTRATA - sett. 048;exact
DD 3660/2025;123100203003;;;03;Ordine pubblico e sicurezza;1;2;APP. AVANZO TRASFERIMENTI - POLIZIA LOCALE - ACQUISTI ATTREZZATURE - VEICOLI - PROGETTO SCUOLE SICURE - VEDASI CAP. 31500000 ENTRATA - sett. 048;base9-multi
DD 3661/2025;071600007002;2025;9.319,21;11;Soccorso civile;1;3;PROTEZIONE CIVILE - ACQUISTO DI MATERIALI - MATERIALI VARI PER SISTEMA DI TRASMISSIONI - VEDASI CAP. 15000010 ENTRATA - settore 048;exact
DD 3721/2025;118630009001;2025;25.076,23;01;Servizi istituzionali, generali e di gestione;8;2;SISTEMI INFORMATIVI - PNRR M1 C1 INV1.4 MISURA1.4.4 - EST. DELL'UTILIZZO ANAGRAFE NAZIONALE DIGITALE (ANPR)-ADESIONE ALLO STATO CIVILE DIGITALE(ANSC)-CUP C51F24005910006 VED CAP. 33850010 E - sett 027;exact
DD 3743/2025;078400002001;2025;45.628,00;09;Sviluppo sostenibile e tutela del territorio e dell'ambiente;2;3;VERDE PUBBLICO - ACQUISTO DI SERVIZI - POTATURE, INTERVENTI DENDROLOGICI, MANUTENZIONE VERDE VERTICALE - settore 046;exact
DD 3743/2025;078400002001;2026;45.628,00;09;Sviluppo sostenibile e tutela del territorio e dell'ambiente;2;3;VERDE PUBBLICO - ACQUISTO DI SERVIZI - POTATURE, INTERVENTI DENDROLOGICI, MANUTENZIONE VERDE VERTICALE - settore 046;exact
DD 3743/2025;078400002001;2027;45.628,00;09;Sviluppo sostenibile e tutela del territorio e dell'ambiente;2;3;VERDE PUBBLICO - ACQUISTO DI SERVIZI - POTATURE, INTERVENTI DENDROLOGICI, MANUTENZIONE VERDE VERTICALE - settore 046;exact
DD 3828/2025;082600001004;2025;26.728,27;12;Diritti sociali, politiche sociali e famiglia;4;3;CIRCOSCRIZIONI COMUNALI - PRESTAZIONI DI SERVIZI - INTERVENTI DI PREVENZIONE E RECUPERO DEL DISAGIO GIOVANILE - settore 085;exact
DD 3828/2025;082600001004;2026;33.000,00;12;Diritti sociali, politiche sociali e famiglia;4;3;CIRCOSCRIZIONI COMUNALI - PRESTAZIONI DI SERVIZI - INTERVENTI DI PREVENZIONE E RECUPERO DEL DISAGIO GIOVANILE - settore 085;exact
DD 3829/2025;088810001027;2025;23.990,94;12;Diritti sociali, politiche sociali e famiglia;1;3;LEGGE 285/97 - PROGETTI LEGGE 285/97 - PRESTAZIONI DI SERVIZI - SERVIZI DIVERSI - settore 085;exact
DD 3829/2025;088810001027;2026;25.000,00;12;Diritti sociali, politiche sociali e famiglia;1;3;LEGGE 285/97 - PROGETTI LEGGE 285/97 - PRESTAZIONI DI SERVIZI - SERVIZI DIVERSI - settore 085;exact
DD 3829/2025;088810001027;2027;25.000,00;12;Diritti sociali, politiche sociali e famiglia;1;3;LEGGE 285/97 - PROGETTI LEGGE 285/97 - PRESTAZIONI DI SERVIZI - SERVIZI DIVERSI - settore 085;exact
DD 3887/2025;118630008007;2025;110.774,35;01;Servizi istituzionali, generali e di gestione;8;2;SISTEMI INFORMATIVI - PN METRO PLUS - GESTIONE DELLA RELAZIONE CITTADINO - IMPRESE - TO1.1.2.1.E - HARDWARE - VEDASI CAP.032500002001 ENTRATA - SETT.27;exact
DD 3938/2025;076610002001;2025;29.821,20;09;Sviluppo sostenibile e tutela del territorio e dell'ambiente;8;3;FONDI EUROPEI - ACQUISTO DI BENI E SERVIZI - PROGETTO COMMONAIR - VEDASI CAP.012700009 ENTRATA - SETT 068;exact
DD 3938/2025;076610002001;2026;39.304,00;09;Sviluppo sostenibile e tutela del territorio e dell'ambiente;8;3;FONDI EUROPEI - ACQUISTO DI BENI E SERVIZI - PROGETTO COMMONAIR - VEDASI CAP.012700009 ENTRATA - SETT 068;exact
DD 3949/2025;046150014001;2025;33.529,91;04;Istruzione e diritto allo studio;6;3;PROGETTI EDUCATIVI - PRESTAZIONI DI SERVIZI - ATTIVITA' ESTIVE - S.R.E. IVA - settore 007 - R.IVA;exact
DD 3949/2025;046150014001;2025;50.294,87;04;Istruzione e diritto allo studio;6;3;PROGETTI EDUCATIVI - PRESTAZIONI DI SERVIZI - ATTIVITA' ESTIVE - S.R.E. IVA - settore 007 - R.IVA;exact
DD 3949/2025;046150025001;2025;70.151,33;04;Istruzione e diritto allo studio;6;3;PROGETTI EDUCATIVI - PRESTAZIONI DI SERVIZI - ATTIVITA' EDUCATIVE E SERVIZI PER INCLUSIONE E DISABILITA' - settore 007;exact
DD 3949/2025;046150014001;2025;16.764,95;04;Istruzione e diritto allo studio;6;3;PROGETTI EDUCATIVI - PRESTAZIONI DI SERVIZI - ATTIVITA' ESTIVE - S.R.E. IVA - settore 007 - R.IVA;exact
DD 3949/2025;046150025001;2025;70.436,90;04;Istruzione e diritto allo studio;6;3;PROGETTI EDUCATIVI - PRESTAZIONI DI SERVIZI - ATTIVITA' EDUCATIVE E SERVIZI PER INCLUSIONE E DISABILITA' - settore 007;exact
DD 3950/2025;002610005001;2025;2.999,98;01;Servizi istituzionali, generali e di gestione;11;3;ALTRI SERVIZI GENERALI - ACQUISTO BENI DI CONSUMO - ACQUISTO MATERIALI DI CONSUMO - MATERIALE VARIO - settore 005;exact
DD 3952/2025;118630008005;2025;551.985,60;01;Servizi istituzionali, generali e di gestione;8;2;SISTEMI INFORMATIVI - PN METRO PLUS - GESTIONE DELLA RELAZIONE CITTADINO - IMPRESE - TO1.1.2.1.E - VEDASI CAP.032500002001 ENTRATA - SETT.27;exact
DD 3992/2025;082400058001;2025;;06;Politiche giovanili, sport e tempo libero;2;3;POLITICHE GIOVANILI E INTERCULTURA - ACQUISTO DI SERVIZI - ALTRE PRESTAZIONI PROFESSIONALI E SPECIALISTICHE- SETT. 50;exact
DD 4084/2025;075000003001;2025;5.000,00;09;Sviluppo sostenibile e tutela del territorio e dell'ambiente;2;3;FONDI EUROPEI - ACQUISTO DI BENI E SERVIZI - PROGETTO CLIMAGEN - VEDASI CAP. 12500081 ENTRATA 1585;exact
DD 4084/2025;075000003001;2026;25.000,00;09;Sviluppo sostenibile e tutela del territorio e dell'ambiente;2;3;FONDI EUROPEI - ACQUISTO DI BENI E SERVIZI - PROGETTO CLIMAGEN - VEDASI CAP. 12500081 ENTRATA 1585;exact
DD 4107/2025;152000026002;2025;60.000,00;09;Sviluppo sostenibile e tutela del territorio e dell'ambiente;2;2;GRANDI OPERE DEL VERDE - VIVAIO FORESTALE COMPLESSO BONAFOUS DI CHIERI - VEDASI CAP. 046500102 ENTRATA - sett. 117;exact
DD 4107/2025;152000026004;2025;229.270,03;09;Sviluppo sostenibile e tutela del territorio e dell'ambiente;2;2;APP. AVANZO TRASFERIMENTI - GRANDI OPERE DEL VERDE - VIVAIO FORESTALE COMPLESSO BONAFOUS DI CHIERI - VEDASI CAP. 046500102 ENTRATA - sett. 117;exact
DD 4134/2025;118630008005;2025;5.678,86;01;Servizi istituzionali, generali e di gestione;8;2;SISTEMI INFORMATIVI - PN METRO PLUS - GESTIONE DELLA RELAZIONE CITTADINO - IMPRESE - TO1.1.2.1.E - VEDASI CAP.032500002001 ENTRATA - SETT.27;exact
DD 4168/2025;002610004001;2025;6.988,98;01;Servizi istituzionali, generali e di gestione;11;3;ALTRI SERVIZI GENERALI - ACQUISTO BENI DI CONSUMO - ACQUISTO MATERIALI DI CONSUMO - BIANCHERIA - settore 005;exact
DD 4190/2025;060500009002;2025;9.272,00;07;Turismo;1;3;TURISMO - ACQUISTO DI BENI E SERVIZI - INIZIATIVE E MANIFESTAZIONI NAZIONALI ED INTERNAZIONALI ANCHE A RILIEVO TURISTICO - sett.0 69;exact
DD 4209/2025;018940001006;2025;37.449,65;01;Servizi istituzionali, generali e di gestione;6;3;SISTEMA SICUREZZA E PRONTO INTERVENTO - PRESTAZIONI DI SERVIZI - MANUTENZIONE E PULIZIA LOCALI - settore 111;exact
DD 4209/2025;018940001006;2025;184,00;01;Servizi istituzionali, generali e di gestione;6;3;SISTEMA SICUREZZA E PRONTO INTERVENTO - PRESTAZIONI DI SERVIZI - MANUTENZIONE E PULIZIA LOCALI - settore 111;exact
DD 4231/2025;018300001002;2025;11.996,41;01;Servizi istituzionali, generali e di gestione;6;3;EDILIZIA SCOLASTICA - ACQUISTO DI SERVIZI - INCARICHI DI PROGETTAZIONE - settore 031;exact
DD 4232/2025;018300001002;2025;23.751,94;01;Servizi istituzionali, generali e di gestione;6;3;EDILIZIA SCOLASTICA - ACQUISTO DI SERVIZI - INCARICHI DI PROGETTAZIONE - settore 031;exact
DD 4236/2025;006800012001;2025;8.784,00;01;Servizi istituzionali, generali e di gestione;10;3;PERSONALE - ACQUISTO DI SERVIZI - SVILUPPO ORGANIZZATIVO - settore 004;exact
DD 4264/2025;136100012001;2025;32.039,64;06;Politiche giovanili, sport e tempo libero;1;2;CENTRI SPORTIVI - ACQUISTO MATERIALE VARIO - S.R.E. IVA - Sett. 10 - R. IVA;exact
DD 4270/2025;132500002002;2025;15.974,95;05;Tutela e valorizzazione dei beni e attività culturali;1;2;BIBLIOTECHE MUSEI E PINACOTECHE - MANUTENZIONE STRAORDINARIA E RESTAURI - settore 060;exact
DD 4276/2025;136100018001;2025;23.837,12;06;Politiche giovanili, sport e tempo libero;1;2;IMPIANTI SPORTIVI - MANUTENZIONE STRAORDINARIA - MONUMENTO DELL'HEYSEL - VEDASI CAP. 34460002 ENTRATA - sett. 062;exact
DD 4308/2025;098700011001;2025;13.664,00;14;Sviluppo economico e competitività;2;3;COMMERCIO E MERCATI - ACQUISTO DI BENI E SERVIZI - ATTIVITA' DI PROMOZIONE DEL COMMERCIO - SETT. 134;exact
DD 4316/2025;028300002002;2025;7.625,00;01;Servizi istituzionali, generali e di gestione;1;3;COMUNICAZIONE ISTITUZIONALE ED INFORMAZIONE - SPESE PUBBLICITARIE A CARATTERE ISTITUZIONALE - QUOTIDIANI E PERIODICI - LEGGE N. 122/2010 - ART. 6 COMMA 8 - settore 001;exact
DD 4357/2025;152000026003;2025;49.444,42;09;Sviluppo sostenibile e tutela del territorio e dell'ambiente;2;2;APP. AVANZO TRASFERIMENTI - GRANDI OPERE DEL VERDE - EFFICIENTAMENTO ENERGETICO SERRE COMPLESSO BONAFOUS DI CHIERI - VEDASI CAP. 046500102 ENTRATA - sett. 117;exact
DD 4357/2025;152000026001;2025;144.006,40;09;Sviluppo sostenibile e tutela del territorio e dell'ambiente;2;2;GRANDI OPERE DEL VERDE - EFFICIENTAMENTO ENERGETICO SERRE COMPLESSO BONAFOUS DI CHIERI - VEDASI CAP. 046500102 ENTRATA - sett. 117;exact
DD 4357/2025;152000026003;2025;526.581,18;09;Sviluppo sostenibile e tutela del territorio e dell'ambiente;2;2;APP. AVANZO TRASFERIMENTI - GRANDI OPERE DEL VERDE - EFFICIENTAMENTO ENERGETICO SERRE COMPLESSO BONAFOUS DI CHIERI - VEDASI CAP. 046500102 ENTRATA - sett. 117;exact
DD 4383/2025;056000007001;2025;6.954,00;06;Politiche giovanili, sport e tempo libero;1;3;CENTRI SPORTIVI - ACQUISTO DI SERVIZI - SPESE PER INTERVENTI VARI - S.R. E. IVA - settore 010 - R.IVA;exact
DD 4395/2025;118630008001;2025;567.561,35;01;Servizi istituzionali, generali e di gestione;8;2;SISTEMI INFORMATIVI - PN METRO PLUS - SERVIZI DIGITALI ALLA PERSONA - TO1.1.2.1.A - VEDASI CAP.032500002001 ENTRATA - SETT.27;exact
DD 4413/2025;132200005001;2025;31.997,88;05;Tutela e valorizzazione dei beni e attività culturali;2;2;PNRR M5C2-I2.2 CUP C12F22000040001 PIU A5 - MANUTENZIONE STRAORDINARIA BIBLIOTECHE CIVICHE BONHOEFFER, GINZBURG, CASCINA MARCHESA E CdQ PIUSPAZIOQUATTRO - VEDASI CAP. 31520008 ENTRATA - SETT.30;exact
DD 4413/2025;132200005001;2025;29.536,50;05;Tutela e valorizzazione dei beni e attività culturali;2;2;PNRR M5C2-I2.2 CUP C12F22000040001 PIU A5 - MANUTENZIONE STRAORDINARIA BIBLIOTECHE CIVICHE BONHOEFFER, GINZBURG, CASCINA MARCHESA E CdQ PIUSPAZIOQUATTRO - VEDASI CAP. 31520008 ENTRATA - SETT.30;exact
DD 4413/2025;132200005001;2025;30.767,18;05;Tutela e valorizzazione dei beni e attività culturali;2;2;PNRR M5C2-I2.2 CUP C12F22000040001 PIU A5 - MANUTENZIONE STRAORDINARIA BIBLIOTECHE CIVICHE BONHOEFFER, GINZBURG, CASCINA MARCHESA E CdQ PIUSPAZIOQUATTRO - VEDASI CAP. 31520008 ENTRATA - SETT.30;exact
DD 447/2025;088810003002;2025;23.121,50;12;Diritti sociali, politiche sociali e famiglia;1;3;LEGGE 285/97 - PROGETTI LEGGE 285/97 - PRESTAZIONI DI SERVIZI - SERVIZI DIVERSI - settore 007;exact
DD 447/2025;088810003002;2026;23.121,52;12;Diritti sociali, politiche sociali e famiglia;1;3;LEGGE 285/97 - PROGETTI LEGGE 285/97 - PRESTAZIONI DI SERVIZI - SERVIZI DIVERSI - settore 007;exact
DD 447/2025;088810003002;2027;23.121,52;12;Diritti sociali, politiche sociali e famiglia;1;3;LEGGE 285/97 - PROGETTI LEGGE 285/97 - PRESTAZIONI DI SERVIZI - SERVIZI DIVERSI - settore 007;exact
DD 4490/2025;034300039002;2025;19.690,80;03;Ordine pubblico e sicurezza;1;3;APP. AVANZO TRASFERIMENTI 1555 - POLIZIA LOCALE - ACQUISTO DI SERVIZI - PROGETTO REALIZZAZIONE PIATTAFORMA DIGITALE - VEDASI CAP. 006570002 ENTRATA - sett. 048;exact
DD 4491/2025;157600005003;2025;119.902,55;12;Diritti sociali, politiche sociali e famiglia;4;2;PNRR M5C2-I2.2 CUP C17H22000830006 PIU A23 - MANUTENZIONE STRAORDINARIA PER RIUSO E RIFUNZION. DELLA CASA DI ACCOGLIENZA SOCIALE DI VIA FOLIGNO 10 - VEDASI CAP. 31520008 ENTRATA - SETT 63;exact
DD 4491/2025;157600005003;2025;7.612,80;12;Diritti sociali, politiche sociali e famiglia;4;2;PNRR M5C2-I2.2 CUP C17H22000830006 PIU A23 - MANUTENZIONE STRAORDINARIA PER RIUSO E RIFUNZION. DELLA CASA DI ACCOGLIENZA SOCIALE DI VIA FOLIGNO 10 - VEDASI CAP. 31520008 ENTRATA - SETT 63;exact
DD 4492/2025;056000007001;2025;33.550,00;06;Politiche giovanili, sport e tempo libero;1;3;CENTRI SPORTIVI - ACQUISTO DI SERVIZI - SPESE PER INTERVENTI VARI - S.R. E. IVA - settore 010 - R.IVA;exact
DD 4523/2025;078400014001;2025;13.888,10;09;Sviluppo sostenibile e tutela del territorio e dell'ambiente;2;3;VERDE PUBBLICO - ACQUISTO DI SERVIZI - LAVORI E MANUTENZIONE DEGLI IMPIANTI IRRIGUI - settore 046;exact
DD 4524/2025;078400001001;2025;45.628,00;09;Sviluppo sostenibile e tutela del territorio e dell'ambiente;2;3;VERDE PUBBLICO - ACQUISTO DI SERVIZI - LAVORI E MANUTENZIONI - settore 046;exact
DD 4524/2025;078400001001;2026;45.628,00;09;Sviluppo sostenibile e tutela del territorio e dell'ambiente;2;3;VERDE PUBBLICO - ACQUISTO DI SERVIZI - LAVORI E MANUTENZIONI - settore 046;exact
DD 4524/2025;078400001001;2027;45.628,00;09;Sviluppo sostenibile e tutela del territorio e dell'ambiente;2;3;VERDE PUBBLICO - ACQUISTO DI SERVIZI - LAVORI E MANUTENZIONI - settore 046;exact
DD 4535/2025;098700013003;2025;7.930,00;14;Sviluppo economico e competitività;2;3;COMMERCIO E MERCATI - ACQUISTO DI BENI E SERVIZI - SPAZI PUBLICITARI TV RADIO WEB CARTA STAMPATA - SETT. 134;exact
DD 4545/2025;006800018001;2025;10.400,00;01;Servizi istituzionali, generali e di gestione;10;3;PERSONALE - ACQUISTO DI SERVIZI - AGGIORNAMENTO E FORMAZIONE DEI LAVORATORI DELLA PUBBLICA AMMINISTRAZIONE - LEGGE N. 122/2010 ART. 6 COMMA 13 - settore 004;exact
DD 4547/2025;033900001018;2025;4.614,65;03;Ordine pubblico e sicurezza;1;3;POLIZIA LOCALE E AMMINISTRATIVA - SPESE GENERALI - SPESE DI FUNZIONAMENTO - MANUTENZIONE ORDINARIA E RIPARAZIONI DI ATTREZZATURE - settore 048;exact
DD 4547/2025;033900001018;2026;6.460,51;03;Ordine pubblico e sicurezza;1;3;POLIZIA LOCALE E AMMINISTRATIVA - SPESE GENERALI - SPESE DI FUNZIONAMENTO - MANUTENZIONE ORDINARIA E RIPARAZIONI DI ATTREZZATURE - settore 048;exact
DD 4563/2025;075900003007;2025;35.505,26;09;Sviluppo sostenibile e tutela del territorio e dell'ambiente;2;3;CIRCOSCRIZIONI COMUNALI - PRESTAZIONI DI SERVIZI - MANUTENZIONE AREE VERDI - settore 084;exact
DD 4563/2025;075900003007;2025;395,79;09;Sviluppo sostenibile e tutela del territorio e dell'ambiente;2;3;CIRCOSCRIZIONI COMUNALI - PRESTAZIONI DI SERVIZI - MANUTENZIONE AREE VERDI - settore 084;exact
DD 4563/2025;075900003007;2025;98,95;09;Sviluppo sostenibile e tutela del territorio e dell'ambiente;2;3;CIRCOSCRIZIONI COMUNALI - PRESTAZIONI DI SERVIZI - MANUTENZIONE AREE VERDI - settore 084;exact
DD 4607/2025;122900003003;2025;;03;Ordine pubblico e sicurezza;1;2;POLIZIA LOCALE - ACQUISTI ATTREZZATURE - VEICOLI - PROGETTO PREVENZIONE E CONTRASTO TRUFFE AGLI ANZIANI - VEDASI CAP. 031550001 ENTRATA 1403 - SETT. 048;exact
DD 4607/2025;122900003001;2025;;03;Ordine pubblico e sicurezza;1;2;POLIZIA MUNICIPALE - ACQUISTI ATTREZZATURE VARIE - PROGETTO PREVENZIONE E CONTRASTO TRUFFE AGLI ANZIANI - VEDASI CAP. 031550001 ENTRATA 1403 - SETT. 048;exact
DD 4607/2025;122900003003;;;03;Ordine pubblico e sicurezza;1;2;POLIZIA LOCALE - ACQUISTI ATTREZZATURE - VEICOLI - PROGETTO PREVENZIONE E CONTRASTO TRUFFE AGLI ANZIANI - VEDASI CAP. 031550001 ENTRATA 1403 - SETT. 048;base9-multi
DD 4609/2025;122900003001;2025;7.559,38;03;Ordine pubblico e sicurezza;1;2;POLIZIA MUNICIPALE - ACQUISTI ATTREZZATURE VARIE - PROGETTO PREVENZIONE E CONTRASTO TRUFFE AGLI ANZIANI - VEDASI CAP. 031550001 ENTRATA 1403 - SETT. 048;exact
DD 4637/2025;174800000008;2025;654,71;99;Servizi per conto terzi;1;2;DEPOSITI CAUZIONALI IN DENARO DA TERZI PRESSO LA CITTA' - settore 020;exact
DD 4644/2025;157600005001;2025;6.344,00;12;Diritti sociali, politiche sociali e famiglia;4;2;PNRR M5C2-I2.2 CUP C17H22000150006 PIU A20 - MANUTENZIONE STRAORD. CON PARZIALE RIFUNZION. STABILE DI VIA LEONCAVALLO 17/27 E VIA PACINI 18 PARTE SOCIALE - VEDASI CAP. 31520008 ENTRATA - SETT 63;exact
DD 4663/2025;060500010001;2025;44.591,00;07;Turismo;1;3;TURISMO - ACQUISTO DI BENI E SERVIZI - PROGETTO UNESCO RESIDENZE DELLA FAMIGLIA REALE DI SAVOIA - VEDASI CAP. 6500002 ENTRATA - SETT. 69;exact
DD 4664/2025;060500010001;2025;31.480,88;07;Turismo;1;3;TURISMO - ACQUISTO DI BENI E SERVIZI - PROGETTO UNESCO RESIDENZE DELLA FAMIGLIA REALE DI SAVOIA - VEDASI CAP. 6500002 ENTRATA - SETT. 69;exact
DD 4687/2025;021750002001;2025;5.917,31;01;Servizi istituzionali, generali e di gestione;7;3;ELEZIONI - SERVIZI IN OCCASIONE DI REFERENDUM - VEDASI CAP. 5000002 ENTRATA - settore 018;exact
DD 4687/2025;021750006001;2025;5.917,31;01;Servizi istituzionali, generali e di gestione;7;3;SERVIZIO ELETTORALE - SPESE DERIVANTI DA AGGIORNAMENTO LISTE ELETTORALI DA DISPOSIZIONI MINISTERIALI - Sett.018;exact
DD 4704/2025;087300018001;2025;620,76;12;Diritti sociali, politiche sociali e famiglia;3;3;SERVIZI SOCIALI - PRESTAZIONI DI SERVIZI - INTERVENTI IN FAVORE DI ANZIANI - S.R.E. IVA - settore 019;exact
DD 4704/2025;087300018001;2026;750,06;12;Diritti sociali, politiche sociali e famiglia;3;3;SERVIZI SOCIALI - PRESTAZIONI DI SERVIZI - INTERVENTI IN FAVORE DI ANZIANI - S.R.E. IVA - settore 019;exact
DD 4704/2025;087300018001;2027;750,06;12;Diritti sociali, politiche sociali e famiglia;3;3;SERVIZI SOCIALI - PRESTAZIONI DI SERVIZI - INTERVENTI IN FAVORE DI ANZIANI - S.R.E. IVA - settore 019;exact
DD 4704/2025;087300018001;2028;129,30;12;Diritti sociali, politiche sociali e famiglia;3;3;SERVIZI SOCIALI - PRESTAZIONI DI SERVIZI - INTERVENTI IN FAVORE DI ANZIANI - S.R.E. IVA - settore 019;exact
DD 4704/2025;087300002001;2025;3.055,28;12;Diritti sociali, politiche sociali e famiglia;2;3;SERVIZI SOCIALI - PRESTAZIONI DI SERVIZI - INTERVENTI A FAVORE DI DISABILI - settore 019;exact
DD 4704/2025;087300002001;2026;1.877,39;12;Diritti sociali, politiche sociali e famiglia;2;3;SERVIZI SOCIALI - PRESTAZIONI DI SERVIZI - INTERVENTI A FAVORE DI DISABILI - settore 019;exact
DD 4704/2025;087300002001;2027;1.877,39;12;Diritti sociali, politiche sociali e famiglia;2;3;SERVIZI SOCIALI - PRESTAZIONI DI SERVIZI - INTERVENTI A FAVORE DI DISABILI - settore 019;exact
DD 4704/2025;087300002001;2028;1.177,90;12;Diritti sociali, politiche sociali e famiglia;2;3;SERVIZI SOCIALI - PRESTAZIONI DI SERVIZI - INTERVENTI A FAVORE DI DISABILI - settore 019;exact
DD 4704/2025;087300018001;2025;5,66;12;Diritti sociali, politiche sociali e famiglia;3;3;SERVIZI SOCIALI - PRESTAZIONI DI SERVIZI - INTERVENTI IN FAVORE DI ANZIANI - S.R.E. IVA - settore 019;exact
DD 4704/2025;087300018001;2028;5,66;12;Diritti sociali, politiche sociali e famiglia;3;3;SERVIZI SOCIALI - PRESTAZIONI DI SERVIZI - INTERVENTI IN FAVORE DI ANZIANI - S.R.E. IVA - settore 019;exact
DD 4704/2025;087300002001;2025;14,19;12;Diritti sociali, politiche sociali e famiglia;2;3;SERVIZI SOCIALI - PRESTAZIONI DI SERVIZI - INTERVENTI A FAVORE DI DISABILI - settore 019;exact
DD 4704/2025;087300002001;2028;14,18;12;Diritti sociali, politiche sociali e famiglia;2;3;SERVIZI SOCIALI - PRESTAZIONI DI SERVIZI - INTERVENTI A FAVORE DI DISABILI - settore 019;exact
DD 4723/2025;045800001001;2025;14.400,00;04;Istruzione e diritto allo studio;6;3;ASSISTENZA SCOLASTICA - ACQUISTO DI SERVIZI - REFEZIONE SCUOLE DELL'OBBLIGO - S.R.E. IVA - Sett. 007 - R.IVA;exact
DD 4741/2025;018940003001;2025;63.440,00;01;Servizi istituzionali, generali e di gestione;6;3;SISTEMA SICUREZZA E PRONTO INTERVENTO - PRESTAZIONI DI SERVIZI - ATTUAZIONE DISPOSTI DI LEGGE - D.LGS.81/2008 - settore 111;exact
DD 4757/2025;056000007004;2025;10.980,00;06;Politiche giovanili, sport e tempo libero;1;3;CENTRI SPORTIVI - ACQUISTO DI SERVIZI - RIMOZIONE E SMALTIMENTO RIFIUTI - S.R.E. IVA - settore 010 - R.IVA;exact
DD 4762/2025;068300011001;2025;1.000.174,50;08;Assetto del territorio ed edilizia abitativa;1;3;URBANISTICA - ACQUISTO DI SERVIZI - ATTIVITA' DI REVSIONE PRG - VEDASI CAP. 015100079 ENTRATA - Sett. 125;exact
DD 4771/2025;060500010001;2025;18.300,00;07;Turismo;1;3;TURISMO - ACQUISTO DI BENI E SERVIZI - PROGETTO UNESCO RESIDENZE DELLA FAMIGLIA REALE DI SAVOIA - VEDASI CAP. 6500002 ENTRATA - SETT. 69;exact
DD 4772/2025;157400005003;2025;79.553,92;12;Diritti sociali, politiche sociali e famiglia;7;2;APP. AVANZO LEGGI - SERVIZI SOCIALI - ACQUISTI - MOBILI E ARREDI - VEDASI CAP. 29400 ENTRATA - SETT. 05 - 900;exact
DD 4782/2025;071700007001;2025;7.521,70;11;Soccorso civile;1;3;PROTEZIONE CIVILE - ACQUISTO DI SERVIZI - SERVIZI PER ATTIVITA' ED INTERVENTI DI PROTEZIONE CIVILE - settore 028;exact
DD 4858/2025;136100002007;2025;49.776,00;06;Politiche giovanili, sport e tempo libero;1;2;APP. AVANZO INVESTIMENTI - IMPIANTI SPORTIVI - MANUTENZIONE STRAORDINARIA - S.R.E. IVA - settore 062 - R.IVA;exact
DD 4877/2025;002610005001;2025;74.074,00;01;Servizi istituzionali, generali e di gestione;11;3;ALTRI SERVIZI GENERALI - ACQUISTO BENI DI CONSUMO - ACQUISTO MATERIALI DI CONSUMO - MATERIALE VARIO - settore 005;exact
DD 4878/2025;009800001001;2025;1.820,42;01;Servizi istituzionali, generali e di gestione;11;3;ALTRI SERVIZI GENERALI - NOLEGGIO FOTOCOPIATORI E MACCHINE VARIE PER UFFICIO - settore 005;exact
DD 4878/2025;009800001001;2026;3.203,23;01;Servizi istituzionali, generali e di gestione;11;3;ALTRI SERVIZI GENERALI - NOLEGGIO FOTOCOPIATORI E MACCHINE VARIE PER UFFICIO - settore 005;exact
DD 4878/2025;009800001001;2027;3.203,23;01;Servizi istituzionali, generali e di gestione;11;3;ALTRI SERVIZI GENERALI - NOLEGGIO FOTOCOPIATORI E MACCHINE VARIE PER UFFICIO - settore 005;exact
DD 4878/2025;009800001001;2028;3.203,23;01;Servizi istituzionali, generali e di gestione;11;3;ALTRI SERVIZI GENERALI - NOLEGGIO FOTOCOPIATORI E MACCHINE VARIE PER UFFICIO - settore 005;exact
DD 4878/2025;009800001001;2029;3.203,23;01;Servizi istituzionali, generali e di gestione;11;3;ALTRI SERVIZI GENERALI - NOLEGGIO FOTOCOPIATORI E MACCHINE VARIE PER UFFICIO - settore 005;exact
DD 4878/2025;009800001001;2030;1.382,82;01;Servizi istituzionali, generali e di gestione;11;3;ALTRI SERVIZI GENERALI - NOLEGGIO FOTOCOPIATORI E MACCHINE VARIE PER UFFICIO - settore 005;exact
DD 4902/2025;056720011002;2025;;01;Servizi istituzionali, generali e di gestione;6;3;INFRASTRUTTURE PER IL COMMERCIO E LO SPORT - ACQUISTO DI BENI E SERVIZI - ALTRE PRESTAZIONI PROFESSIONALI - S.R.E. IVA - settore 062 - R.IVA;exact
DD 4935/2025;118800000008;2025;60.274,10;01;Servizi istituzionali, generali e di gestione;8;2;APP. AVANZO ACCANTONAMENTI 1526 - ACQUISTO ATTREZZATURE TECNOLOGICHE HARDWARE SISTEMI DI TELECOMUNICAZIONE E SICUREZZA - settore 027;exact
DD 4970/2025;118630008003;2025;276.000,00;01;Servizi istituzionali, generali e di gestione;8;2;SISTEMI INFORMATIVI - PN METRO PLUS - DIGITALIZZAZIONE E CHANGE MANAGEMENT - TO1.1.2.1.C - VEDASI CAP.032500002001 ENTRATA - SETT.27;exact
DD 4970/2025;118630008003;2026;169.800,18;01;Servizi istituzionali, generali e di gestione;8;2;SISTEMI INFORMATIVI - PN METRO PLUS - DIGITALIZZAZIONE E CHANGE MANAGEMENT - TO1.1.2.1.C - VEDASI CAP.032500002001 ENTRATA - SETT.27;exact
DD 4971/2025;026900011001;2025;143.865,68;01;Servizi istituzionali, generali e di gestione;8;3;SISTEMI INFORMATIVI - ACQUISTO DI SERVIZI - SERVIZI APPLICATIVI CONTABILITA' - settore 027;exact
DD 4986/2025;078400001001;2025;11.582,63;09;Sviluppo sostenibile e tutela del territorio e dell'ambiente;2;3;VERDE PUBBLICO - ACQUISTO DI SERVIZI - LAVORI E MANUTENZIONI - settore 046;exact
DD 4998/2025;157400005003;2025;110.030,95;12;Diritti sociali, politiche sociali e famiglia;7;2;APP. AVANZO LEGGI - SERVIZI SOCIALI - ACQUISTI - MOBILI E ARREDI - VEDASI CAP. 29400 ENTRATA - SETT. 05 - 900;exact
DD 5021/2025;048700001001;2025;700,00;05;Tutela e valorizzazione dei beni e attività culturali;2;3;BIBLIOTECHE CIVICHE - ACQUISTO DI MATERIALI - GIORNALI E RIVISTE - settore 025;exact
DD 5021/2025;048700001003;2025;700,00;05;Tutela e valorizzazione dei beni e attività culturali;2;3;BIBLIOTECHE CIVICHE - ACQUISTO MATERIALI PER PROGETTO LA STAMPA - VEDASI CAP. 15100078001 ENTRATA - SETT.25 1564;exact
DD 5024/2025;060500009002;2025;30.000,00;07;Turismo;1;3;TURISMO - ACQUISTO DI BENI E SERVIZI - INIZIATIVE E MANIFESTAZIONI NAZIONALI ED INTERNAZIONALI ANCHE A RILIEVO TURISTICO - sett.0 69;exact
DD 5044/2025;004300069001;2025;7.515,20;19;Relazioni internazionali;1;3;COOPERAZIONE INTERNAZIONALE E PACE - BANDO AICS 2023 - PROGETTO DI COOPERAZIONE TERRITORIALE - AKLI BALADI - PRESTAZIONE DI SERVIZI - VEDASI CAP. 7200006 ENTRATA - set. 113 - 1566;exact
DD 5044/2025;004300069001;2026;2.147,20;19;Relazioni internazionali;1;3;COOPERAZIONE INTERNAZIONALE E PACE - BANDO AICS 2023 - PROGETTO DI COOPERAZIONE TERRITORIALE - AKLI BALADI - PRESTAZIONE DI SERVIZI - VEDASI CAP. 7200006 ENTRATA - set. 113 - 1566;exact
DD 5044/2025;004300069001;2027;1.073,60;19;Relazioni internazionali;1;3;COOPERAZIONE INTERNAZIONALE E PACE - BANDO AICS 2023 - PROGETTO DI COOPERAZIONE TERRITORIALE - AKLI BALADI - PRESTAZIONE DI SERVIZI - VEDASI CAP. 7200006 ENTRATA - set. 113 - 1566;exact
DD 5048/2025;097250017002;2025;;14;Sviluppo economico e competitività;3;3;FONDI EUROPEI-PROGETTO TOMOVE-ACQUISTO DI BENI E SERVIZI-PIANO COMPLEMENTARE AL PNRR-M1C1-I1.4.6-CUP C15C22007220001-VEDASI CAP. 006800014 ENTRATA - SETT.068;exact
DD 5048/2025;006800014001;2025;97.600,00;01;Servizi istituzionali, generali e di gestione;10;3;PERSONALE - ACQUISTO DI SERVIZI - SPESE PER COMMISSIONI CONCORSI - SELEZIONI A POSTI VACANTI A TEMPO INDETERMINATO - settore 004;base9-unique
DD 5052/2025;075900003004;2025;;09;Sviluppo sostenibile e tutela del territorio e dell'ambiente;2;3;CIRCOSCRIZIONI COMUNALI - PRESTAZIONI DI SERVIZI - MANUTENZIONE AREE VERDI - settore 090;exact
DD 5052/2025;075900003002;2026;;09;Sviluppo sostenibile e tutela del territorio e dell'ambiente;2;3;CIRCOSCRIZIONI COMUNALI - PRESTAZIONI DI SERVIZI - MANUTENZIONE AREE VERDI - settore 091;base9-multi
DD 5064/2025;080200009001;2025;16.675,86;12;Diritti sociali, politiche sociali e famiglia;1;3;ASILI NIDO ED INTERVENTI INNOVATIVI PER LA PRIMA INFANZIA - ACQUISTO DI SERVIZI - NIDI E SERVIZI CONVENZIONATI - S.R.E. IVA - settore 007;exact
DD 5064/2025;080200009001;2026;37.520,67;12;Diritti sociali, politiche sociali e famiglia;1;3;ASILI NIDO ED INTERVENTI INNOVATIVI PER LA PRIMA INFANZIA - ACQUISTO DI SERVIZI - NIDI E SERVIZI CONVENZIONATI - S.R.E. IVA - settore 007;exact
DD 5064/2025;080200009001;2027;14.591,37;12;Diritti sociali, politiche sociali e famiglia;1;3;ASILI NIDO ED INTERVENTI INNOVATIVI PER LA PRIMA INFANZIA - ACQUISTO DI SERVIZI - NIDI E SERVIZI CONVENZIONATI - S.R.E. IVA - settore 007;exact
DD 5086/2025;060500010001;2025;61,00;07;Turismo;1;3;TURISMO - ACQUISTO DI BENI E SERVIZI - PROGETTO UNESCO RESIDENZE DELLA FAMIGLIA REALE DI SAVOIA - VEDASI CAP. 6500002 ENTRATA - SETT. 69;exact
DD 5098/2025;086300008009;2025;;12;Diritti sociali, politiche sociali e famiglia;4;3;SERVIZI SOCIALI - PRESTAZIONI DI SERVIZI - INTERVENTI A FAVORE DI STRANIERI E NOMADI - FORMAZIONE - VEDASI CAP. 6570000- ENTRATA - settore 019;exact
DD 5099/2025;086300008009;2025;25.000,00;12;Diritti sociali, politiche sociali e famiglia;4;3;SERVIZI SOCIALI - PRESTAZIONI DI SERVIZI - INTERVENTI A FAVORE DI STRANIERI E NOMADI - FORMAZIONE - VEDASI CAP. 6570000- ENTRATA - settore 019;exact
DD 5100/2025;086300010004;2025;14.700,00;12;Diritti sociali, politiche sociali e famiglia;1;3;SERVIZI SOCIALI - PRESTAZIONI DI SERVIZI - INTERVENTI A FAVORE DI MINORI A RISCHIO - FORMAZIONE - VEDASI CAP. 4850000 ENTRATA - settore 019;exact
DD 5148/2025;080200009001;2025;23.352,00;12;Diritti sociali, politiche sociali e famiglia;1;3;ASILI NIDO ED INTERVENTI INNOVATIVI PER LA PRIMA INFANZIA - ACQUISTO DI SERVIZI - NIDI E SERVIZI CONVENZIONATI - S.R.E. IVA - settore 007;exact
DD 5148/2025;080200009001;2026;55.461,00;12;Diritti sociali, politiche sociali e famiglia;1;3;ASILI NIDO ED INTERVENTI INNOVATIVI PER LA PRIMA INFANZIA - ACQUISTO DI SERVIZI - NIDI E SERVIZI CONVENZIONATI - S.R.E. IVA - settore 007;exact
DD 5148/2025;080200009001;2027;25.541,25;12;Diritti sociali, politiche sociali e famiglia;1;3;ASILI NIDO ED INTERVENTI INNOVATIVI PER LA PRIMA INFANZIA - ACQUISTO DI SERVIZI - NIDI E SERVIZI CONVENZIONATI - S.R.E. IVA - settore 007;exact
DD 5155/2025;097500011001;2025;146.400,00;14;Sviluppo economico e competitività;3;3;FONDI EUROPEI - ACQUISTO DI BENI E SERVIZI - PROGETTO iCAPITAL - VEDASI CAP. 12700008 ENTRATA - sett. 068;exact
DD 5167/2025;080200009001;2025;25.376,00;12;Diritti sociali, politiche sociali e famiglia;1;3;ASILI NIDO ED INTERVENTI INNOVATIVI PER LA PRIMA INFANZIA - ACQUISTO DI SERVIZI - NIDI E SERVIZI CONVENZIONATI - S.R.E. IVA - settore 007;exact
DD 5167/2025;080200009001;2026;44.408,00;12;Diritti sociali, politiche sociali e famiglia;1;3;ASILI NIDO ED INTERVENTI INNOVATIVI PER LA PRIMA INFANZIA - ACQUISTO DI SERVIZI - NIDI E SERVIZI CONVENZIONATI - S.R.E. IVA - settore 007;exact
DD 5169/2025;080200009001;2025;2.780,00;12;Diritti sociali, politiche sociali e famiglia;1;3;ASILI NIDO ED INTERVENTI INNOVATIVI PER LA PRIMA INFANZIA - ACQUISTO DI SERVIZI - NIDI E SERVIZI CONVENZIONATI - S.R.E. IVA - settore 007;exact
DD 5169/2025;080200009001;2026;7.645,00;12;Diritti sociali, politiche sociali e famiglia;1;3;ASILI NIDO ED INTERVENTI INNOVATIVI PER LA PRIMA INFANZIA - ACQUISTO DI SERVIZI - NIDI E SERVIZI CONVENZIONATI - S.R.E. IVA - settore 007;exact
DD 5169/2025;080200009001;2027;4.865,00;12;Diritti sociali, politiche sociali e famiglia;1;3;ASILI NIDO ED INTERVENTI INNOVATIVI PER LA PRIMA INFANZIA - ACQUISTO DI SERVIZI - NIDI E SERVIZI CONVENZIONATI - S.R.E. IVA - settore 007;exact
DD 5171/2025;080200009001;2025;2.919,00;12;Diritti sociali, politiche sociali e famiglia;1;3;ASILI NIDO ED INTERVENTI INNOVATIVI PER LA PRIMA INFANZIA - ACQUISTO DI SERVIZI - NIDI E SERVIZI CONVENZIONATI - S.R.E. IVA - settore 007;exact
DD 5171/2025;080200009001;2026;8.027,25;12;Diritti sociali, politiche sociali e famiglia;1;3;ASILI NIDO ED INTERVENTI INNOVATIVI PER LA PRIMA INFANZIA - ACQUISTO DI SERVIZI - NIDI E SERVIZI CONVENZIONATI - S.R.E. IVA - settore 007;exact
DD 5171/2025;080200009001;2027;5.108,25;12;Diritti sociali, politiche sociali e famiglia;1;3;ASILI NIDO ED INTERVENTI INNOVATIVI PER LA PRIMA INFANZIA - ACQUISTO DI SERVIZI - NIDI E SERVIZI CONVENZIONATI - S.R.E. IVA - settore 007;exact
DD 5172/2025;080200009001;2025;36.140,00;12;Diritti sociali, politiche sociali e famiglia;1;3;ASILI NIDO ED INTERVENTI INNOVATIVI PER LA PRIMA INFANZIA - ACQUISTO DI SERVIZI - NIDI E SERVIZI CONVENZIONATI - S.R.E. IVA - settore 007;exact
DD 5172/2025;080200009001;2026;63.245,00;12;Diritti sociali, politiche sociali e famiglia;1;3;ASILI NIDO ED INTERVENTI INNOVATIVI PER LA PRIMA INFANZIA - ACQUISTO DI SERVIZI - NIDI E SERVIZI CONVENZIONATI - S.R.E. IVA - settore 007;exact
DD 5173/2025;080200013001;2025;4.839,16;12;Diritti sociali, politiche sociali e famiglia;1;3;ASILI NIDO ED INTERVENTI INNOVATIVI PER LA PRIMA INFANZIA - ACQUISTO DI SERVIZI - GESTIONE ESTERNA NIDI - SPESE VARIE - SRE IVA - settore 007;exact
DD 5173/2025;080200013001;2026;7.729,20;12;Diritti sociali, politiche sociali e famiglia;1;3;ASILI NIDO ED INTERVENTI INNOVATIVI PER LA PRIMA INFANZIA - ACQUISTO DI SERVIZI - GESTIONE ESTERNA NIDI - SPESE VARIE - SRE IVA - settore 007;exact
DD 5174/2025;080200013001;2025;4.839,16;12;Diritti sociali, politiche sociali e famiglia;1;3;ASILI NIDO ED INTERVENTI INNOVATIVI PER LA PRIMA INFANZIA - ACQUISTO DI SERVIZI - GESTIONE ESTERNA NIDI - SPESE VARIE - SRE IVA - settore 007;exact
DD 5174/2025;080200013001;2026;7.729,20;12;Diritti sociali, politiche sociali e famiglia;1;3;ASILI NIDO ED INTERVENTI INNOVATIVI PER LA PRIMA INFANZIA - ACQUISTO DI SERVIZI - GESTIONE ESTERNA NIDI - SPESE VARIE - SRE IVA - settore 007;exact
DD 5176/2025;080200013001;2025;16.994,63;12;Diritti sociali, politiche sociali e famiglia;1;3;ASILI NIDO ED INTERVENTI INNOVATIVI PER LA PRIMA INFANZIA - ACQUISTO DI SERVIZI - GESTIONE ESTERNA NIDI - SPESE VARIE - SRE IVA - settore 007;exact
DD 5176/2025;080200013001;2026;30.784,13;12;Diritti sociali, politiche sociali e famiglia;1;3;ASILI NIDO ED INTERVENTI INNOVATIVI PER LA PRIMA INFANZIA - ACQUISTO DI SERVIZI - GESTIONE ESTERNA NIDI - SPESE VARIE - SRE IVA - settore 007;exact
DD 5177/2025;080200013001;2025;4.114,91;12;Diritti sociali, politiche sociali e famiglia;1;3;ASILI NIDO ED INTERVENTI INNOVATIVI PER LA PRIMA INFANZIA - ACQUISTO DI SERVIZI - GESTIONE ESTERNA NIDI - SPESE VARIE - SRE IVA - settore 007;exact
DD 5177/2025;080200013001;2026;6.572,42;12;Diritti sociali, politiche sociali e famiglia;1;3;ASILI NIDO ED INTERVENTI INNOVATIVI PER LA PRIMA INFANZIA - ACQUISTO DI SERVIZI - GESTIONE ESTERNA NIDI - SPESE VARIE - SRE IVA - settore 007;exact
DD 5178/2025;080200013001;2025;10.835,37;12;Diritti sociali, politiche sociali e famiglia;1;3;ASILI NIDO ED INTERVENTI INNOVATIVI PER LA PRIMA INFANZIA - ACQUISTO DI SERVIZI - GESTIONE ESTERNA NIDI - SPESE VARIE - SRE IVA - settore 007;exact
DD 5178/2025;080200013001;2026;19.575,11;12;Diritti sociali, politiche sociali e famiglia;1;3;ASILI NIDO ED INTERVENTI INNOVATIVI PER LA PRIMA INFANZIA - ACQUISTO DI SERVIZI - GESTIONE ESTERNA NIDI - SPESE VARIE - SRE IVA - settore 007;exact
DD 5179/2025;080200013001;2025;36.895,82;12;Diritti sociali, politiche sociali e famiglia;1;3;ASILI NIDO ED INTERVENTI INNOVATIVI PER LA PRIMA INFANZIA - ACQUISTO DI SERVIZI - GESTIONE ESTERNA NIDI - SPESE VARIE - SRE IVA - settore 007;exact
DD 5179/2025;080200013001;2026;58.418,39;12;Diritti sociali, politiche sociali e famiglia;1;3;ASILI NIDO ED INTERVENTI INNOVATIVI PER LA PRIMA INFANZIA - ACQUISTO DI SERVIZI - GESTIONE ESTERNA NIDI - SPESE VARIE - SRE IVA - settore 007;exact
DD 5215/2025;164150001010;2025;89.565,70;14;Sviluppo economico e competitività;2;2;APP. AVANZO LEGGE - COMMERCIO - ACQUISTI DI BENI PER LA PROMOZIONE DEI LUOGHI DEL COMMERCIO - VEDASI CAP. 37150000 ENTRATA - settore 016;exact
DD 5215/2025;164150007001;2025;40.344,91;14;Sviluppo economico e competitività;2;2;COMMERCIO - ACQUISTI DI BENI E PER LA PROMOZIONE DEI LUOGHI DEL COMMERCIO - sett. 016;exact
DD 5273/2025;019900007001;2025;13.160,75;01;Servizi istituzionali, generali e di gestione;11;3;GESTIONE PARCO VEICOLI - ACQUISTO DI MATERIALI - CARBURANTI OLII E LUBRIFICANTI - settore 055;exact
DD 5273/2025;019900007001;2026;39.482,25;01;Servizi istituzionali, generali e di gestione;11;3;GESTIONE PARCO VEICOLI - ACQUISTO DI MATERIALI - CARBURANTI OLII E LUBRIFICANTI - settore 055;exact
DD 5273/2025;019900007001;2027;39.482,25;01;Servizi istituzionali, generali e di gestione;11;3;GESTIONE PARCO VEICOLI - ACQUISTO DI MATERIALI - CARBURANTI OLII E LUBRIFICANTI - settore 055;exact
DD 5273/2025;019900007001;2028;13.160,75;01;Servizi istituzionali, generali e di gestione;11;3;GESTIONE PARCO VEICOLI - ACQUISTO DI MATERIALI - CARBURANTI OLII E LUBRIFICANTI - settore 055;exact
DD 5275/2025;046150020001;2025;36.600,00;04;Istruzione e diritto allo studio;6;3;PROGETTI EDUCATIVI - PRESTAZIONI DI SERVIZI - ATTIVITA' PER INTERVENTI INNOVATIVI - settore 007;exact
DD 5275/2025;046150020001;2026;36.600,00;04;Istruzione e diritto allo studio;6;3;PROGETTI EDUCATIVI - PRESTAZIONI DI SERVIZI - ATTIVITA' PER INTERVENTI INNOVATIVI - settore 007;exact
DD 5298/2025;063320005002;2025;18.300,00;09;Sviluppo sostenibile e tutela del territorio e dell'ambiente;1;3;PONTI - VIE D'ACQUA - INFRASTRUTTURE - ACQUISTO DI BENI E SERVIZI - ALTRE PRESTAZIONI PROFESSIONALI - settore 034;exact
DD 5324/2025;080200009001;2025;8.340,00;12;Diritti sociali, politiche sociali e famiglia;1;3;ASILI NIDO ED INTERVENTI INNOVATIVI PER LA PRIMA INFANZIA - ACQUISTO DI SERVIZI - NIDI E SERVIZI CONVENZIONATI - S.R.E. IVA - settore 007;exact
DD 5324/2025;080200009001;2026;;12;Diritti sociali, politiche sociali e famiglia;1;3;ASILI NIDO ED INTERVENTI INNOVATIVI PER LA PRIMA INFANZIA - ACQUISTO DI SERVIZI - NIDI E SERVIZI CONVENZIONATI - S.R.E. IVA - settore 007;exact
DD 5324/2025;080200009001;2027;;12;Diritti sociali, politiche sociali e famiglia;1;3;ASILI NIDO ED INTERVENTI INNOVATIVI PER LA PRIMA INFANZIA - ACQUISTO DI SERVIZI - NIDI E SERVIZI CONVENZIONATI - S.R.E. IVA - settore 007;exact
DD 5325/2025;080200009001;2025;11.120,00;12;Diritti sociali, politiche sociali e famiglia;1;3;ASILI NIDO ED INTERVENTI INNOVATIVI PER LA PRIMA INFANZIA - ACQUISTO DI SERVIZI - NIDI E SERVIZI CONVENZIONATI - S.R.E. IVA - settore 007;exact
DD 5325/2025;080200009001;2026;30.580,00;12;Diritti sociali, politiche sociali e famiglia;1;3;ASILI NIDO ED INTERVENTI INNOVATIVI PER LA PRIMA INFANZIA - ACQUISTO DI SERVIZI - NIDI E SERVIZI CONVENZIONATI - S.R.E. IVA - settore 007;exact
DD 5325/2025;080200009001;2027;19.460,00;12;Diritti sociali, politiche sociali e famiglia;1;3;ASILI NIDO ED INTERVENTI INNOVATIVI PER LA PRIMA INFANZIA - ACQUISTO DI SERVIZI - NIDI E SERVIZI CONVENZIONATI - S.R.E. IVA - settore 007;exact
DD 5326/2025;080200009001;2025;2.780,00;12;Diritti sociali, politiche sociali e famiglia;1;3;ASILI NIDO ED INTERVENTI INNOVATIVI PER LA PRIMA INFANZIA - ACQUISTO DI SERVIZI - NIDI E SERVIZI CONVENZIONATI - S.R.E. IVA - settore 007;exact
DD 5326/2025;080200009001;2026;7.645,00;12;Diritti sociali, politiche sociali e famiglia;1;3;ASILI NIDO ED INTERVENTI INNOVATIVI PER LA PRIMA INFANZIA - ACQUISTO DI SERVIZI - NIDI E SERVIZI CONVENZIONATI - S.R.E. IVA - settore 007;exact
DD 5326/2025;080200009001;2027;4.865,00;12;Diritti sociali, politiche sociali e famiglia;1;3;ASILI NIDO ED INTERVENTI INNOVATIVI PER LA PRIMA INFANZIA - ACQUISTO DI SERVIZI - NIDI E SERVIZI CONVENZIONATI - S.R.E. IVA - settore 007;exact
DD 5411/2025;132200004004;2025;15.250,00;05;Tutela e valorizzazione dei beni e attività culturali;2;2;PNRR M5C2-I2.2 CUP C14H22000020006 PIU A2 - ACQUISTO PIATTAFORME DIGITALI PER LE BIBLIOTECHE CIVICHE TORINESI - VEDASI CAP. 31520008 ENTRATA - SETT. 25;exact
DD 5445/2025;157600004002;2025;8.790,10;12;Diritti sociali, politiche sociali e famiglia;4;2;PNRR M5C2-I2.2 CUP C12F22000080001 PIU A11 - MANUTENZIONE STRAORDINARIA CENTRI PROTAGONISMO GIOVANILE L'ISOLA CHE NON C'E' E CENTRO DENTRO - VEDASI CAP. 31520008 ENTRATA - SETT. 30;exact
DD 5445/2025;157600004002;2025;2.694,33;12;Diritti sociali, politiche sociali e famiglia;4;2;PNRR M5C2-I2.2 CUP C12F22000080001 PIU A11 - MANUTENZIONE STRAORDINARIA CENTRI PROTAGONISMO GIOVANILE L'ISOLA CHE NON C'E' E CENTRO DENTRO - VEDASI CAP. 31520008 ENTRATA - SETT. 30;exact
DD 5446/2025;164150005003;2025;3.030,50;14;Sviluppo economico e competitività;2;2;PNRR M5C2-I2.2 CUP C12F22000020006 PIU A19 - MANUTENZIONE STRAORDINARIA DIFFUSA DEI MERCATI NITTI, BALTIMORA, DON GRIOLI E SEBASTOPOLI - VEDASI CAP. 31520008 ENTRATA - SETT. 62;exact
DD 5448/2025;080200009001;2025;5.511,84;12;Diritti sociali, politiche sociali e famiglia;1;3;ASILI NIDO ED INTERVENTI INNOVATIVI PER LA PRIMA INFANZIA - ACQUISTO DI SERVIZI - NIDI E SERVIZI CONVENZIONATI - S.R.E. IVA - settore 007;exact
DD 5448/2025;080200009001;2026;15.157,56;12;Diritti sociali, politiche sociali e famiglia;1;3;ASILI NIDO ED INTERVENTI INNOVATIVI PER LA PRIMA INFANZIA - ACQUISTO DI SERVIZI - NIDI E SERVIZI CONVENZIONATI - S.R.E. IVA - settore 007;exact
DD 5448/2025;080200009001;2027;9.645,72;12;Diritti sociali, politiche sociali e famiglia;1;3;ASILI NIDO ED INTERVENTI INNOVATIVI PER LA PRIMA INFANZIA - ACQUISTO DI SERVIZI - NIDI E SERVIZI CONVENZIONATI - S.R.E. IVA - settore 007;exact
DD 5499/2025;026900012001;2025;13.661,00;01;Servizi istituzionali, generali e di gestione;8;3;SISTEMI INFORMATIVI - ACQUISTO DI SERVIZI - BILANCIO CONSOLIDATO - settore 027;exact
DD 5501/2025;118630008001;2025;273.828,78;01;Servizi istituzionali, generali e di gestione;8;2;SISTEMI INFORMATIVI - PN METRO PLUS - SERVIZI DIGITALI ALLA PERSONA - TO1.1.2.1.A - VEDASI CAP.032500002001 ENTRATA - SETT.27;exact
DD 5501/2025;118630008001;2026;253.129,62;01;Servizi istituzionali, generali e di gestione;8;2;SISTEMI INFORMATIVI - PN METRO PLUS - SERVIZI DIGITALI ALLA PERSONA - TO1.1.2.1.A - VEDASI CAP.032500002001 ENTRATA - SETT.27;exact
DD 5588/2025;132570002001;2025;8.157,02;05;Tutela e valorizzazione dei beni e attività culturali;1;2;PNRR M5C2-I2.2 CUP C12F22000030001 PIU A4 - MANUTENZIONE STRAORDINARIA BIBLIOTECHE CIVICHE VILLA AMORETTI, ANDREA DELLA CORTE E MAUSOLEO BELA ROSIN - VEDASI CAP. 31520008 ENTRATA - SETT. 60;exact
DD 5589/2025;006800018002;2025;15.000,00;01;Servizi istituzionali, generali e di gestione;10;3;APP. AVANZO ACCANTONAMENTI- PERSONALE - ACQUISTO DI SERVIZI - AGGIORNAMENTO E FORMAZIONE DEI LAVORATORI DELLA PUBBLICA AMMINISTRAZIONE - LEGGE N. 122/2010 ART. 6 COMMA 13 - settore 004 1526;exact
DD 5589/2025;006800018001;2026;10.000,00;01;Servizi istituzionali, generali e di gestione;10;3;PERSONALE - ACQUISTO DI SERVIZI - AGGIORNAMENTO E FORMAZIONE DEI LAVORATORI DELLA PUBBLICA AMMINISTRAZIONE - LEGGE N. 122/2010 ART. 6 COMMA 13 - settore 004;exact
DD 5610/2025;098700011001;2025;75.554,00;14;Sviluppo economico e competitività;2;3;COMMERCIO E MERCATI - ACQUISTO DI BENI E SERVIZI - ATTIVITA' DI PROMOZIONE DEL COMMERCIO - SETT. 134;exact
DD 5610/2025;098700013002;2025;25.218,00;14;Sviluppo economico e competitività;2;3;COMMERCIO E MERCATI - ACQUISTO DI BENI E SERVIZI - COMUNICAZIONE WEB - SETT. 134;exact
DD 5617/2025;164150001013;2025;;14;Sviluppo economico e competitività;2;2;APP. AVANZO LEGGE - COMMERCIO - ACQUISTI DI BENI PER LA QUALIFICAZIONE DEI LUOGHI DEL COMMERCIO - VEDASI CAP. 37150000 ENTRATA - settore 016;exact
DD 5628/2025;152000005001;2025;;09;Sviluppo sostenibile e tutela del territorio e dell'ambiente;2;2;APP. AVANZO MUTUI - GRANDI OPERE DEL VERDE-PARCO DORA- SKATEPARK - sett.117;exact
DD 5630/2025;088810001007;2025;551,34;12;Diritti sociali, politiche sociali e famiglia;1;3;LEGGE 285/97 - PROGETTI LEGGE 285/97 - PRESTAZIONI DI SERVIZI - SERVIZI DIVERSI - settore 050;exact
DD 5630/2025;082400068001;2025;8.232,66;06;Politiche giovanili, sport e tempo libero;2;3;LEGGE 285/97 - PROGETTI LEGGE 285/97 - PRESTAZIONI DI SERVIZI - SERVIZI DIVERSI - settore 050;exact
DD 5640/2025;026900003003;2025;12.810,00;01;Servizi istituzionali, generali e di gestione;8;3;SISTEMI INFORMATIVI - ACQUISTO DI SERVIZI - SERVIZI DI SUPPORTO SPECIALISTICO PER LA TRASFORMAZIONE DIGITALE - settore 027;exact
DD 5640/2025;026900003003;2026;34.160,00;01;Servizi istituzionali, generali e di gestione;8;3;SISTEMI INFORMATIVI - ACQUISTO DI SERVIZI - SERVIZI DI SUPPORTO SPECIALISTICO PER LA TRASFORMAZIONE DIGITALE - settore 027;exact
DD 5640/2025;026900003003;2027;34.160,00;01;Servizi istituzionali, generali e di gestione;8;3;SISTEMI INFORMATIVI - ACQUISTO DI SERVIZI - SERVIZI DI SUPPORTO SPECIALISTICO PER LA TRASFORMAZIONE DIGITALE - settore 027;exact
DD 5640/2025;026900003003;2028;8.540,00;01;Servizi istituzionali, generali e di gestione;8;3;SISTEMI INFORMATIVI - ACQUISTO DI SERVIZI - SERVIZI DI SUPPORTO SPECIALISTICO PER LA TRASFORMAZIONE DIGITALE - settore 027;exact
DD 5643/2025;108500002001;2025;60.576,07;01;Servizi istituzionali, generali e di gestione;1;2;ORGANI ISTITUZIONALI PARTECIPAZIONE E DECENTRAMENTO - MANUTENZIONE STRAORDINARIA - settore 030;exact
DD 5644/2025;108500002005;2025;9.422,92;01;Servizi istituzionali, generali e di gestione;1;2;APP. AVANZO MUTUI - ORGANI ISTITUZIONALI PARTECIPAZIONE E DECENTRAMENTO - MANUTENZIONE STRAORDINARIA - settore 030;exact
DD 5648/2025;054200001006;2025;11.346,00;06;Politiche giovanili, sport e tempo libero;1;3;SPORT E TEMPO LIBERO - SPESE GENERALI - MANUTENZIONE E PULIZIA LOCALI - settore 062 - S.R.E. IVA;exact
DD 5685/2025;008600004001;2025;5.795,00;01;Servizi istituzionali, generali e di gestione;3;3;RISORSE FINANZIARIE - ACQUISTO DI SERVIZI - MECCANIZZAZIONE E ASSISTENZA - settore 024;exact
DD 5685/2025;008600004001;2026;23.180,00;01;Servizi istituzionali, generali e di gestione;3;3;RISORSE FINANZIARIE - ACQUISTO DI SERVIZI - MECCANIZZAZIONE E ASSISTENZA - settore 024;exact
DD 5685/2025;008600004001;2027;17.385,00;01;Servizi istituzionali, generali e di gestione;3;3;RISORSE FINANZIARIE - ACQUISTO DI SERVIZI - MECCANIZZAZIONE E ASSISTENZA - settore 024;exact
DD 5723/2025;118630008002;2025;73.647,60;01;Servizi istituzionali, generali e di gestione;8;2;SISTEMI INFORMATIVI - PN METRO PLUS - SERVIZI DIGITALI ALLE IMPRESE - TO1.1.2.1.B - VEDASI CAP.032500002001 ENTRATA - SETT.27;exact
DD 5723/2025;118630008002;2026;42.380,80;01;Servizi istituzionali, generali e di gestione;8;2;SISTEMI INFORMATIVI - PN METRO PLUS - SERVIZI DIGITALI ALLE IMPRESE - TO1.1.2.1.B - VEDASI CAP.032500002001 ENTRATA - SETT.27;exact
DD 5725/2025;006800020001;2025;;01;Servizi istituzionali, generali e di gestione;10;3;PERSONALE - ACQUISTO DI SERVIZI - CONVENZIONI PER LA FORMAZIONE DEI LAVORATORI DELLA PUBBLICA AMMINISTRAZIONE - LEGGE N. 122/2010 ART. 6 COMMA 13 - settore 004;exact
DD 5725/2025;006800020001;2026;500,00;01;Servizi istituzionali, generali e di gestione;10;3;PERSONALE - ACQUISTO DI SERVIZI - CONVENZIONI PER LA FORMAZIONE DEI LAVORATORI DELLA PUBBLICA AMMINISTRAZIONE - LEGGE N. 122/2010 ART. 6 COMMA 13 - settore 004;exact
DD 5731/2025;075900003010;2025;26.500,00;09;Sviluppo sostenibile e tutela del territorio e dell'ambiente;2;3;CIRCOSCRIZIONI COMUNALI - PRESTAZIONI DI SERVIZI - MANUTENZIONE AREE VERDI - settore 088;exact
DD 5731/2025;075900003010;2026;30.000,00;09;Sviluppo sostenibile e tutela del territorio e dell'ambiente;2;3;CIRCOSCRIZIONI COMUNALI - PRESTAZIONI DI SERVIZI - MANUTENZIONE AREE VERDI - settore 088;exact
DD 5731/2025;075900003010;2027;30.000,00;09;Sviluppo sostenibile e tutela del territorio e dell'ambiente;2;3;CIRCOSCRIZIONI COMUNALI - PRESTAZIONI DI SERVIZI - MANUTENZIONE AREE VERDI - settore 088;exact
DD 5751/2025;048800025002;2025;;05;Tutela e valorizzazione dei beni e attività culturali;2;3;APP. AVANZO TR -BIBLIOTECHE CIVICHE.ACQUISTO DI SERVIZI. CONSERVAZIONE, CATALOGAZIONE E DIGITALIZZAZIONE DEL PATRIMONIO BIBLIOGRAFICO E DELLE STAMPE DI INTERESSE CULTURALE.VEDASI 9900058 E-Set.025 1477;exact
DD 5751/2025;048800025001;2025;;05;Tutela e valorizzazione dei beni e attività culturali;2;3;BIBLIOTECHE CIVICHE. ACQUISTO DI SERVIZI. CONSERVAZIONE, CATALOGAZIONE E DIGITALIZZAZIONE DEL PATRIMONIO BIBLIOGRAFICO E DELLE STAMPE DI INTERESSE CULTURALE. VEDASI 9900066 E- Set.025 1565;exact
DD 5791/2025;045800005001;2025;48.660,92;04;Istruzione e diritto allo studio;6;3;ASSISTENZA SCOLASTICA - ACQUISTO DI SERVIZI - PULIZIA EDIFICI SCOLASTICI - Sett. 007;exact
DD 5794/2025;108500002001;2025;52.849,08;01;Servizi istituzionali, generali e di gestione;1;2;ORGANI ISTITUZIONALI PARTECIPAZIONE E DECENTRAMENTO - MANUTENZIONE STRAORDINARIA - settore 030;exact
DD 5798/2025;002610006001;2025;21.100,00;01;Servizi istituzionali, generali e di gestione;11;3;ALTRI SERVIZI GENERALI - ACQUISTO BENI DI CONSUMO - DISPOSITIVI ANTI- COVID - settore 005;exact
DD 5837/2025;132200004003;2025;37.390,56;05;Tutela e valorizzazione dei beni e attività culturali;2;2;PNRR M5C2-I2.2 CUP C14H22000020006 PIU A2 -ACQUISTO ATTREZZATURE INFORMATICHE, IMPIANTI AUDIOVISIVI E SISTEMA DI VIDEOSORVEGLIANZA PER LE BIBLIOTECHE CIVICHE TORINESI - VED. CAP. 31520008 E. - S. 25;exact
DD 5844/2025;060500009002;2025;9.296,40;07;Turismo;1;3;TURISMO - ACQUISTO DI BENI E SERVIZI - INIZIATIVE E MANIFESTAZIONI NAZIONALI ED INTERNAZIONALI ANCHE A RILIEVO TURISTICO - sett.0 69;exact
DD 5854/2025;033900001018;2026;24.339,00;03;Ordine pubblico e sicurezza;1;3;POLIZIA LOCALE E AMMINISTRATIVA - SPESE GENERALI - SPESE DI FUNZIONAMENTO - MANUTENZIONE ORDINARIA E RIPARAZIONI DI ATTREZZATURE - settore 048;exact
DD 5854/2025;033900001018;2027;24.339,00;03;Ordine pubblico e sicurezza;1;3;POLIZIA LOCALE E AMMINISTRATIVA - SPESE GENERALI - SPESE DI FUNZIONAMENTO - MANUTENZIONE ORDINARIA E RIPARAZIONI DI ATTREZZATURE - settore 048;exact
DD 5859/2025;002610003001;2025;3.586,80;01;Servizi istituzionali, generali e di gestione;11;3;ALTRI SERVIZI GENERALI - ACQUISTO BENI DI CONSUMO - ACQUISTO MATERIALI DI CONSUMO - MODULISTICA VARIA - settore 005;exact
DD 5891/2025;163450002001;2025;9.460,05;01;Servizi istituzionali, generali e di gestione;6;2;EDILIZIA SCOLASTICA - ACQUISTO APPARECCHIATURE SPECIALISTICHE - sett. 031;exact
DD 5894/2025;163400125001;2025;10.187,00;01;Servizi istituzionali, generali e di gestione;6;2;EDILIZIA SCOLASTICA - ACQUISTO SOFTWARE - sett. 031;exact
DD 5898/2025;088810001009;2025;2.272,00;12;Diritti sociali, politiche sociali e famiglia;1;3;LEGGE 285/97 - PROGETTI LEGGE 285/97 - PRESTAZIONI DI SERVIZI - SERVIZI DIVERSI - settore 007;exact
DD 5898/2025;088810001009;2026;3.408,00;12;Diritti sociali, politiche sociali e famiglia;1;3;LEGGE 285/97 - PROGETTI LEGGE 285/97 - PRESTAZIONI DI SERVIZI - SERVIZI DIVERSI - settore 007;exact
DD 5899/2025;080200009001;2025;15.983,76;12;Diritti sociali, politiche sociali e famiglia;1;3;ASILI NIDO ED INTERVENTI INNOVATIVI PER LA PRIMA INFANZIA - ACQUISTO DI SERVIZI - NIDI E SERVIZI CONVENZIONATI - S.R.E. IVA - settore 007;exact
DD 5899/2025;080200009001;2026;35.963,46;12;Diritti sociali, politiche sociali e famiglia;1;3;ASILI NIDO ED INTERVENTI INNOVATIVI PER LA PRIMA INFANZIA - ACQUISTO DI SERVIZI - NIDI E SERVIZI CONVENZIONATI - S.R.E. IVA - settore 007;exact
DD 5899/2025;080200009001;2027;13.985,79;12;Diritti sociali, politiche sociali e famiglia;1;3;ASILI NIDO ED INTERVENTI INNOVATIVI PER LA PRIMA INFANZIA - ACQUISTO DI SERVIZI - NIDI E SERVIZI CONVENZIONATI - S.R.E. IVA - settore 007;exact
DD 5915/2025;080200009001;2025;15.863,76;12;Diritti sociali, politiche sociali e famiglia;1;3;ASILI NIDO ED INTERVENTI INNOVATIVI PER LA PRIMA INFANZIA - ACQUISTO DI SERVIZI - NIDI E SERVIZI CONVENZIONATI - S.R.E. IVA - settore 007;exact
DD 5915/2025;080200009001;2026;35.693,46;12;Diritti sociali, politiche sociali e famiglia;1;3;ASILI NIDO ED INTERVENTI INNOVATIVI PER LA PRIMA INFANZIA - ACQUISTO DI SERVIZI - NIDI E SERVIZI CONVENZIONATI - S.R.E. IVA - settore 007;exact
DD 5915/2025;080200009001;2027;13.880,79;12;Diritti sociali, politiche sociali e famiglia;1;3;ASILI NIDO ED INTERVENTI INNOVATIVI PER LA PRIMA INFANZIA - ACQUISTO DI SERVIZI - NIDI E SERVIZI CONVENZIONATI - S.R.E. IVA - settore 007;exact
DD 5922/2025;026900003001;2025;;01;Servizi istituzionali, generali e di gestione;8;3;SISTEMI INFORMATIVI - ACQUISTO DI SERVIZI - SISTEMA INFORMATIVO COMUNALE - settore 027;exact
DD 5974/2025;098700013003;2025;9.265,90;14;Sviluppo economico e competitività;2;3;COMMERCIO E MERCATI - ACQUISTO DI BENI E SERVIZI - SPAZI PUBLICITARI TV RADIO WEB CARTA STAMPATA - SETT. 134;exact
DD 5975/2025;098700013003;2025;18.495,20;14;Sviluppo economico e competitività;2;3;COMMERCIO E MERCATI - ACQUISTO DI BENI E SERVIZI - SPAZI PUBLICITARI TV RADIO WEB CARTA STAMPATA - SETT. 134;exact
DD 5996/2025;118630001001;2025;94,87;01;Servizi istituzionali, generali e di gestione;8;3;SISTEMI INFORMATIVI - CONTRIBUTI AGLI INVESTIMENTI PER SISTEMA INFORMATIVO - settore 027;exact
DD 5998/2025;028300012002;2025;20.000,00;01;Servizi istituzionali, generali e di gestione;1;3;SISTEMA SICUREZZA E PRONTO INTERVENTO - PRESTAZIONE DI SERVIZI - SMONTAGGIO, RIMOZIONE E TRASPORTO DEHORS - SETT. 111;exact
DD 5998/2025;028300012002;2026;20.000,00;01;Servizi istituzionali, generali e di gestione;1;3;SISTEMA SICUREZZA E PRONTO INTERVENTO - PRESTAZIONE DI SERVIZI - SMONTAGGIO, RIMOZIONE E TRASPORTO DEHORS - SETT. 111;exact
DD 5998/2025;018940001006;2026;7.825,22;01;Servizi istituzionali, generali e di gestione;6;3;SISTEMA SICUREZZA E PRONTO INTERVENTO - PRESTAZIONI DI SERVIZI - MANUTENZIONE E PULIZIA LOCALI - settore 111;exact
DD 6011/2025;046150009001;2025;21.450,00;04;Istruzione e diritto allo studio;6;3;PROGETTI EDUCATIVI - PRESTAZIONI DI SERVIZI - TRASPORTI - S.R.E. IVA - settore 007 - R.IVA;exact
DD 6015/2025;068300011001;2026;226.820,64;08;Assetto del territorio ed edilizia abitativa;1;3;URBANISTICA - ACQUISTO DI SERVIZI - ATTIVITA' DI REVSIONE PRG - VEDASI CAP. 015100079 ENTRATA - Sett. 125;exact
DD 6073/2025;063320005002;2025;65.281,22;09;Sviluppo sostenibile e tutela del territorio e dell'ambiente;1;3;PONTI - VIE D'ACQUA - INFRASTRUTTURE - ACQUISTO DI BENI E SERVIZI - ALTRE PRESTAZIONI PROFESSIONALI - settore 034;exact
DD 6120/2025;098700011001;2025;25.803,00;14;Sviluppo economico e competitività;2;3;COMMERCIO E MERCATI - ACQUISTO DI BENI E SERVIZI - ATTIVITA' DI PROMOZIONE DEL COMMERCIO - SETT. 134;exact
DD 6184/2025;018300001002;2025;39.598,93;01;Servizi istituzionali, generali e di gestione;6;3;EDILIZIA SCOLASTICA - ACQUISTO DI SERVIZI - INCARICHI DI PROGETTAZIONE - settore 031;exact
DD 6255/2025;002610005001;2025;1.234,03;01;Servizi istituzionali, generali e di gestione;11;3;ALTRI SERVIZI GENERALI - ACQUISTO BENI DI CONSUMO - ACQUISTO MATERIALI DI CONSUMO - MATERIALE VARIO - settore 005;exact
DD 6276/2025;126100010001;2025;3.068,30;04;Istruzione e diritto allo studio;1;2;PNRR M4 C1 -11.1 - CUP. C11B21002270001 SCUOLE MATERNE - COSTR. POLI INFANZIA 0-6 EX ART. 1 C.59 L.27/12/19 N. 160 - DPCM 30/12/20 - CSO MASSIMO VEDASI CAP.31520011-32470001 ENTRATA Sett. 31;exact
DD 6276/2025;153200005001;2025;3.068,30;12;Diritti sociali, politiche sociali e famiglia;1;2;PNRR M4 C1-11.1 - CUP. C11B21002270001 ASILI NIDO - COSTRUZ POLI INFANZIA 0-6 EX ART. 1 C.59 L.27/12/19 N. 160 - DPCM 30/12/20 -CSO MASSIMO VED CAP. 31520011-32470001 EN - S.R.E. IVA - Sett. 31;exact
DD 6277/2025;026900003001;2025;109.707,14;01;Servizi istituzionali, generali e di gestione;8;3;SISTEMI INFORMATIVI - ACQUISTO DI SERVIZI - SISTEMA INFORMATIVO COMUNALE - settore 027;exact
DD 6296/2025;152000021003;2025;;09;Sviluppo sostenibile e tutela del territorio e dell'ambiente;2;2;APP. AVANZO TRASFERIMENTI - GRANDI OPERE DEL VERDE-PROG. OPERATIVO BONIFICA E MESSA IN SIC. PERMAN. EX CAMPO NOMADI ARRIVORE - INTERVENTI SU SITI ORFANI EX DM 269/2000 - VEDASI CAP. 34410004-34900002 E;exact
DD 6296/2025;152000021001;2025;;09;Sviluppo sostenibile e tutela del territorio e dell'ambiente;2;2;GRANDI OPERE DEL VERDE-PROGETTO OPERATIVO BONIFICA E MESSA IN SICUREZZA PERMANENTE EX CAMPO NOMADI ARRIVORE - INTERVENTI SU SITI ORFANI EX DM 269/2000 - VEDASI CAP.34410004-34900002 ENTRATA - SET 117;exact
DD 6304/2025;132500002002;2025;6.389,23;05;Tutela e valorizzazione dei beni e attività culturali;1;2;BIBLIOTECHE MUSEI E PINACOTECHE - MANUTENZIONE STRAORDINARIA E RESTAURI - settore 060;exact
DD 6312/2025;075900001004;2025;350,77;09;Sviluppo sostenibile e tutela del territorio e dell'ambiente;2;3;CIRCOSCRIZIONI COMUNALI - PRESTAZIONI DI SERVIZI - TUTELA E VALORIZZAZIONE DELL'AMBIENTE URBANO E DEL SUOLO - settore 084;exact
DD 6312/2025;075900001004;2025;87,69;09;Sviluppo sostenibile e tutela del territorio e dell'ambiente;2;3;CIRCOSCRIZIONI COMUNALI - PRESTAZIONI DI SERVIZI - TUTELA E VALORIZZAZIONE DELL'AMBIENTE URBANO E DEL SUOLO - settore 084;exact
DD 6314/2025;034300028001;2025;;03;Ordine pubblico e sicurezza;2;3;POLIZIA MUNICIPALE - PRESTAZIONI DI SERVIZI - LICENZE SOFTWARE - SETT. 048;exact
DD 6314/2025;034300010001;2025;;03;Ordine pubblico e sicurezza;1;3;P0LIZIA MUNICIPALE - PRESTAZIONI DI SERVIZI - FORMAZIONE AGGIORNAMENTO PERSONALE POLIZIA MUNICIPALE ED EDUCAZIONE - LEGGE N. 122/2010 ART. 6 COMMA 13 - settore 048;exact
DD 6326/2025;057200007002;2025;22.000,00;06;Politiche giovanili, sport e tempo libero;1;3;CENTRI SPORTIVI - ACQUISTO DI BENI E SERVIZI - ALTRE PRESTAZIONI PROFESSIONALI - S.R.E. IVA- settore 010;exact
DD 6341/2025;046150024001;2025;3.156,75;04;Istruzione e diritto allo studio;6;10;PROGETTI EDUCATIVI - PRESTAZIONI DI SERVIZI - QUOTE ASSICURATIVE - ATTIVITA' EDUCATIVE - settore 007;exact
DD 6394/2025;136100012001;2025;4.453,49;06;Politiche giovanili, sport e tempo libero;1;2;CENTRI SPORTIVI - ACQUISTO MATERIALE VARIO - S.R.E. IVA - Sett. 10 - R. IVA;exact
DD 6394/2025;055900005001;2025;2.145,32;06;Politiche giovanili, sport e tempo libero;1;3;CENTRI SPORTIVI - ACQUISTO DI BENI E DI MATERIALE VARIO PER IMPIANTI SPORTIVI A GESTIONE DIRETTA DELL'AREA SPORT E TEMPO LIBERO - S.R.E. IVA - Settore 010;exact
DD 6404/2025;003850006001;2025;17.080,00;01;Servizi istituzionali, generali e di gestione;11;3;GABINETTO DEL SINDACO - COMUNICAZIONE ISTITUZIONALE ED INFORMAZIONE - PRESTAZIONI DI SERVIZI - SPESE PER LA COMUNICAZIONE - settore 001;exact
DD 6407/2025;051400010003;2025;4.400,00;05;Tutela e valorizzazione dei beni e attività culturali;2;3;CULTURA - PRESTAZIONI DI SERVIZI - SERVIZI PER INIZIATIVE CULTURALI - settore 065;exact
DD 6407/2025;051400014002;2025;;05;Tutela e valorizzazione dei beni e attività culturali;2;3;CULTURA - PRESTAZIONI DI SERVIZI - INIZIATIVE VARIE DI CARATTERE INTERCULTURALE - VEDASI CAP. 15000006 ENTRATA - settore 045;exact
DD 6407/2025;051400014002;2026;;05;Tutela e valorizzazione dei beni e attività culturali;2;3;CULTURA - PRESTAZIONI DI SERVIZI - INIZIATIVE VARIE DI CARATTERE INTERCULTURALE - VEDASI CAP. 15000006 ENTRATA - settore 045;exact
DD 6409/2025;098700011002;2025;30.500,00;14;Sviluppo economico e competitività;2;3;COMMERCIO E MERCATI - ACQUISTO DI BENI E SERVIZI - ATTIVITA' DI PROMOZIONE DEL COMMERCIO - SETT. 134;exact
DD 6434/2025;080200013001;2025;17.138,15;12;Diritti sociali, politiche sociali e famiglia;1;3;ASILI NIDO ED INTERVENTI INNOVATIVI PER LA PRIMA INFANZIA - ACQUISTO DI SERVIZI - GESTIONE ESTERNA NIDI - SPESE VARIE - SRE IVA - settore 007;exact
DD 6434/2025;080200013001;2026;57.967,25;12;Diritti sociali, politiche sociali e famiglia;1;3;ASILI NIDO ED INTERVENTI INNOVATIVI PER LA PRIMA INFANZIA - ACQUISTO DI SERVIZI - GESTIONE ESTERNA NIDI - SPESE VARIE - SRE IVA - settore 007;exact
DD 6487/2025;018300001002;2025;61.156,16;01;Servizi istituzionali, generali e di gestione;6;3;EDILIZIA SCOLASTICA - ACQUISTO DI SERVIZI - INCARICHI DI PROGETTAZIONE - settore 031;exact
DD 6488/2025;108500004001;2026;342.450,46;01;Servizi istituzionali, generali e di gestione;1;2;ORGANI ISTITUZIONALI PARTECIPAZIONE E DECENTRAMENTO - CASERME E COMMISSARIATI - MANUTENZIONE STRAORDINARIA - settore 030;exact
DD 6488/2025;123100002001;2026;397.886,00;03;Ordine pubblico e sicurezza;1;2;POLIZIA MUNICIPALE - MANUTENZIONE STRAORDINARIA - settore 030;exact
DD 6503/2025;026900003001;2025;35.732,44;01;Servizi istituzionali, generali e di gestione;8;3;SISTEMI INFORMATIVI - ACQUISTO DI SERVIZI - SISTEMA INFORMATIVO COMUNALE - settore 027;exact
DD 6586/2025;003500002001;2025;6.670,00;01;Servizi istituzionali, generali e di gestione;1;3;GABINETTO DEL SINDACO - COORD. AMM.VO - RAPPORTI CON LE ASSOCIAZIONI E CERIMONIALE - ACQUISTO DI BENI E SERVIZI - SPESE PER OSPITALITA' E ACCOGLIENZA - Set. 001;exact
DD 6643/2025;098700011001;2025;18.300,00;14;Sviluppo economico e competitività;2;3;COMMERCIO E MERCATI - ACQUISTO DI BENI E SERVIZI - ATTIVITA' DI PROMOZIONE DEL COMMERCIO - SETT. 134;exact
DD 6650/2025;097500005003;2025;8.000,00;14;Sviluppo economico e competitività;3;3;APP. AVANZO TRASFERIMENTI - FONDI EUROPEI - ACQUISTO DI BENI E SERVIZI - PROGETTO 5G4LIVES - VEDASI CAP. 012700003 ENTRATA - SETT 068;exact
DD 6650/2025;097500010001;2025;5.000,00;14;Sviluppo economico e competitività;3;3;FONDI EUROPEI - ACQUISTO DI BENI E SERVIZI - PROGETTO AMAZING 6G - VEDASI CAP. 12700007 ENTRATA - sett. 068;exact
DD 6650/2025;075000003001;2025;5.000,00;09;Sviluppo sostenibile e tutela del territorio e dell'ambiente;2;3;FONDI EUROPEI - ACQUISTO DI BENI E SERVIZI - PROGETTO CLIMAGEN - VEDASI CAP. 12500081 ENTRATA 1585;exact
DD 6650/2025;075000003001;2026;5.000,00;09;Sviluppo sostenibile e tutela del territorio e dell'ambiente;2;3;FONDI EUROPEI - ACQUISTO DI BENI E SERVIZI - PROGETTO CLIMAGEN - VEDASI CAP. 12500081 ENTRATA 1585;exact
DD 6650/2025;075000003001;2027;5.000,00;09;Sviluppo sostenibile e tutela del territorio e dell'ambiente;2;3;FONDI EUROPEI - ACQUISTO DI BENI E SERVIZI - PROGETTO CLIMAGEN - VEDASI CAP. 12500081 ENTRATA 1585;exact
DD 6650/2025;097500007002;2025;10.000,00;14;Sviluppo economico e competitività;3;3;APP. AVANZO TRASFERIMENTI - FONDI EUROPEI - ACQUISTO DI BENI E SERVIZI - PROGETTO ENVELOPE - VEDASI CAP. 12700004001 ENTRATA Sett. 068;exact
DD 6650/2025;097500009003;2025;2.000,00;14;Sviluppo economico e competitività;3;3;APP. AVANZO TRASFERIMENTI - FONDI EUROPEI - ACQUISTO DI BENI E SERVIZI - PROGETTO SPOON VEDASI CAP. 12700006 ENTRATA - Sett.068 - 1570;exact
DD 6650/2025;097200041004;2025;16.500,00;14;Sviluppo economico e competitività;3;3;APP. AVANZO TRASFERIMENTI - INNOVAZIONE FONDI EUROPEI - ACQUISTO DI BENI E SERVIZI - PROGETTO TIPS4PED - VEDASI CAP. 012500075 ENTRATA - sett. 068;exact
DD 6650/2025;077260002001;2025;3.000,00;09;Sviluppo sostenibile e tutela del territorio e dell'ambiente;1;3;FONDI EUROPEI - ACQUISTO DI BENI E SERVIZI - PROGETTO URSOILL - VEDASI CAP. 012700011 ENTRATA - sett. 068;exact
DD 6650/2025;097500012001;2025;1.000,00;14;Sviluppo economico e competitività;3;3;FONDI EUROPEI - PRESTAZIONI DI SERVIZI - PROGETTO EUROPEO PROSECO - VEDASI CAP. 12700010 ENTRATA - sett.068;exact
DD 6650/2025;097500012001;2026;2.000,00;14;Sviluppo economico e competitività;3;3;FONDI EUROPEI - PRESTAZIONI DI SERVIZI - PROGETTO EUROPEO PROSECO - VEDASI CAP. 12700010 ENTRATA - sett.068;exact
DD 6650/2025;097500012001;2027;2.000,00;14;Sviluppo economico e competitività;3;3;FONDI EUROPEI - PRESTAZIONI DI SERVIZI - PROGETTO EUROPEO PROSECO - VEDASI CAP. 12700010 ENTRATA - sett.068;exact
DD 6650/2025;097200045001;2025;2.000,00;14;Sviluppo economico e competitività;3;3;FONDI EUROPEI - PRESTAZIONI DI SERVIZI - PROGETTO EURIOPEO SEED2SCALE - VEDASI CAP. 125020080 ENTRATA - 068;exact
DD 6650/2025;097200045001;2026;2.000,00;14;Sviluppo economico e competitività;3;3;FONDI EUROPEI - PRESTAZIONI DI SERVIZI - PROGETTO EURIOPEO SEED2SCALE - VEDASI CAP. 125020080 ENTRATA - 068;exact
DD 6650/2025;097200043001;2025;9.000,00;14;Sviluppo economico e competitività;3;3;FONDI EUROPEI - PRESTAZIONI DI SERVIZI NEBA INTERREG EUROPE -CUP C19G24000000006 - VEDASI CAP.012500077 -Sett. 068 1531;exact
DD 6650/2025;097200043001;2026;2.300,00;14;Sviluppo economico e competitività;3;3;FONDI EUROPEI - PRESTAZIONI DI SERVIZI NEBA INTERREG EUROPE -CUP C19G24000000006 - VEDASI CAP.012500077 -Sett. 068 1531;exact
DD 6650/2025;097200038001;2025;3.000,00;14;Sviluppo economico e competitività;3;3;INNOVAZIONE FONDI EUROPEI - PRESTAZIONI DI SERVIZI - PROGETTO EUROPEO COFARM4CITIES - VEDASI CAP. 12500070001 ENTRATA - settore 068;exact
DD 6660/2025;075000003001;2025;2.500,00;09;Sviluppo sostenibile e tutela del territorio e dell'ambiente;2;3;FONDI EUROPEI - ACQUISTO DI BENI E SERVIZI - PROGETTO CLIMAGEN - VEDASI CAP. 12500081 ENTRATA 1585;exact
DD 6660/2025;075000003001;2026;5.000,00;09;Sviluppo sostenibile e tutela del territorio e dell'ambiente;2;3;FONDI EUROPEI - ACQUISTO DI BENI E SERVIZI - PROGETTO CLIMAGEN - VEDASI CAP. 12500081 ENTRATA 1585;exact
DD 6660/2025;075000003001;2027;5.000,00;09;Sviluppo sostenibile e tutela del territorio e dell'ambiente;2;3;FONDI EUROPEI - ACQUISTO DI BENI E SERVIZI - PROGETTO CLIMAGEN - VEDASI CAP. 12500081 ENTRATA 1585;exact
DD 6660/2025;097500007002;2025;10.000,00;14;Sviluppo economico e competitività;3;3;APP. AVANZO TRASFERIMENTI - FONDI EUROPEI - ACQUISTO DI BENI E SERVIZI - PROGETTO ENVELOPE - VEDASI CAP. 12700004001 ENTRATA Sett. 068;exact
DD 6660/2025;097500009003;2025;2.759,00;14;Sviluppo economico e competitività;3;3;APP. AVANZO TRASFERIMENTI - FONDI EUROPEI - ACQUISTO DI BENI E SERVIZI - PROGETTO SPOON VEDASI CAP. 12700006 ENTRATA - Sett.068 - 1570;exact
DD 6660/2025;097200041004;2025;2.500,00;14;Sviluppo economico e competitività;3;3;APP. AVANZO TRASFERIMENTI - INNOVAZIONE FONDI EUROPEI - ACQUISTO DI BENI E SERVIZI - PROGETTO TIPS4PED - VEDASI CAP. 012500075 ENTRATA - sett. 068;exact
DD 6660/2025;077260002001;2025;3.000,00;09;Sviluppo sostenibile e tutela del territorio e dell'ambiente;1;3;FONDI EUROPEI - ACQUISTO DI BENI E SERVIZI - PROGETTO URSOILL - VEDASI CAP. 012700011 ENTRATA - sett. 068;exact
DD 6660/2025;097250024001;2025;3.300,00;14;Sviluppo economico e competitività;3;3;FONDI EUROPEI - ACQUISTO DI BENI E SERVIZI - PROGETTO 2NITE - VEDASI CAP. 12700005 ENTRATA - SETT. 068;exact
DD 6660/2025;097250024001;2026;3.300,00;14;Sviluppo economico e competitività;3;3;FONDI EUROPEI - ACQUISTO DI BENI E SERVIZI - PROGETTO 2NITE - VEDASI CAP. 12700005 ENTRATA - SETT. 068;exact
DD 6660/2025;097500012001;2025;1.800,00;14;Sviluppo economico e competitività;3;3;FONDI EUROPEI - PRESTAZIONI DI SERVIZI - PROGETTO EUROPEO PROSECO - VEDASI CAP. 12700010 ENTRATA - sett.068;exact
DD 6660/2025;097500012001;2026;3.600,00;14;Sviluppo economico e competitività;3;3;FONDI EUROPEI - PRESTAZIONI DI SERVIZI - PROGETTO EUROPEO PROSECO - VEDASI CAP. 12700010 ENTRATA - sett.068;exact
DD 6660/2025;097200045001;2025;2.500,00;14;Sviluppo economico e competitività;3;3;FONDI EUROPEI - PRESTAZIONI DI SERVIZI - PROGETTO EURIOPEO SEED2SCALE - VEDASI CAP. 125020080 ENTRATA - 068;exact
DD 6660/2025;097200045001;2026;2.000,00;14;Sviluppo economico e competitività;3;3;FONDI EUROPEI - PRESTAZIONI DI SERVIZI - PROGETTO EURIOPEO SEED2SCALE - VEDASI CAP. 125020080 ENTRATA - 068;exact
DD 6660/2025;097200043001;2025;9.000,00;14;Sviluppo economico e competitività;3;3;FONDI EUROPEI - PRESTAZIONI DI SERVIZI NEBA INTERREG EUROPE -CUP C19G24000000006 - VEDASI CAP.012500077 -Sett. 068 1531;exact
DD 6660/2025;097200043001;2026;1.000,00;14;Sviluppo economico e competitività;3;3;FONDI EUROPEI - PRESTAZIONI DI SERVIZI NEBA INTERREG EUROPE -CUP C19G24000000006 - VEDASI CAP.012500077 -Sett. 068 1531;exact
DD 6660/2025;097200043001;2027;3.000,00;14;Sviluppo economico e competitività;3;3;FONDI EUROPEI - PRESTAZIONI DI SERVIZI NEBA INTERREG EUROPE -CUP C19G24000000006 - VEDASI CAP.012500077 -Sett. 068 1531;exact
DD 6660/2025;034300038001;2025;3.000,00;03;Ordine pubblico e sicurezza;2;3;POLIZIA LOCALE - PRESTAZIONI DI SERVIZI - PROGETTO EUROPEO PACTESUR II - VEDASI CAP. 12500073001 ENTRATA - sett. 068;exact
DD 6660/2025;097200038001;2025;3.000,00;14;Sviluppo economico e competitività;3;3;INNOVAZIONE FONDI EUROPEI - PRESTAZIONI DI SERVIZI - PROGETTO EUROPEO COFARM4CITIES - VEDASI CAP. 12500070001 ENTRATA - settore 068;exact
DD 6663/2025;033900001018;2026;3.050,00;03;Ordine pubblico e sicurezza;1;3;POLIZIA LOCALE E AMMINISTRATIVA - SPESE GENERALI - SPESE DI FUNZIONAMENTO - MANUTENZIONE ORDINARIA E RIPARAZIONI DI ATTREZZATURE - settore 048;exact
DD 6663/2025;033900001018;2027;3.050,00;03;Ordine pubblico e sicurezza;1;3;POLIZIA LOCALE E AMMINISTRATIVA - SPESE GENERALI - SPESE DI FUNZIONAMENTO - MANUTENZIONE ORDINARIA E RIPARAZIONI DI ATTREZZATURE - settore 048;exact
DD 6711/2025;002610006001;2025;3.716,36;01;Servizi istituzionali, generali e di gestione;11;3;ALTRI SERVIZI GENERALI - ACQUISTO BENI DI CONSUMO - DISPOSITIVI ANTI- COVID - settore 005;exact
DD 6739/2025;098700011001;2025;1.830,00;14;Sviluppo economico e competitività;2;3;COMMERCIO E MERCATI - ACQUISTO DI BENI E SERVIZI - ATTIVITA' DI PROMOZIONE DEL COMMERCIO - SETT. 134;exact
DD 6769/2025;006800018001;2025;;01;Servizi istituzionali, generali e di gestione;10;3;PERSONALE - ACQUISTO DI SERVIZI - AGGIORNAMENTO E FORMAZIONE DEI LAVORATORI DELLA PUBBLICA AMMINISTRAZIONE - LEGGE N. 122/2010 ART. 6 COMMA 13 - settore 004;exact
DD 6786/2025;086300038001;2025;4.021,12;12;Diritti sociali, politiche sociali e famiglia;4;3;SERVIZI SOCIALI - PRESTAZIONI DI SERVIZI - PROGETTO SPECIALI F.A.M.I. - VEDASI CAP. 6620001 entrata - sett. 19;exact
DD 6786/2025;086300038001;2026;24.060,80;12;Diritti sociali, politiche sociali e famiglia;4;3;SERVIZI SOCIALI - PRESTAZIONI DI SERVIZI - PROGETTO SPECIALI F.A.M.I. - VEDASI CAP. 6620001 entrata - sett. 19;exact
DD 6814/2025;097500011001;2025;39.100,00;14;Sviluppo economico e competitività;3;3;FONDI EUROPEI - ACQUISTO DI BENI E SERVIZI - PROGETTO iCAPITAL - VEDASI CAP. 12700008 ENTRATA - sett. 068;exact
DD 6866/2025;078630003001;2025;;01;Servizi istituzionali, generali e di gestione;6;3;GESTIONE GRANDI OPERE - PRESTAZIONI DI SERVIZI - INCARICHI E SERVIZI PROFESSIONALI - settore 117;exact
DD 6880/2025;033900001018;2026;30.500,00;03;Ordine pubblico e sicurezza;1;3;POLIZIA LOCALE E AMMINISTRATIVA - SPESE GENERALI - SPESE DI FUNZIONAMENTO - MANUTENZIONE ORDINARIA E RIPARAZIONI DI ATTREZZATURE - settore 048;exact
DD 6880/2025;033900001018;2027;30.500,00;03;Ordine pubblico e sicurezza;1;3;POLIZIA LOCALE E AMMINISTRATIVA - SPESE GENERALI - SPESE DI FUNZIONAMENTO - MANUTENZIONE ORDINARIA E RIPARAZIONI DI ATTREZZATURE - settore 048;exact
DD 6923/2025;001500002003;2025;58.364,80;01;Servizi istituzionali, generali e di gestione;11;3;DECENTRAMENTO E COORDINAMENTO CIRCOSCRIZIONI - PRESTAZIONI DI SERVIZI - Piano PEBA - settore 094;exact
DD 6923/2025;001500002003;2026;65.977,60;01;Servizi istituzionali, generali e di gestione;11;3;DECENTRAMENTO E COORDINAMENTO CIRCOSCRIZIONI - PRESTAZIONI DI SERVIZI - Piano PEBA - settore 094;exact
DD 6950/2025;033900001018;2026;24.278,00;03;Ordine pubblico e sicurezza;1;3;POLIZIA LOCALE E AMMINISTRATIVA - SPESE GENERALI - SPESE DI FUNZIONAMENTO - MANUTENZIONE ORDINARIA E RIPARAZIONI DI ATTREZZATURE - settore 048;exact
DD 6950/2025;033900001018;2027;24.278,00;03;Ordine pubblico e sicurezza;1;3;POLIZIA LOCALE E AMMINISTRATIVA - SPESE GENERALI - SPESE DI FUNZIONAMENTO - MANUTENZIONE ORDINARIA E RIPARAZIONI DI ATTREZZATURE - settore 048;exact
DD 6979/2025;118800000008;2025;5.846,24;01;Servizi istituzionali, generali e di gestione;8;2;APP. AVANZO ACCANTONAMENTI 1526 - ACQUISTO ATTREZZATURE TECNOLOGICHE HARDWARE SISTEMI DI TELECOMUNICAZIONE E SICUREZZA - settore 027;exact
DD 6991/2025;086300038001;2025;20.000,00;12;Diritti sociali, politiche sociali e famiglia;4;3;SERVIZI SOCIALI - PRESTAZIONI DI SERVIZI - PROGETTO SPECIALI F.A.M.I. - VEDASI CAP. 6620001 entrata - sett. 19;exact
DD 7001/2025;078400001007;2025;24.400,00;09;Sviluppo sostenibile e tutela del territorio e dell'ambiente;2;3;APP. AVANZO TRASFERIMENTI 1624 - VERDE PUBBLICO - ACQUISTO DI SERVIZI - LAVORI E MANUTENZIONI - settore 046;exact
DD 7001/2025;078400001007;2025;36.600,00;09;Sviluppo sostenibile e tutela del territorio e dell'ambiente;2;3;APP. AVANZO TRASFERIMENTI 1624 - VERDE PUBBLICO - ACQUISTO DI SERVIZI - LAVORI E MANUTENZIONI - settore 046;exact
DD 7004/2025;026900003001;2025;68.684,85;01;Servizi istituzionali, generali e di gestione;8;3;SISTEMI INFORMATIVI - ACQUISTO DI SERVIZI - SISTEMA INFORMATIVO COMUNALE - settore 027;exact
DD 7006/2025;026900003001;2025;20.746,28;01;Servizi istituzionali, generali e di gestione;8;3;SISTEMI INFORMATIVI - ACQUISTO DI SERVIZI - SISTEMA INFORMATIVO COMUNALE - settore 027;exact
DD 7049/2025;018300001002;2025;27.147,57;01;Servizi istituzionali, generali e di gestione;6;3;EDILIZIA SCOLASTICA - ACQUISTO DI SERVIZI - INCARICHI DI PROGETTAZIONE - settore 031;exact
DD 7066/2025;140800004001;2026;100.000,00;10;Trasporti e diritto alla mobilità;5;2;SUOLO E PARCHEGGI- POC METRO - PEDONALIZZAZIONE E RIQUALIFICAZIONE DELLA VIA COAZZE COMPRESA TRA VIA ALMESE E VIA SAFFI - VEDASI CAP. 032500010 ENTRATA - sett. 033;exact
DD 7090/2025;051400010005;2025;94.550,00;05;Tutela e valorizzazione dei beni e attività culturali;2;3;CULTURA - PRESTAZIONI DI SERVIZI - SERVIZI PER INIZIATIVE CULTURALI - settore 065;exact
DD 7090/2025;051400010005;2026;3.050,00;05;Tutela e valorizzazione dei beni e attività culturali;2;3;CULTURA - PRESTAZIONI DI SERVIZI - SERVIZI PER INIZIATIVE CULTURALI - settore 065;exact
DD 7115/2025;033820001002;2025;;03;Ordine pubblico e sicurezza;1;3;POLIZIA MUNICIPALE - ACQUISTO BENI DI CONSUMO - FORNITURE VESTIARIO E CALZATURE - settore 048;exact
DD 7119/2025;116300002002;2025;24.800,01;01;Servizi istituzionali, generali e di gestione;11;2;GESTIONE PARCO VEICOLI - MAGAZZINI E AUTORIMESSE - ACQUISTI - AUTOVEICOLI MOTOVEICOLI BICICLETTE ED ATTREZZATURE MECCANICHE VARIE - settore 055;exact
DD 712/2025;140380103001;;92.619,60;10;Trasporti e diritto alla mobilità;5;2;MANUTENZIONE STRAORDINARIA SUOLO - ATTRAVERSAMENTI PEDONALI VALLETTE - Settore 033;exact
DD 713/2025;026900008001;2025;;01;Servizi istituzionali, generali e di gestione;8;3;SISTEMI INFORMATIVI - ACQUISTO DI SERVIZI - SERVIZI DI ENDPOINT MANAGEMENT ASSISTENZA PDL - settore 027;exact
DD 7134/2025;078400001001;2025;2.287,00;09;Sviluppo sostenibile e tutela del territorio e dell'ambiente;2;3;VERDE PUBBLICO - ACQUISTO DI SERVIZI - LAVORI E MANUTENZIONI - settore 046;exact
DD 7134/2025;078400009001;2025;5.942,60;09;Sviluppo sostenibile e tutela del territorio e dell'ambiente;2;3;VERDE PUBBLICO - ACQUISTO DI SERVIZI - MANUTENZIONI URGENTI A SALVAGUARDIA DI ALBERATE ED AREE VERDI - settore 046;exact
DD 714/2025;003610002001;2025;169.287,20;01;Servizi istituzionali, generali e di gestione;1;3;GABINETTO DEL SINDACO - COORD. ATTIVITA' DI SUPPORTO AL CAPO GABINETTO - LOOK E SPONSORIZZAZIONI DELLA CITTA' - ATTIVITA' PROMOZIONALI URBANA DI LOOK E VARIE - settore 001;exact
DD 714/2025;003610002001;2025;1.889,82;01;Servizi istituzionali, generali e di gestione;1;3;GABINETTO DEL SINDACO - COORD. ATTIVITA' DI SUPPORTO AL CAPO GABINETTO - LOOK E SPONSORIZZAZIONI DELLA CITTA' - ATTIVITA' PROMOZIONALI URBANA DI LOOK E VARIE - settore 001;exact
DD 714/2025;003610002001;2025;472,45;01;Servizi istituzionali, generali e di gestione;1;3;GABINETTO DEL SINDACO - COORD. ATTIVITA' DI SUPPORTO AL CAPO GABINETTO - LOOK E SPONSORIZZAZIONI DELLA CITTA' - ATTIVITA' PROMOZIONALI URBANA DI LOOK E VARIE - settore 001;exact
DD 714/2025;003610002001;2025;183.875,96;01;Servizi istituzionali, generali e di gestione;1;3;GABINETTO DEL SINDACO - COORD. ATTIVITA' DI SUPPORTO AL CAPO GABINETTO - LOOK E SPONSORIZZAZIONI DELLA CITTA' - ATTIVITA' PROMOZIONALI URBANA DI LOOK E VARIE - settore 001;exact
DD 714/2025;003610002001;2025;2.049,77;01;Servizi istituzionali, generali e di gestione;1;3;GABINETTO DEL SINDACO - COORD. ATTIVITA' DI SUPPORTO AL CAPO GABINETTO - LOOK E SPONSORIZZAZIONI DELLA CITTA' - ATTIVITA' PROMOZIONALI URBANA DI LOOK E VARIE - settore 001;exact
DD 714/2025;003610002001;2025;512,44;01;Servizi istituzionali, generali e di gestione;1;3;GABINETTO DEL SINDACO - COORD. ATTIVITA' DI SUPPORTO AL CAPO GABINETTO - LOOK E SPONSORIZZAZIONI DELLA CITTA' - ATTIVITA' PROMOZIONALI URBANA DI LOOK E VARIE - settore 001;exact
DD 7180/2025;056000011001;2025;16.958,00;06;Politiche giovanili, sport e tempo libero;1;3;CENTRI SPORTIVI - ACQUISTO DI SERVIZI - SPESE PER PULIZIA E SMALTIMENTO RIFIUTI - S.R.E. IVA - Sett. 085 R. IVA;exact
DD 7182/2025;051400010005;2025;10.000,00;05;Tutela e valorizzazione dei beni e attività culturali;2;3;CULTURA - PRESTAZIONI DI SERVIZI - SERVIZI PER INIZIATIVE CULTURALI - settore 065;exact
DD 7182/2025;051400010005;2026;980,00;05;Tutela e valorizzazione dei beni e attività culturali;2;3;CULTURA - PRESTAZIONI DI SERVIZI - SERVIZI PER INIZIATIVE CULTURALI - settore 065;exact
DD 7220/2025;148200007001;2025;55.180,11;11;Soccorso civile;1;2;PROTEZIONE CIVILE- PN METRO PLUS - RIQUALIFICAZIONE CENTRO POLIFUNZIONALE PROTEZIONE CIVILE TO2.2.4.2.A - VEDASI CAP. 032500011 ENTRATA - Sett. 028;exact
DD 7228/2025;098700014003;2025;7.345,62;14;Sviluppo economico e competitività;2;3;COMMERCIO E MERCATI - ACQUISTO DI MATERIALI - MATERIALI VARI - settore 134;exact
DD 7229/2025;098700011001;2025;47.580,00;14;Sviluppo economico e competitività;2;3;COMMERCIO E MERCATI - ACQUISTO DI BENI E SERVIZI - ATTIVITA' DI PROMOZIONE DEL COMMERCIO - SETT. 134;exact
DD 7232/2025;020000015001;2025;7.911,09;01;Servizi istituzionali, generali e di gestione;11;3;GESTIONE PARCO VEICOLI - ACQUISTO DI SERVIZI - ACQUISTO VETROFANIE PER VEICOLI, BOLLETTARI E VARIE PER GESTIONE AUTOPARCO - settore 055;exact
DD 7238/2025;063320005002;2025;31.720,00;09;Sviluppo sostenibile e tutela del territorio e dell'ambiente;1;3;PONTI - VIE D'ACQUA - INFRASTRUTTURE - ACQUISTO DI BENI E SERVIZI - ALTRE PRESTAZIONI PROFESSIONALI - settore 034;exact
DD 7242/2025;097200043001;2025;9.000,00;14;Sviluppo economico e competitività;3;3;FONDI EUROPEI - PRESTAZIONI DI SERVIZI NEBA INTERREG EUROPE -CUP C19G24000000006 - VEDASI CAP.012500077 -Sett. 068 1531;exact
DD 7245/2025;034300028001;2026;8.271,60;03;Ordine pubblico e sicurezza;2;3;POLIZIA MUNICIPALE - PRESTAZIONI DI SERVIZI - LICENZE SOFTWARE - SETT. 048;exact
DD 7248/2025;034300024001;2025;;03;Ordine pubblico e sicurezza;1;3;P0LIZIA MUNICIPALE - PRESTAZIONI DI SERVIZI -PROGETTO PREVENZIONE E CONTRASTO TRUFFE AGLI ANZIANI - VEDASI CAP. 6610002 ENTRATA - settore 048;exact
DD 7251/2025;026900003001;2025;13.993,80;01;Servizi istituzionali, generali e di gestione;8;3;SISTEMI INFORMATIVI - ACQUISTO DI SERVIZI - SISTEMA INFORMATIVO COMUNALE - settore 027;exact
DD 7260/2025;028100001002;2025;29.399,47;01;Servizi istituzionali, generali e di gestione;6;3;APP. AVANZO TRASFERIMENTI 1387-EDIFICI COMUINALI - MANUTENZIONE ORDINARIA E RIPARAZIONE DEI BENI IMMOBILI- VEDASI CAP 6800012 E - 1387- Sett. 030;exact
DD 7288/2025;046150009001;2025;17.160,00;04;Istruzione e diritto allo studio;6;3;PROGETTI EDUCATIVI - PRESTAZIONI DI SERVIZI - TRASPORTI - S.R.E. IVA - settore 007 - R.IVA;exact
DD 7295/2025;034300042002;2025;;03;Ordine pubblico e sicurezza;2;3;POLIZIA LOCALE - ACQUISTO DI BENI E SERVIZI - PROGETTO MOBILITA' SICURA - CAMPAGNA COMUNICAZIONE- VEDASI CAP. 015400013 ENTRATA - Sett. 048 1629;exact
DD 7321/2025;021750006001;2025;7.403,39;01;Servizi istituzionali, generali e di gestione;7;3;SERVIZIO ELETTORALE - SPESE DERIVANTI DA AGGIORNAMENTO LISTE ELETTORALI DA DISPOSIZIONI MINISTERIALI - Sett.018;exact
DD 7359/2025;141200000001;2025;250.000,00;10;Trasporti e diritto alla mobilità;5;2;PIANO URBANO DEI PARCHEGGI -PARCHEGGIO PIAZZA BENGASI DI INTERSCAMBIO CON LINEA 1 METROPOLITANA DI TORINO - VEDASI CAP. 31760005 ENTRATA - settore 033;exact
DD 7359/2025;141200000001;2026;184.444,93;10;Trasporti e diritto alla mobilità;5;2;PIANO URBANO DEI PARCHEGGI -PARCHEGGIO PIAZZA BENGASI DI INTERSCAMBIO CON LINEA 1 METROPOLITANA DI TORINO - VEDASI CAP. 31760005 ENTRATA - settore 033;exact
DD 7364/2025;046150018004;2025;9.972,28;04;Istruzione e diritto allo studio;6;3;APP. AVANZO TRASFERIMENTI - PROGETTI EDUCATIVI - PRESTAZIONI DI SERVIZI -PROGETTI EDUCATIVI ED ALTRE ATTIVITA' PER IL SISTEMA EDUCATIVO - VEDANSI CAPP. 15100008-15100050 ENTRATA - settore 007;exact
DD 7406/2025;009150002001;2025;6.000,00;01;Servizi istituzionali, generali e di gestione;8;3;GABINETTO DEL SINDACO - ACQUISTO DI SERVIZI - LICENZE D'USO PER SOFTWARE - sett. 001;exact
DD 7406/2025;003850006001;2025;2.476,56;01;Servizi istituzionali, generali e di gestione;11;3;GABINETTO DEL SINDACO - COMUNICAZIONE ISTITUZIONALE ED INFORMAZIONE - PRESTAZIONI DI SERVIZI - SPESE PER LA COMUNICAZIONE - settore 001;exact
DD 7417/2025;126150001002;2026;28.779,80;04;Istruzione e diritto allo studio;1;2;SCUOLE MATERNE - ACQUISTI - MOBILI E ARREDI UFFICI - settore 007;exact
DD 7480/2025;118600000002;2025;7.320,00;01;Servizi istituzionali, generali e di gestione;8;2;ACQUISTO ATTREZZATURE E SOFTWARE PER SISTEMA INFORMATIVO - settore 027;exact
DD 7496/2025;054200001006;2026;26.901,00;06;Politiche giovanili, sport e tempo libero;1;3;SPORT E TEMPO LIBERO - SPESE GENERALI - MANUTENZIONE E PULIZIA LOCALI - settore 062 - S.R.E. IVA;exact
DD 7512/2025;132200004006;2025;16.104,00;05;Tutela e valorizzazione dei beni e attività culturali;2;2;PNRR M5C2-I2.2 CUP C14H22000020006 PIU A2 - RIFACIMENTO SITO BIBLIOTECHE CIVICHE TORINESI - VEDASI CAP. 31520008 ENTRATA - SETT. 27;exact
DD 757/2025;038600005001;2025;20.121,57;04;Istruzione e diritto allo studio;6;3;SCUOLE MATERNE - ACQUISTO DI SERVIZI - PULIZIA - ASSISTENZA EDUCATIVA - SERVIZI ACCESSORI - settore 007;exact
DD 7608/2025;080200009001;2025;2.184,27;12;Diritti sociali, politiche sociali e famiglia;1;3;ASILI NIDO ED INTERVENTI INNOVATIVI PER LA PRIMA INFANZIA - ACQUISTO DI SERVIZI - NIDI E SERVIZI CONVENZIONATI - S.R.E. IVA - settore 007;exact
DD 7608/2025;080200009001;2026;10.585,33;12;Diritti sociali, politiche sociali e famiglia;1;3;ASILI NIDO ED INTERVENTI INNOVATIVI PER LA PRIMA INFANZIA - ACQUISTO DI SERVIZI - NIDI E SERVIZI CONVENZIONATI - S.R.E. IVA - settore 007;exact
DD 7617/2025;063320009001;2025;14.993,80;09;Sviluppo sostenibile e tutela del territorio e dell'ambiente;1;3;PONTI - VIE D'ACQUA - INFRASTRUTTURE - PRESTAZIONI DI SERVIZI - MANUTENZIONE PONTI, ALVEI FLUVIALI E RIVI COLLINARI - settore 034;exact
DD 7626/2025;132200004003;2025;25.194,22;05;Tutela e valorizzazione dei beni e attività culturali;2;2;PNRR M5C2-I2.2 CUP C14H22000020006 PIU A2 -ACQUISTO ATTREZZATURE INFORMATICHE, IMPIANTI AUDIOVISIVI E SISTEMA DI VIDEOSORVEGLIANZA PER LE BIBLIOTECHE CIVICHE TORINESI - VED. CAP. 31520008 E. - S. 25;exact
DD 7646/2025;002610002001;2026;5.580,64;01;Servizi istituzionali, generali e di gestione;11;3;ALTRI SERVIZI GENERALI - ACQUISTO BENI DI CONSUMO - GIORNALI E RIVISTE - settore 005;exact
DD 7706/2025;153500001002;2026;80.000,00;12;Diritti sociali, politiche sociali e famiglia;1;2;ASILI NIDO - ACQUISTI - MOBILI E ARREDI UFFICI - settore 007 - R.IVA;exact
DD 7706/2025;126150001002;2026;70.140,52;04;Istruzione e diritto allo studio;1;2;SCUOLE MATERNE - ACQUISTI - MOBILI E ARREDI UFFICI - settore 007;exact
DD 7749/2025;078400001001;2026;104.499,99;09;Sviluppo sostenibile e tutela del territorio e dell'ambiente;2;3;VERDE PUBBLICO - ACQUISTO DI SERVIZI - LAVORI E MANUTENZIONI - settore 046;exact
DD 7792/2025;080200009001;2025;2.704,34;12;Diritti sociali, politiche sociali e famiglia;1;3;ASILI NIDO ED INTERVENTI INNOVATIVI PER LA PRIMA INFANZIA - ACQUISTO DI SERVIZI - NIDI E SERVIZI CONVENZIONATI - S.R.E. IVA - settore 007;exact
DD 7792/2025;080200003001;2026;13.105,64;12;Diritti sociali, politiche sociali e famiglia;1;3;ASILI NIDO ED INTERVENTI INNOVATIVI PER LA PRIMA INFANZIA - ACQUISTO DI SERVIZI - GESTIONE ESTERNA NIDI - S.R.E. IVA - settore 007 - R.IVA;exact
DD 7795/2025;026900003001;2025;6.980,31;01;Servizi istituzionali, generali e di gestione;8;3;SISTEMI INFORMATIVI - ACQUISTO DI SERVIZI - SISTEMA INFORMATIVO COMUNALE - settore 027;exact
DD 7835/2025;006800009001;2025;1.400,00;01;Servizi istituzionali, generali e di gestione;10;3;PERSONALE - ACQUISTO DI SERVIZI - SPESE PER FORMAZIONE DEI LAVORATORI DELLA PUBBLICA AMMINISTRAZIONE DERIVANTI DA OBBLIGHI DI LEGGE - settore 004;exact
DD 7835/2025;006800018001;2025;5.200,00;01;Servizi istituzionali, generali e di gestione;10;3;PERSONALE - ACQUISTO DI SERVIZI - AGGIORNAMENTO E FORMAZIONE DEI LAVORATORI DELLA PUBBLICA AMMINISTRAZIONE - LEGGE N. 122/2010 ART. 6 COMMA 13 - settore 004;exact
DD 7835/2025;006800018001;2026;10.000,00;01;Servizi istituzionali, generali e di gestione;10;3;PERSONALE - ACQUISTO DI SERVIZI - AGGIORNAMENTO E FORMAZIONE DEI LAVORATORI DELLA PUBBLICA AMMINISTRAZIONE - LEGGE N. 122/2010 ART. 6 COMMA 13 - settore 004;exact
DD 7843/2025;118630008005;2026;113.216,00;01;Servizi istituzionali, generali e di gestione;8;2;SISTEMI INFORMATIVI - PN METRO PLUS - GESTIONE DELLA RELAZIONE CITTADINO - IMPRESE - TO1.1.2.1.E - VEDASI CAP.032500002001 ENTRATA - SETT.27;exact
DD 7882/2025;018940001006;2025;9.290,01;01;Servizi istituzionali, generali e di gestione;6;3;SISTEMA SICUREZZA E PRONTO INTERVENTO - PRESTAZIONI DI SERVIZI - MANUTENZIONE E PULIZIA LOCALI - settore 111;exact
DD 7882/2025;018940001006;2026;144,00;01;Servizi istituzionali, generali e di gestione;6;3;SISTEMA SICUREZZA E PRONTO INTERVENTO - PRESTAZIONI DI SERVIZI - MANUTENZIONE E PULIZIA LOCALI - settore 111;exact
DD 7895/2025;003300003001;2025;16.352,88;01;Servizi istituzionali, generali e di gestione;1;3;GABINETTO DEL SINDACO - COORD. AMM.VO - RAPPORTI CON LE ASSOCIAZIONI E CERIMONIALE - ACQUISTO DI MATERIALI - MATERIALI VARI - settore 001;exact
DD 7907/2025;003610002001;2025;7.265,00;01;Servizi istituzionali, generali e di gestione;1;3;GABINETTO DEL SINDACO - COORD. ATTIVITA' DI SUPPORTO AL CAPO GABINETTO - LOOK E SPONSORIZZAZIONI DELLA CITTA' - ATTIVITA' PROMOZIONALI URBANA DI LOOK E VARIE - settore 001;exact
DD 7907/2025;003610002001;2026;700,00;01;Servizi istituzionali, generali e di gestione;1;3;GABINETTO DEL SINDACO - COORD. ATTIVITA' DI SUPPORTO AL CAPO GABINETTO - LOOK E SPONSORIZZAZIONI DELLA CITTA' - ATTIVITA' PROMOZIONALI URBANA DI LOOK E VARIE - settore 001;exact
DD 7909/2025;033820001002;2025;;03;Ordine pubblico e sicurezza;1;3;POLIZIA MUNICIPALE - ACQUISTO BENI DI CONSUMO - FORNITURE VESTIARIO E CALZATURE - settore 048;exact
DD 7986/2025;017500001001;2025;22.700,31;01;Servizi istituzionali, generali e di gestione;6;3;EDIFICI COMUNALI GESTIONE TECNICA - ACQUISTO DI SERVIZI - INCARICHI PROFESSIONALI ALLA PROGETTAZIONE - settore 030;exact
DD 8019/2025;012600029001;2026;6.758,43;01;Servizi istituzionali, generali e di gestione;4;3;TRIBUTI E CATASTO - ACQUISTO DI SERVIZI - ACCESSO A BANCHE DATI E PUBBLICAZIONI ONLINE - settore 013;exact
DD 8040/2025;118800000008;2025;34.067,46;01;Servizi istituzionali, generali e di gestione;8;2;APP. AVANZO ACCANTONAMENTI 1526 - ACQUISTO ATTREZZATURE TECNOLOGICHE HARDWARE SISTEMI DI TELECOMUNICAZIONE E SICUREZZA - settore 027;exact
DD 8053/2025;002620006001;2026;45.000,00;01;Servizi istituzionali, generali e di gestione;11;3;ALTRI SERVIZI GENERALI - PRESTAZIONI DI SERVIZI - SPESE PUBBLICAZIONE BANDI - settore 005;exact
DD 8053/2025;002620006001;2027;45.000,00;01;Servizi istituzionali, generali e di gestione;11;3;ALTRI SERVIZI GENERALI - PRESTAZIONI DI SERVIZI - SPESE PUBBLICAZIONE BANDI - settore 005;exact
DD 8065/2025;070100010001;2026;3.500,00;08;Assetto del territorio ed edilizia abitativa;2;3;EDILIZIA RESIDENZIALE PUBBLICA - ACQUISTO DI SERVIZI - CONTROLLI SU AUTOCERTIFICAZIONI - COLLEGAMENTI A BANCHE DATI E DIRITTI DI SEGRETERIA - settore 104;exact
DD 8092/2025;051400010005;2025;23.790,00;05;Tutela e valorizzazione dei beni e attività culturali;2;3;CULTURA - PRESTAZIONI DI SERVIZI - SERVIZI PER INIZIATIVE CULTURALI - settore 065;exact
DD 8096/2025;026900003001;2025;31.628,30;01;Servizi istituzionali, generali e di gestione;8;3;SISTEMI INFORMATIVI - ACQUISTO DI SERVIZI - SISTEMA INFORMATIVO COMUNALE - settore 027;exact
DD 8108/2025;126150001002;2026;29.575,24;04;Istruzione e diritto allo studio;1;2;SCUOLE MATERNE - ACQUISTI - MOBILI E ARREDI UFFICI - settore 007;exact
DD 8113/2025;080200003001;2025;7.728,14;12;Diritti sociali, politiche sociali e famiglia;1;3;ASILI NIDO ED INTERVENTI INNOVATIVI PER LA PRIMA INFANZIA - ACQUISTO DI SERVIZI - GESTIONE ESTERNA NIDI - S.R.E. IVA - settore 007 - R.IVA;exact
DD 8163/2025;063320009001;2025;1.696,34;09;Sviluppo sostenibile e tutela del territorio e dell'ambiente;1;3;PONTI - VIE D'ACQUA - INFRASTRUTTURE - PRESTAZIONI DI SERVIZI - MANUTENZIONE PONTI, ALVEI FLUVIALI E RIVI COLLINARI - settore 034;exact
DD 8218/2025;082400068001;2025;6.100,00;06;Politiche giovanili, sport e tempo libero;2;3;LEGGE 285/97 - PROGETTI LEGGE 285/97 - PRESTAZIONI DI SERVIZI - SERVIZI DIVERSI - settore 050;exact
DD 8289/2025;056000007005;2025;3.800,00;06;Politiche giovanili, sport e tempo libero;1;3;CENTRI SPORTIVI - ACQUISTO DI BENI E SERVIZI - NOLEGGIO MACCHINE RASAGHIACCIO A CARICO DELLA CITTA' - S.R.E. IVA - settore 010 - R.IVA;exact
DD 8289/2025;057300005002;2026;73.810,00;06;Politiche giovanili, sport e tempo libero;1;4;MANIFESTAZIONI SPORTIVE - TRASFERIMENTI ED EROGAZIONI - CONTRIBUTI PER MANIFESTAZIONI NAZIONALI INTERNAZIONALI E PER ATTIVITA' SPORTIVE - settore 010;exact
DD 8289/2025;057300005002;2027;73.810,00;06;Politiche giovanili, sport e tempo libero;1;4;MANIFESTAZIONI SPORTIVE - TRASFERIMENTI ED EROGAZIONI - CONTRIBUTI PER MANIFESTAZIONI NAZIONALI INTERNAZIONALI E PER ATTIVITA' SPORTIVE - settore 010;exact
DD 8310/2025;056720011002;2026;9.797,67;01;Servizi istituzionali, generali e di gestione;6;3;INFRASTRUTTURE PER IL COMMERCIO E LO SPORT - ACQUISTO DI BENI E SERVIZI - ALTRE PRESTAZIONI PROFESSIONALI - S.R.E. IVA - settore 062 - R.IVA;exact
DD 8312/2025;012600024001;2026;;01;Servizi istituzionali, generali e di gestione;4;3;TRIBUTI E CATASTO - ACQUISTO DI SERVIZI - SERVIZI INFORMATICI - settore 013;exact
DD 8312/2025;012600024001;2027;23.463,04;01;Servizi istituzionali, generali e di gestione;4;3;TRIBUTI E CATASTO - ACQUISTO DI SERVIZI - SERVIZI INFORMATICI - settore 013;exact
DD 8312/2025;012600024001;2028;23.467,92;01;Servizi istituzionali, generali e di gestione;4;3;TRIBUTI E CATASTO - ACQUISTO DI SERVIZI - SERVIZI INFORMATICI - settore 013;exact
DD 8313/2025;002610005001;2026;14.814,80;01;Servizi istituzionali, generali e di gestione;11;3;ALTRI SERVIZI GENERALI - ACQUISTO BENI DI CONSUMO - ACQUISTO MATERIALI DI CONSUMO - MATERIALE VARIO - settore 005;exact
DD 8337/2025;118630001001;2025;16.957,52;01;Servizi istituzionali, generali e di gestione;8;3;SISTEMI INFORMATIVI - CONTRIBUTI AGLI INVESTIMENTI PER SISTEMA INFORMATIVO - settore 027;exact
DD 8340/2025;132200004002;2025;170.487,68;05;Tutela e valorizzazione dei beni e attività culturali;2;2;PNRR M5C2-I2.2 CUP C14H22000020006 PIU A2 - ACQUISTO ATTREZZATURE INFORMATICHE PER LE BIBLIOTECHE CIVICHE TORINESI - VEDASI CAP. 31520008 ENTRATA - SETT. 27;exact
DD 8350/2025;009150001001;2026;7.205,52;01;Servizi istituzionali, generali e di gestione;8;3;GABINETTO DEL SINDACO - RIPROGRAFIA - UTILIZZO BENI DI TERZI - NOLEGGIO ATTREZZATURE - settore 001;exact
DD 8350/2025;009150001001;2027;7.205,52;01;Servizi istituzionali, generali e di gestione;8;3;GABINETTO DEL SINDACO - RIPROGRAFIA - UTILIZZO BENI DI TERZI - NOLEGGIO ATTREZZATURE - settore 001;exact
DD 8350/2025;009150001001;2028;7.205,51;01;Servizi istituzionali, generali e di gestione;8;3;GABINETTO DEL SINDACO - RIPROGRAFIA - UTILIZZO BENI DI TERZI - NOLEGGIO ATTREZZATURE - settore 001;exact
DD 8356/2025;063320005002;2025;17.763,20;09;Sviluppo sostenibile e tutela del territorio e dell'ambiente;1;3;PONTI - VIE D'ACQUA - INFRASTRUTTURE - ACQUISTO DI BENI E SERVIZI - ALTRE PRESTAZIONI PROFESSIONALI - settore 034;exact
DD 8360/2025;088810004002;2025;9.000,00;12;Diritti sociali, politiche sociali e famiglia;1;3;LEGGE 285/97- PROGETTI LEGGE 285/97- PRESTAZIONI DI SERVIZI - ATTIVITA' FORMATIVE sett. 007;exact
DD 8360/2025;046150029001;2026;23.000,00;04;Istruzione e diritto allo studio;6;3;PROGETTI EDUCATIVI- PRESTAZIONI DI SERVIZI- ATTIVITA' FORMATIVE- sett. 007;exact
DD 8372/2025;057200007002;2026;29.670,40;06;Politiche giovanili, sport e tempo libero;1;3;CENTRI SPORTIVI - ACQUISTO DI BENI E SERVIZI - ALTRE PRESTAZIONI PROFESSIONALI - S.R.E. IVA- settore 010;exact
DD 8372/2025;057200007002;2027;29.670,40;06;Politiche giovanili, sport e tempo libero;1;3;CENTRI SPORTIVI - ACQUISTO DI BENI E SERVIZI - ALTRE PRESTAZIONI PROFESSIONALI - S.R.E. IVA- settore 010;exact
DD 8377/2025;012600024001;2026;3.111,00;01;Servizi istituzionali, generali e di gestione;4;3;TRIBUTI E CATASTO - ACQUISTO DI SERVIZI - SERVIZI INFORMATICI - settore 013;exact
DD 8377/2025;012600024001;2027;3.111,00;01;Servizi istituzionali, generali e di gestione;4;3;TRIBUTI E CATASTO - ACQUISTO DI SERVIZI - SERVIZI INFORMATICI - settore 013;exact
DD 8383/2025;098700012002;2025;7.930,00;14;Sviluppo economico e competitività;2;3;COMMERCIO E MERCATI - ACQUISTO DI BENI E SERVIZI - AZIONI A SUPPORTO DELLE ATTIVITA' DEL DISTRETTO URBANO DEL COMMERCIO DI TORINO - SETT. 134;exact
DD 8390/2025;054300003006;;9.045,08;06;Politiche giovanili, sport e tempo libero;1;3;PISCINE APERTE AL PUBBLICO TENNIS E PATTINAGGIO SUL GHIACCIO - ACQUISTI DI MATERIALI - S.R.E. IVA - ACCESSORI PER ATTIVITA' SPORTIVE E RICREATIVE - settore 086;exact
DD 8411/2025;045800005001;2025;24.330,00;04;Istruzione e diritto allo studio;6;3;ASSISTENZA SCOLASTICA - ACQUISTO DI SERVIZI - PULIZIA EDIFICI SCOLASTICI - Sett. 007;exact
DD 8414/2025;046500001006;2025;3.000,00;04;Istruzione e diritto allo studio;6;3;SERVIZI AUSILIARI ALL' ISTRUZIONE - SPESE GENERALI - MANUTENZIONE E PULIZIA LOCALI - settore 007;exact
DD 8424/2025;098700011001;2025;59.902,00;14;Sviluppo economico e competitività;2;3;COMMERCIO E MERCATI - ACQUISTO DI BENI E SERVIZI - ATTIVITA' DI PROMOZIONE DEL COMMERCIO - SETT. 134;exact
DD 8424/2025;098700001012;2026;40.138,00;14;Sviluppo economico e competitività;2;3;APP. AVANZO TRASFERIMENTI - COMMERCIO E ATTIVITA' PRODUTTIVE - ACQUISTO DI SERVIZI - INIZIATIVE PER LA QUALIF. E PROMOZIONE DEI LUOGHI DEL COMMERCIO VEDASI CAP. 015000087001 ENTRATA- settore 016 1475;exact
DD 8451/2025;164150001013;2025;16.100,24;14;Sviluppo economico e competitività;2;2;APP. AVANZO LEGGE - COMMERCIO - ACQUISTI DI BENI PER LA QUALIFICAZIONE DEI LUOGHI DEL COMMERCIO - VEDASI CAP. 37150000 ENTRATA - settore 016;exact
DD 8471/2025;098700012003;2025;9.516,00;14;Sviluppo economico e competitività;2;3;COMMERCIO E MERCATI - ACQUISTO DI BENI E SERVIZI - INIZIATIVE PER IL COMMERCIO - MANIFESTAZIONI - SETT. 134;exact
DD 8483/2025;018650002002;2025;31.524,00;09;Sviluppo sostenibile e tutela del territorio e dell'ambiente;8;3;SPESE PER AZIONI E INTERVENTI DI ENERGY MANAGEMENT - settore 008;exact
DD 8483/2025;018650002002;2026;60.000,00;09;Sviluppo sostenibile e tutela del territorio e dell'ambiente;8;3;SPESE PER AZIONI E INTERVENTI DI ENERGY MANAGEMENT - settore 008;exact
DD 8483/2025;018650002002;2027;60.000,00;09;Sviluppo sostenibile e tutela del territorio e dell'ambiente;8;3;SPESE PER AZIONI E INTERVENTI DI ENERGY MANAGEMENT - settore 008;exact
DD 8508/2025;018940003001;2025;55.754,00;01;Servizi istituzionali, generali e di gestione;6;3;SISTEMA SICUREZZA E PRONTO INTERVENTO - PRESTAZIONI DI SERVIZI - ATTUAZIONE DISPOSTI DI LEGGE - D.LGS.81/2008 - settore 111;exact
DD 8508/2025;018940003001;2026;37.795,60;01;Servizi istituzionali, generali e di gestione;6;3;SISTEMA SICUREZZA E PRONTO INTERVENTO - PRESTAZIONI DI SERVIZI - ATTUAZIONE DISPOSTI DI LEGGE - D.LGS.81/2008 - settore 111;exact
DD 8508/2025;018940003001;2027;46.774,80;01;Servizi istituzionali, generali e di gestione;6;3;SISTEMA SICUREZZA E PRONTO INTERVENTO - PRESTAZIONI DI SERVIZI - ATTUAZIONE DISPOSTI DI LEGGE - D.LGS.81/2008 - settore 111;exact
DD 8516/2025;026900017001;2025;210.295,55;01;Servizi istituzionali, generali e di gestione;8;3;SISTEMI INFORMATIVI - ACQUISTO DI BENI E SERVIZI - LICENZE D'USO PER SOFTWARE - SETT. 27;exact
DD 8517/2025;026900003001;2026;43.173,75;01;Servizi istituzionali, generali e di gestione;8;3;SISTEMI INFORMATIVI - ACQUISTO DI SERVIZI - SISTEMA INFORMATIVO COMUNALE - settore 027;exact
DD 8518/2025;020650007001;2025;48.156,99;01;Servizi istituzionali, generali e di gestione;6;3;EDILIZIA ABITATIVA PUBBLICA E PER IL SOCIALE - ACQUISTO DI SERVIZI - INCARICHI DI PROGETTAZIONE - Settore 063;exact
DD 8543/2025;002620004001;2026;15.000,00;01;Servizi istituzionali, generali e di gestione;11;3;ALTRI SERVIZI GENERALI - PRESTAZIONI DI SERVIZI - MANUTENZIONE MOBILI E ATTREZZATURE - settore 005;exact
DD 8543/2025;002620004001;2027;15.000,00;01;Servizi istituzionali, generali e di gestione;11;3;ALTRI SERVIZI GENERALI - PRESTAZIONI DI SERVIZI - MANUTENZIONE MOBILI E ATTREZZATURE - settore 005;exact
DD 8543/2025;002620004001;2028;15.000,00;01;Servizi istituzionali, generali e di gestione;11;3;ALTRI SERVIZI GENERALI - PRESTAZIONI DI SERVIZI - MANUTENZIONE MOBILI E ATTREZZATURE - settore 005;exact
DD 8543/2025;002620004001;2029;15.000,00;01;Servizi istituzionali, generali e di gestione;11;3;ALTRI SERVIZI GENERALI - PRESTAZIONI DI SERVIZI - MANUTENZIONE MOBILI E ATTREZZATURE - settore 005;exact
DD 8543/2025;002620004001;2030;15.000,00;01;Servizi istituzionali, generali e di gestione;11;3;ALTRI SERVIZI GENERALI - PRESTAZIONI DI SERVIZI - MANUTENZIONE MOBILI E ATTREZZATURE - settore 005;exact
DD 8550/2025;018940004001;2025;19.184,00;01;Servizi istituzionali, generali e di gestione;6;3;SISTEMA SICUREZZA E PRONTO INTERVENTO - PRESTAZIONI DI SERVIZI - FORMAZIONE ED INFORMAZIONE - PUBBLICAZIONI - D.LGS.81/2008 - settore 111;exact
DD 8564/2025;026900017001;2025;10.492,00;01;Servizi istituzionali, generali e di gestione;8;3;SISTEMI INFORMATIVI - ACQUISTO DI BENI E SERVIZI - LICENZE D'USO PER SOFTWARE - SETT. 27;exact
DD 8568/2025;060500009002;2025;235.000,00;07;Turismo;1;3;TURISMO - ACQUISTO DI BENI E SERVIZI - INIZIATIVE E MANIFESTAZIONI NAZIONALI ED INTERNAZIONALI ANCHE A RILIEVO TURISTICO - sett.0 69;exact
DD 8568/2025;060500009002;2026;50.000,00;07;Turismo;1;3;TURISMO - ACQUISTO DI BENI E SERVIZI - INIZIATIVE E MANIFESTAZIONI NAZIONALI ED INTERNAZIONALI ANCHE A RILIEVO TURISTICO - sett.0 69;exact
DD 8569/2025;048700002001;2025;29.999,80;05;Tutela e valorizzazione dei beni e attività culturali;2;3;BIBLIOTECHE CIVICHE - ACQUISTO DI MATERIALI - MATERIALE TECNICO E VARIO - settore 025;exact
DD 8579/2025;005900000007;2025;1.755,14;01;Servizi istituzionali, generali e di gestione;2;3;SEGRETERIA GENERALE - SPESE GENERALI DI FUNZIONAMENTO - MANUTENZIONE E PULIZIA LOCALI - settore 030;exact
DD 8579/2025;017300000006;2025;1.808,08;01;Servizi istituzionali, generali e di gestione;6;3;UFFICIO TECNICO - SPESE GENERALI DI FUNZIONAMENTO - MANUTENZIONE E PULIZIA LOCALI - settore 030;exact
DD 8579/2025;022600001006;2025;2.568,32;01;Servizi istituzionali, generali e di gestione;7;3;ELEZIONI E CONSULTAZIONI POPOLARI - ANAGRAFE E STATO CIVILE - SPESE GENERALI - SPESE DI FUNZIONAMENTO - MANUTENZIONE E PULIZIA LOCALI - settore 030;exact
DD 8579/2025;033900001007;2025;2.004,11;03;Ordine pubblico e sicurezza;1;3;POLIZIA LOCALE E AMMINISTRATIVA - SPESE GENERALI - SPESE DI FUNZIONAMENTO - MANUTENZIONE E PULIZIA LOCALI - settore 030;exact
DD 8579/2025;048600001006;2025;1.258,35;05;Tutela e valorizzazione dei beni e attività culturali;2;3;BIBLIOTECHE CIVICHE - SPESE GENERALI - MANUTENZIONE E PULIZIA LOCALI - settore 030;exact
DD 8579/2025;017500004001;2025;699,01;01;Servizi istituzionali, generali e di gestione;6;3;EDIFICI COMUNALI GESTIONE TECNICA - ACQUISTO DI SERVIZI - ATTUAZIONE DISPOSTI DI LEGGE - D.LGS.81/2008 - settore 030;exact
DD 8579/2025;001500001004;2025;422,90;01;Servizi istituzionali, generali e di gestione;11;3;ALTRI SERVIZI GENERALI - PRESTAZIONI DI SERVIZI - SPESE DI FUNZIONAMENTO - MANUTENZIONE E PULIZIA LOCALI - settore 030;exact
DD 8579/2025;026100000006;2025;678,23;01;Servizi istituzionali, generali e di gestione;11;3;AVVOCATURA - SPESE GENERALI DI FUNZIONAMENTO - MANUTENZIONE E PULIZIA LOCALI - settore 030;exact
DD 8579/2025;059000001004;2025;209,64;07;Turismo;1;3;TURISMO - SPESE GENERALI - MANUTENZIONE E PULIZIA LOCALI - settore 030;exact
DD 8579/2025;087800001006;2025;939,23;15;Politiche per il lavoro e la formazione professionale;1;3;SERVIZI PER LO SVILUPPO DEL MERCATO DEL LAVORO - SPESE GENERALI - MANUTENZIONE E PULIZIA LOCALI - settore 030;exact
DD 8579/2025;028000000003;2026;15.006,00;01;Servizi istituzionali, generali e di gestione;6;3;DEMOLIZIONE STRUTTURE - settore 030;exact
DD 8579/2025;003100000008;2025;923,75;01;Servizi istituzionali, generali e di gestione;1;3;ORGANI ISTITUZIONALI - COORD. AMM.VO - RAPPORTI CON LE ASSOCIAZIONI E CERIMONIALE - SPESE GENERALI DI FUNZIONAMENTO - MANUTENZIONE E PULIZIA LOCALI - settore 030;exact
DD 8579/2025;008400000007;2025;2.313,98;01;Servizi istituzionali, generali e di gestione;3;3;GESTIONE ECONOMICO, FINANZIARIA, PROGRAMMAZ. E PROVVEDITORATO - SPESE GENERALI DI FUNZIONAMENTO - MANUTENZIONE E PULIZIA LOCALI - settore 030;exact
DD 8579/2025;010600001007;2025;1.597,47;01;Servizi istituzionali, generali e di gestione;3;3;PARTECIPAZIONI COMUNALI - SPESE GENERALI - MANUTENZIONE E PULIZIA LOCALI - settore 030;exact
DD 8580/2025;017500001001;2025;24.124,62;01;Servizi istituzionali, generali e di gestione;6;3;EDIFICI COMUNALI GESTIONE TECNICA - ACQUISTO DI SERVIZI - INCARICHI PROFESSIONALI ALLA PROGETTAZIONE - settore 030;exact
DD 8581/2025;014200000007;2026;47.632,08;01;Servizi istituzionali, generali e di gestione;5;3;GESTIONE DEI BENI DEMANIALI E PATRIMONIALI - SPESE GENERALI DI FUNZIONAMENTO - MANUTENZIONE E PULIZIA LOCALI - settore 030;exact
DD 8581/2025;017500004001;2026;19.398,89;01;Servizi istituzionali, generali e di gestione;6;3;EDIFICI COMUNALI GESTIONE TECNICA - ACQUISTO DI SERVIZI - ATTUAZIONE DISPOSTI DI LEGGE - D.LGS.81/2008 - settore 030;exact
DD 8581/2025;028000000003;2026;69.398,78;01;Servizi istituzionali, generali e di gestione;6;3;DEMOLIZIONE STRUTTURE - settore 030;exact
DD 8581/2025;014200000007;2026;7.045,20;01;Servizi istituzionali, generali e di gestione;5;3;GESTIONE DEI BENI DEMANIALI E PATRIMONIALI - SPESE GENERALI DI FUNZIONAMENTO - MANUTENZIONE E PULIZIA LOCALI - settore 030;exact
DD 8581/2025;017500005001;2026;9.700,00;01;Servizi istituzionali, generali e di gestione;6;3;EDIFICI COMUNALI GESTIONE TECNICA - ACQUISTO DI SERVIZI - RIMOZIONE E SMALTIMENTO DI RIFIUTI TOSSICO-NOCIVI E DI ALTRI MATERIALI - Set 030;exact
DD 8582/2025;002100001007;2026;10.000,00;01;Servizi istituzionali, generali e di gestione;1;3;CIRCOSCRIZIONI COMUNALI - SPESE GENERALI - SPESE DI FUNZIONAMENTO - MANUTENZIONE E PULIZIA LOCALI - settore 030;exact
DD 8582/2025;014200000007;2026;69.428,00;01;Servizi istituzionali, generali e di gestione;5;3;GESTIONE DEI BENI DEMANIALI E PATRIMONIALI - SPESE GENERALI DI FUNZIONAMENTO - MANUTENZIONE E PULIZIA LOCALI - settore 030;exact
DD 8582/2025;017500004001;2026;33.199,20;01;Servizi istituzionali, generali e di gestione;6;3;EDIFICI COMUNALI GESTIONE TECNICA - ACQUISTO DI SERVIZI - ATTUAZIONE DISPOSTI DI LEGGE - D.LGS.81/2008 - settore 030;exact
DD 8582/2025;048600001006;2026;2.830,40;05;Tutela e valorizzazione dei beni e attività culturali;2;3;BIBLIOTECHE CIVICHE - SPESE GENERALI - MANUTENZIONE E PULIZIA LOCALI - settore 030;exact
DD 8582/2025;075500001006;2026;7.704,00;09;Sviluppo sostenibile e tutela del territorio e dell'ambiente;2;3;AMBIENTE - SPESE GENERALI - MANUTENZIONE E PULIZIA LOCALI - settore 030;exact
DD 8598/2025;098700008001;2025;17.080,00;14;Sviluppo economico e competitività;2;3;COMMERCIO E ATTIVITA' PRODUTTIVE - ACQUISTO DI SERVIZI - GESTIONE E SISTEMAZIONE AREE MERCATALI - MANUTENZIONE E GESTIONE ATTREZZATURE DIVERSE E SERVIZI DIVERSI PER IL COMMERCIO - settore 016;exact
DD 8604/2025;003300003001;2025;4.675,04;01;Servizi istituzionali, generali e di gestione;1;3;GABINETTO DEL SINDACO - COORD. AMM.VO - RAPPORTI CON LE ASSOCIAZIONI E CERIMONIALE - ACQUISTO DI MATERIALI - MATERIALI VARI - settore 001;exact
DD 8620/2025;086300011001;2025;7.083,42;12;Diritti sociali, politiche sociali e famiglia;4;3;SERVIZI SOCIALI - PRESTAZIONI DI SERVIZI - STRANIERI E E MINORANZE ETNICHE - settore 019;exact
DD 8620/2025;086300027001;2026;21.250,26;12;Diritti sociali, politiche sociali e famiglia;4;3;SERVIZI SOCIALI - PRESTAZIONI DI SERVIZI - PROGETTI DI INCLUSIONE SOCIALE, OCCUPAZIONALE E DI ACCOGLIENZA - settore 019;exact
DD 8622/2025;152160012001;2025;18.300,00;09;Sviluppo sostenibile e tutela del territorio e dell'ambiente;2;2;VERDE PUBBLICO - ACQUISTI PER RIQUALIFICAZIONE AREE VERDI - VEDASI CAP. 37450040 ENTRATA - sett. 046;exact
DD 8622/2025;152160006001;;;09;Sviluppo sostenibile e tutela del territorio e dell'ambiente;2;2;GESTIONE VERDE - ACQUISTI - PIANTAMENTI DI ALBERI - VEDASI CAP. 37450040 ENTRATA - Settore 046;base9-multi
DD 8636/2025;003300003001;2025;12.810,00;01;Servizi istituzionali, generali e di gestione;1;3;GABINETTO DEL SINDACO - COORD. AMM.VO - RAPPORTI CON LE ASSOCIAZIONI E CERIMONIALE - ACQUISTO DI MATERIALI - MATERIALI VARI - settore 001;exact
DD 8640/2025;157900004001;2025;;12;Diritti sociali, politiche sociali e famiglia;7;2;SERVIZI SOCIALI - ACQUISTI PER ATTIVITA' SFEP - VEDASI CAP. 046500112 E - SETT. 019;exact
DD 8642/2025;148200006001;2025;9,99;11;Soccorso civile;1;2;PROTEZIONE CIVILE - ACQUISTO MATERIALI VARI ED ATTREZZATURE TECNICHE - SETT. 028;exact
DD 8647/2025;118630008001;2025;44.593,20;01;Servizi istituzionali, generali e di gestione;8;2;SISTEMI INFORMATIVI - PN METRO PLUS - SERVIZI DIGITALI ALLA PERSONA - TO1.1.2.1.A - VEDASI CAP.032500002001 ENTRATA - SETT.27;exact
DD 8657/2025;108500002004;2025;61.095,64;01;Servizi istituzionali, generali e di gestione;1;2;ORGANI ISTITUZIONALI PARTECIPAZIONE E DECENTRAMENTO - MANUTENZIONE STRAORDINARIA - settore 030;exact
DD 8657/2025;108500002004;2025;3.559,44;01;Servizi istituzionali, generali e di gestione;1;2;ORGANI ISTITUZIONALI PARTECIPAZIONE E DECENTRAMENTO - MANUTENZIONE STRAORDINARIA - settore 030;exact
DD 8658/2025;114000001001;2025;249.981,60;01;Servizi istituzionali, generali e di gestione;4;2;SISTEMI INFORMATIVI - PROGETTO OTTIMIZZAZIONE GESTIONE ENTRATE TRIBUTARIE - ACQUISTO DI SERVIZI FINANZIATO DA FONDAZIONE COMPAGNIA DI SAN PAOLO - VEDASI CAP. 37800016 ENTRATA - sett. 027;exact
DD 8681/2025;136100010002;2025;20.592,19;06;Politiche giovanili, sport e tempo libero;1;2;PNRR M5C2-I2.2 CUP C12H22000010006 PIU A26 - MANUTENZIONE STRAORDINARIA DIFFUSA PISCINE LOMBARDIA E FRANZOJ - S.R.E. IVA - VEDASI CAP. 31520008 ENTRATA - SETT 62;exact
DD 8681/2025;136100010002;2025;;06;Politiche giovanili, sport e tempo libero;1;2;PNRR M5C2-I2.2 CUP C12H22000010006 PIU A26 - MANUTENZIONE STRAORDINARIA DIFFUSA PISCINE LOMBARDIA E FRANZOJ - S.R.E. IVA - VEDASI CAP. 31520008 ENTRATA - SETT 62;exact
DD 8707/2025;063320005002;2026;38.064,00;09;Sviluppo sostenibile e tutela del territorio e dell'ambiente;1;3;PONTI - VIE D'ACQUA - INFRASTRUTTURE - ACQUISTO DI BENI E SERVIZI - ALTRE PRESTAZIONI PROFESSIONALI - settore 034;exact
DD 8718/2025;002400016001;2025;1.526,00;01;Servizi istituzionali, generali e di gestione;1;3;CIRCOSCRIZIONI COMUNALI - PRESTAZIONI DI SERVIZI - RIMOZIONE RIFIUTI - sett. 091;exact
DD 8740/2025;163400028002;2025;39.999,99;01;Servizi istituzionali, generali e di gestione;8;2;"APP. AVANZO ACCANTONAMENTI 1526 - ACQUISIZIONE STRUMENTAZIONI TECNOLOGICHE PER ATTIVITA' DI IMPLEMENTAZIONE DEL ""PROGETTO DRONI""- sett. 029";base9-multi
DD 8744/2025;108400502001;2025;17.629,00;01;Servizi istituzionali, generali e di gestione;1;2;APPLICAZIONE AVANZO INVESTIMENTI 1547 - GABINETTO DEL SINDACO - ACQUISTO ATTREZZATURE CENTRO STAMPA - Sett. 001;exact
DD 8745/2025;004300032003;2026;;19;Relazioni internazionali;1;3;COOPERAZIONE INTERNAZIONALE E PACE - PRESTAZIONI DI SERVIZI - URBAN FOOD POLICY - settore 113;exact
DD 8745/2025;004300032003;2027;;19;Relazioni internazionali;1;3;COOPERAZIONE INTERNAZIONALE E PACE - PRESTAZIONI DI SERVIZI - URBAN FOOD POLICY - settore 113;exact
DD 8745/2025;004300032003;2028;;19;Relazioni internazionali;1;3;COOPERAZIONE INTERNAZIONALE E PACE - PRESTAZIONI DI SERVIZI - URBAN FOOD POLICY - settore 113;exact
DD 8745/2025;004300053001;2027;;19;Relazioni internazionali;1;3;COOPERAZIONE INTERNAZIONALE E PACE - PRESTAZIONI DI SERVIZI - FORMAZIONE DOCUMENTAZIONE SENSIBILIZZAZIONE LOCALE E ATTIVITA' DI ORIENTAMENTO;exact
DD 8745/2025;004300053001;2028;;19;Relazioni internazionali;1;3;COOPERAZIONE INTERNAZIONALE E PACE - PRESTAZIONI DI SERVIZI - FORMAZIONE DOCUMENTAZIONE SENSIBILIZZAZIONE LOCALE E ATTIVITA' DI ORIENTAMENTO;exact
DD 8745/2025;004300070001;2025;15.762,60;19;Relazioni internazionali;1;3;COOPERAZIONE INTERNAZIONALE E PACE - ACQUISTO DI BENI E SERVIZI - AICS MAECI - PROGETTO ESPRIT - SENEGAL - VEDASI CAP. 011480002 ENTRATA - SET. 113 - 1600;exact
DD 8745/2025;004300070002;2026;10.000,00;19;Relazioni internazionali;1;3;COOPERAZIONE INTERNAZIONALE E PACE - ACQUISTO DI BENI E SERVIZI - AICS MAECI - PROGETTO ESPRIT - SENEGAL - INTERINALI - VEDASI CAP. 011480002 ENTRATA - SET. 004 - 1600;base9-multi
DD 8748/2025;097500004005;2025;18.500,00;14;Sviluppo economico e competitività;3;3;TRANSIZIONE ECOLOGICA FONDI ACQUISTO DI BENI E SERVIZI - PROGETTO LET'S GOV - VEDASI CAP. 012700002 ENTRATA - Set.068;exact
DD 8748/2025;097500004006;2025;36.500,00;14;Sviluppo economico e competitività;3;3;APP. AVANZO TRASFERIMENTI 1473- TRANSIZIONE ECOLOGICA FONDI EUROPEI- ACQUISTO DI BENI E SERVIZI - PROGETTO LET'S GOV - VEDASI CAP. 012700002 ENTRATA - Set.068;exact
DD 8748/2025;097200038001;2025;20.000,00;14;Sviluppo economico e competitività;3;3;INNOVAZIONE FONDI EUROPEI - PRESTAZIONI DI SERVIZI - PROGETTO EUROPEO COFARM4CITIES - VEDASI CAP. 12500070001 ENTRATA - settore 068;exact
DD 8748/2025;004300066001;2025;4.800,20;19;Relazioni internazionali;1;3;FONDI EUROPEI - PRESTAZIONI DI SERVIZI - PROGETTO EUROPEO COFARM4CITIES - FINANZ. MINISTERO - VEDASI CAP. 5100011 ENTRATA - sett. 068;exact
DD 8749/2025;136100012002;2025;28.218,60;06;Politiche giovanili, sport e tempo libero;1;2;APP. AVANZO INVESTIMENTI 1547- CENTRI SPORTIVI - ACQUISTO MATERIALE VARIO - S.R.E. IVA - Sett. 10 - R. IVA;exact
DD 8766/2025;108630001002;2026;28.359,27;01;Servizi istituzionali, generali e di gestione;1;2;APP. AVANZO MUTUI - AXTO VALLETTE - MANUTENZIONE STRAORDINARIA COPERTURA E FACCIATE EDIFICIO PIAZZA MONTALE N.10-12 - Settore 030;exact
DD 8782/2025;132200004003;2025;26.755,82;05;Tutela e valorizzazione dei beni e attività culturali;2;2;PNRR M5C2-I2.2 CUP C14H22000020006 PIU A2 -ACQUISTO ATTREZZATURE INFORMATICHE, IMPIANTI AUDIOVISIVI E SISTEMA DI VIDEOSORVEGLIANZA PER LE BIBLIOTECHE CIVICHE TORINESI - VED. CAP. 31520008 E. - S. 25;exact
DD 8828/2025;026900008001;2026;;01;Servizi istituzionali, generali e di gestione;8;3;SISTEMI INFORMATIVI - ACQUISTO DI SERVIZI - SERVIZI DI ENDPOINT MANAGEMENT ASSISTENZA PDL - settore 027;exact
DD 883/2025;136100002004;2025;29.943,68;06;Politiche giovanili, sport e tempo libero;1;2;IMPIANTI SPORTIVI - MANUTENZIONE STRAORDINARIA - S.R.E. IVA - settore 062 - R.IVA;exact
DD 8831/2025;087530002001;2026;8.296,00;12;Diritti sociali, politiche sociali e famiglia;7;3;SERVIZI SOCIALI - FORMAZIONE DEGLI OPERATORI SOCIALI - PRESTAZIONI DI SERVIZI - ATTIVITA' DIDATTICHE - VEDASI CAP.15400 006 ENTRATA - settore 019;exact
DD 8831/2025;087530002001;2027;8.296,00;12;Diritti sociali, politiche sociali e famiglia;7;3;SERVIZI SOCIALI - FORMAZIONE DEGLI OPERATORI SOCIALI - PRESTAZIONI DI SERVIZI - ATTIVITA' DIDATTICHE - VEDASI CAP.15400 006 ENTRATA - settore 019;exact
DD 8895/2025;157400005005;2025;85.314,60;12;Diritti sociali, politiche sociali e famiglia;7;2;APP. AVANZO LEGGI 900 - ACQUISTO BENI IMMOBILI - VEDASI CAP. 29400000 ENTRATA - sett.019;exact
DD 8896/2025;148250005002;2025;36.600,00;11;Soccorso civile;1;2;PROTEZIONE CIVILE - FONDAZIONE CRT - AMMODERNAMENTO DEL SISTEMA DI TELECOMUNICAZIONI ALTERNATIVE DI EMRGENZA DELLA STRUTTURA COMUNALE DELLA PROT. CIVILE DELLA CITTA' - V. CAP. 037800015 E - sett. 028;exact
DD 8900/2025;054300003002;2026;93.593,87;06;Politiche giovanili, sport e tempo libero;1;3;PISCINE APERTE AL PUBBLICO TENNIS E PATTINAGGIO SU GHIACCIO - ACQUISTO DI MATERIALI - S.R.E. IVA - MATERIALI VARI - settore 005;exact
DD 8905/2025;056720011002;2026;37.924,43;01;Servizi istituzionali, generali e di gestione;6;3;INFRASTRUTTURE PER IL COMMERCIO E LO SPORT - ACQUISTO DI BENI E SERVIZI - ALTRE PRESTAZIONI PROFESSIONALI - S.R.E. IVA - settore 062 - R.IVA;exact
DD 8939/2025;048800026001;2025;20.000,00;05;Tutela e valorizzazione dei beni e attività culturali;2;3;BIBLIOTECHE CIVICHE - ACQUISTO DI SERVIZI - TRASPORTI E TRASLOCHI - settore 025;exact
DD 8939/2025;048800026001;2026;85.000,00;05;Tutela e valorizzazione dei beni e attività culturali;2;3;BIBLIOTECHE CIVICHE - ACQUISTO DI SERVIZI - TRASPORTI E TRASLOCHI - settore 025;exact
DD 894/2025;038600005001;2025;14.352,69;04;Istruzione e diritto allo studio;6;3;SCUOLE MATERNE - ACQUISTO DI SERVIZI - PULIZIA - ASSISTENZA EDUCATIVA - SERVIZI ACCESSORI - settore 007;exact
DD 8944/2025;144500001006;2025;8.258,47;08;Assetto del territorio ed edilizia abitativa;1;2;ATTUAZIONE LEGGI NN. 167/62-865/71-10/77-457/78 - OPERE DI URB. PRIM. E SEC. RESTAURI DEL PATRIMONIO COM.LE E RISANAMENTO DI COMPLESSI EDILIZI - VEDANSI CAPP. 36200001/002/003/004/005/006 E - sett 030;exact
DD 8944/2025;144500001006;2026;46.970,00;08;Assetto del territorio ed edilizia abitativa;1;2;ATTUAZIONE LEGGI NN. 167/62-865/71-10/77-457/78 - OPERE DI URB. PRIM. E SEC. RESTAURI DEL PATRIMONIO COM.LE E RISANAMENTO DI COMPLESSI EDILIZI - VEDANSI CAPP. 36200001/002/003/004/005/006 E - sett 030;exact
DD 8970/2025;056720011002;2026;;01;Servizi istituzionali, generali e di gestione;6;3;INFRASTRUTTURE PER IL COMMERCIO E LO SPORT - ACQUISTO DI BENI E SERVIZI - ALTRE PRESTAZIONI PROFESSIONALI - S.R.E. IVA - settore 062 - R.IVA;exact
DD 9008/2025;152000022001;2025;20.497,50;09;Sviluppo sostenibile e tutela del territorio e dell'ambiente;2;5;FPV - PNRR M5C2-I2.2 CUP C18E22000010006 PIU A14-MANUTENZIONE STRAORDINARIA AREE VERDI PARCO TESORIERA E PARCO RIGNON - VEDASI CAP. 31520008 ENTRATA - SETT. 117;base9-multi
DD 9034/2025;155600003001;2025;7.779,20;12;Diritti sociali, politiche sociali e famiglia;3;2;PNRR M5C2-I2.2 CUP C17H22000200006 PIU A24 -INTERVENTO DI MANUTEN. STRAORD. DEL COMPLESSO DELL'EX IRV DI CORSO UNIONE SOVIETICA 220 PER IL POTENZIAMENTO SERVIZI SOCIALI - V. CAP. 31520008 E.- S. 63;exact
DD 9034/2025;155600003001;2026;91.870,86;12;Diritti sociali, politiche sociali e famiglia;3;2;PNRR M5C2-I2.2 CUP C17H22000200006 PIU A24 -INTERVENTO DI MANUTEN. STRAORD. DEL COMPLESSO DELL'EX IRV DI CORSO UNIONE SOVIETICA 220 PER IL POTENZIAMENTO SERVIZI SOCIALI - V. CAP. 31520008 E.- S. 63;exact
DD 9049/2025;136100010002;2025;9.150,00;06;Politiche giovanili, sport e tempo libero;1;2;PNRR M5C2-I2.2 CUP C12H22000010006 PIU A26 - MANUTENZIONE STRAORDINARIA DIFFUSA PISCINE LOMBARDIA E FRANZOJ - S.R.E. IVA - VEDASI CAP. 31520008 ENTRATA - SETT 62;exact
DD 9053/2025;148250005001;2025;13.400,00;11;Soccorso civile;1;2;PROTEZIONE CIVILE - AMMODERNAMENTO TECNOLOGICO DELLA SALA UNITA' DI CRISI - VEDASI CAP. 037800015 ENTRATA - sett. 028;exact
DD 9053/2025;018940003001;2025;20.700,00;01;Servizi istituzionali, generali e di gestione;6;3;SISTEMA SICUREZZA E PRONTO INTERVENTO - PRESTAZIONI DI SERVIZI - ATTUAZIONE DISPOSTI DI LEGGE - D.LGS.81/2008 - settore 111;exact
DD 9053/2025;018940003001;2026;5.156,55;01;Servizi istituzionali, generali e di gestione;6;3;SISTEMA SICUREZZA E PRONTO INTERVENTO - PRESTAZIONI DI SERVIZI - ATTUAZIONE DISPOSTI DI LEGGE - D.LGS.81/2008 - settore 111;exact
DD 9066/2025;108500002008;2025;143.083,28;01;Servizi istituzionali, generali e di gestione;1;2;APP. AVANZO INVESTIMENTI 741 - ORGANI ISTITUZIONALI PARTECIPAZIONE E DECENTRAMENTO - MANUTENZIONE STRAORDINARIA - settore 030;exact
DD 934/2025;047050004001;2025;10.400,00;12;Diritti sociali, politiche sociali e famiglia;1;3;DIREZIONE ISTRUZIONE - PRESTAZIONI DI SERVIZI - INTERVENTI DI ASSISTENZA SPECIALISTICA A FAVORE DI ALUNNI CON DISABILITA' - settore 007;exact
DD 964/2025;051400014002;2025;52.500,00;05;Tutela e valorizzazione dei beni e attività culturali;2;3;CULTURA - PRESTAZIONI DI SERVIZI - INIZIATIVE VARIE DI CARATTERE INTERCULTURALE - VEDASI CAP. 15000006 ENTRATA - settore 045;exact
DD 974/2025;118630008005;2025;37.945,11;01;Servizi istituzionali, generali e di gestione;8;2;SISTEMI INFORMATIVI - PN METRO PLUS - GESTIONE DELLA RELAZIONE CITTADINO - IMPRESE - TO1.1.2.1.E - VEDASI CAP.032500002001 ENTRATA - SETT.27;exact
